worker_id,worker_name,gig_segment,account_tenure_days,kyc_tier,gender,age_band,risk_score,is_active,preferred_channel
val_0,Ngozi Eze,Delivery Rider,618,Tier 0 (Unverified),Male,55+,34.75549783,FALSE,Web
val_1,Sipho Dlamini,Ride-Hailing Driver,398,Tier 2 (ID Verified),Non-Binary,45-54,10.28072431,FALSE,Agent
val_2,Nana Adjei,On-Demand Handyman,950,Tier 2 (ID Verified),Male,35-44,30.20684661,TRUE,Web
val_3,Mary Wairimu,Agricultural Day Labourer,1210,Tier 2 (ID Verified),Non-Binary,18-24,80.67063523,FALSE,Mobile App (Android)
val_4,Mary Wairimu,Informal Vendor,477,Tier 2 (ID Verified),Non-Binary,18-24,49.3479533,FALSE,Mobile App (Android)
val_5,Lungelo Zulu,Tutor / Private Instructor,1400,Tier 0 (Unverified),Male,25-34,17.15727755,TRUE,USSD
val_6,Ngozi Eze,E-commerce Reseller,1166,Tier 1 (Phone Verified),Female,35-44,31.26323726,TRUE,Web
val_7,Efua Antwi,Logistics Driver (Truck/Van),304,Tier 1 (Phone Verified),Male,55+,95.35812797,TRUE,Web
val_8,Yusuf Musa,Agricultural Day Labourer,1713,Tier 3 (Address + Income Verified),Non-Binary,18-24,43.19574881,FALSE,Mobile App (Android)
val_9,Ngozi Eze,Freelance Creative,80,Tier 2 (ID Verified),Female,35-44,44.15992548,FALSE,Mobile App (iOS)
val_10,Ama Owusu,Logistics Driver (Truck/Van),1193,Tier 2 (ID Verified),Female,25-34,15.3069602,FALSE,Agent
val_11,Thandeka Mthembu,Ride-Hailing Driver,802,Tier 2 (ID Verified),Male,18-24,30.45543046,TRUE,Web
val_12,Adwoa Acheampong,Domestic Worker,1193,Tier 1 (Phone Verified),Female,45-54,81.46861329,TRUE,Mobile App (Android)
val_13,Sipho Dlamini,Tutor / Private Instructor,1413,Tier 3 (Address + Income Verified),Female,45-54,78.61989744,FALSE,Mobile App (iOS)
val_14,Kojo Ofori,On-Demand Handyman,1254,Tier 2 (ID Verified),Male,55+,43.54987989,TRUE,Mobile App (Android)
val_15,Nomvula Khumalo,Tutor / Private Instructor,1188,Tier 3 (Address + Income Verified),Prefer Not to Say,35-44,89.36522622,FALSE,Web
val_16,Kwame Asante,Ride-Hailing Driver,1535,Tier 2 (ID Verified),Female,25-34,38.02589171,TRUE,WhatsApp Bot
val_17,Amara Nwosu,E-commerce Reseller,1281,Tier 2 (ID Verified),Male,55+,86.43295798,FALSE,Web
val_18,Zanele Mokoena,Informal Vendor,1485,Tier 0 (Unverified),Non-Binary,25-34,3.156555058,TRUE,Web
val_19,James Kipkoech,On-Demand Handyman,735,Tier 2 (ID Verified),Female,45-54,34.72302902,TRUE,Web
val_20,Kwame Asante,Online Freelancer (Tech/Design),370,Tier 0 (Unverified),Female,55+,85.5068478,TRUE,WhatsApp Bot
val_21,David Mwangi,Mobile Money Agent,429,Tier 2 (ID Verified),Non-Binary,18-24,90.13095615,TRUE,Mobile App (iOS)
val_22,Fatima Abdullahi,Agricultural Day Labourer,1117,Tier 2 (ID Verified),Male,55+,75.64240412,FALSE,Mobile App (Android)
val_23,Bongani Ndlovu,Mobile Money Agent,971,Tier 2 (ID Verified),Non-Binary,25-34,66.98658169,FALSE,WhatsApp Bot
val_24,Nomvula Khumalo,Online Freelancer (Tech/Design),140,Tier 1 (Phone Verified),Male,35-44,81.55049095,FALSE,USSD
val_25,Akosua Sarpong,Motorcycle Taxi Rider (Boda-Boda/Okada),373,Tier 0 (Unverified),Male,25-34,70.75581882,TRUE,Mobile App (iOS)
val_26,Kevin Odhiambo,Food Delivery Courier,1766,Tier 2 (ID Verified),Male,18-24,25.42209545,FALSE,Web
val_27,Thabo Nkosi,Motorcycle Taxi Rider (Boda-Boda/Okada),1326,Tier 2 (ID Verified),Male,45-54,46.62369007,FALSE,Web
val_28,Ama Owusu,Agricultural Day Labourer,1378,Tier 1 (Phone Verified),Female,35-44,66.07049979,TRUE,Web
val_29,Mary Wairimu,Food Delivery Courier,359,Tier 2 (ID Verified),Prefer Not to Say,35-44,58.78027571,TRUE,Mobile App (iOS)
val_30,James Kipkoech,Freelance Creative,117,Tier 3 (Address + Income Verified),Prefer Not to Say,35-44,88.50976071,TRUE,WhatsApp Bot
val_31,Chidinma Okeke,Logistics Driver (Truck/Van),531,Tier 2 (ID Verified),Male,45-54,47.38446404,TRUE,Mobile App (Android)
val_32,Ngozi Eze,Market Trader,1564,Tier 0 (Unverified),Prefer Not to Say,55+,17.7987378,FALSE,USSD
val_33,Kofi Mensah,Delivery Rider,924,Tier 3 (Address + Income Verified),Non-Binary,35-44,21.45820374,TRUE,Agent
val_34,Palesa Motsepe,Ride-Hailing Driver,1432,Tier 1 (Phone Verified),Non-Binary,18-24,84.60565589,TRUE,Mobile App (Android)
val_35,Tunde Adeyemi,Food Delivery Courier,888,Tier 2 (ID Verified),Prefer Not to Say,25-34,0.872095422,TRUE,Mobile App (iOS)
val_36,Lungelo Zulu,Online Freelancer (Tech/Design),895,Tier 3 (Address + Income Verified),Female,35-44,86.9130362,TRUE,Mobile App (iOS)
val_37,Zanele Mokoena,Domestic Worker,1097,Tier 1 (Phone Verified),Female,18-24,5.55880856,FALSE,Mobile App (Android)
val_38,Grace Wanjiku,Tutor / Private Instructor,1751,Tier 2 (ID Verified),Non-Binary,25-34,39.16584681,TRUE,WhatsApp Bot
val_39,Akosua Sarpong,Food Delivery Courier,798,Tier 0 (Unverified),Non-Binary,25-34,80.01762274,FALSE,Mobile App (iOS)
val_40,Emeka Obi,Market Trader,1087,Tier 3 (Address + Income Verified),Non-Binary,55+,40.76153768,FALSE,Web
val_41,Sipho Dlamini,Delivery Rider,1678,Tier 0 (Unverified),Male,35-44,82.23481871,FALSE,USSD
val_42,Kojo Ofori,Market Trader,679,Tier 2 (ID Verified),Prefer Not to Say,55+,10.02988345,TRUE,WhatsApp Bot
val_43,David Mwangi,Domestic Worker,1533,Tier 1 (Phone Verified),Female,35-44,51.15422264,FALSE,WhatsApp Bot
val_44,Tunde Adeyemi,Logistics Driver (Truck/Van),977,Tier 0 (Unverified),Prefer Not to Say,35-44,58.2474018,TRUE,USSD
val_45,Lerato Molefe,Market Trader,1605,Tier 1 (Phone Verified),Female,55+,89.08685972,TRUE,Agent
val_46,Mary Wairimu,Informal Vendor,854,Tier 3 (Address + Income Verified),Male,45-54,9.362140634,TRUE,Agent
val_47,Palesa Motsepe,On-Demand Handyman,1149,Tier 0 (Unverified),Prefer Not to Say,25-34,33.86006853,TRUE,Mobile App (Android)
val_48,Efua Antwi,Freelance Creative,590,Tier 1 (Phone Verified),Non-Binary,25-34,65.93480949,TRUE,Web
val_49,Nomvula Khumalo,Online Freelancer (Tech/Design),1159,Tier 0 (Unverified),Male,45-54,97.99300819,FALSE,Web
val_50,Sipho Dlamini,Mobile Money Agent,595,Tier 0 (Unverified),Male,18-24,84.8274324,FALSE,WhatsApp Bot
val_51,Fatima Abdullahi,Delivery Rider,1112,Tier 0 (Unverified),Male,18-24,84.64950617,TRUE,Agent
val_52,David Mwangi,Tutor / Private Instructor,1440,Tier 2 (ID Verified),Male,18-24,51.71825294,TRUE,Web
val_53,James Kipkoech,Online Freelancer (Tech/Design),794,Tier 3 (Address + Income Verified),Prefer Not to Say,45-54,56.42991221,TRUE,Web
val_54,Lydia Chebet,Ride-Hailing Driver,783,Tier 2 (ID Verified),Male,35-44,85.85800941,TRUE,Web
val_55,Aisha Bello,Online Freelancer (Tech/Design),588,Tier 3 (Address + Income Verified),Male,18-24,86.96255863,TRUE,Agent
val_56,Ama Owusu,Tutor / Private Instructor,1333,Tier 2 (ID Verified),Prefer Not to Say,45-54,80.22745655,FALSE,Web
val_57,Emeka Obi,Logistics Driver (Truck/Van),1080,Tier 1 (Phone Verified),Prefer Not to Say,45-54,81.85712752,FALSE,USSD
val_58,Adwoa Acheampong,Food Delivery Courier,943,Tier 3 (Address + Income Verified),Male,45-54,87.9629859,FALSE,Agent
val_59,Efua Antwi,On-Demand Handyman,46,Tier 0 (Unverified),Non-Binary,18-24,11.37819311,TRUE,Mobile App (Android)
val_60,Mpho Sithole,Domestic Worker,201,Tier 2 (ID Verified),Non-Binary,55+,29.26393769,FALSE,Mobile App (iOS)
val_61,Adwoa Acheampong,On-Demand Handyman,13,Tier 0 (Unverified),Non-Binary,18-24,97.6113534,TRUE,Web
val_62,David Mwangi,On-Demand Handyman,1552,Tier 3 (Address + Income Verified),Female,35-44,54.477616,FALSE,USSD
val_63,Lerato Molefe,On-Demand Handyman,1555,Tier 0 (Unverified),Prefer Not to Say,35-44,17.646386,FALSE,Web
val_64,Kevin Odhiambo,E-commerce Reseller,124,Tier 0 (Unverified),Prefer Not to Say,25-34,50.30556332,TRUE,Mobile App (Android)
val_65,Esther Njeri,Agricultural Day Labourer,84,Tier 1 (Phone Verified),Non-Binary,25-34,64.57841753,FALSE,Web
val_66,Mpho Sithole,E-commerce Reseller,1426,Tier 2 (ID Verified),Prefer Not to Say,18-24,82.82219839,TRUE,Web
val_67,David Mwangi,Ride-Hailing Driver,958,Tier 0 (Unverified),Male,35-44,81.2176726,TRUE,USSD
val_68,Ngozi Eze,Ride-Hailing Driver,564,Tier 1 (Phone Verified),Non-Binary,45-54,4.924149333,FALSE,Mobile App (Android)
val_69,James Kipkoech,Tutor / Private Instructor,1122,Tier 1 (Phone Verified),Prefer Not to Say,25-34,45.3524987,FALSE,Web
val_70,Nomvula Khumalo,Online Freelancer (Tech/Design),431,Tier 2 (ID Verified),Non-Binary,35-44,2.056905619,FALSE,Mobile App (iOS)
val_71,Fatima Abdullahi,Domestic Worker,361,Tier 3 (Address + Income Verified),Prefer Not to Say,55+,88.81561237,TRUE,Mobile App (iOS)
val_72,James Kipkoech,Delivery Rider,671,Tier 2 (ID Verified),Female,25-34,17.39060755,TRUE,USSD
val_73,Amara Nwosu,Informal Vendor,1635,Tier 2 (ID Verified),Prefer Not to Say,25-34,62.48746952,TRUE,Web
val_74,Efua Antwi,Delivery Rider,1400,Tier 1 (Phone Verified),Prefer Not to Say,18-24,57.06183713,FALSE,USSD
val_75,Lydia Chebet,Market Trader,347,Tier 3 (Address + Income Verified),Non-Binary,35-44,62.55294346,TRUE,Mobile App (Android)
val_76,Esther Njeri,Freelance Creative,1025,Tier 0 (Unverified),Non-Binary,25-34,56.34166228,FALSE,Mobile App (iOS)
val_77,Chidinma Okeke,Ride-Hailing Driver,1615,Tier 0 (Unverified),Non-Binary,55+,71.55886774,TRUE,Web
val_78,Kofi Mensah,Logistics Driver (Truck/Van),1737,Tier 0 (Unverified),Female,25-34,62.6109966,TRUE,Mobile App (iOS)
val_79,Nana Adjei,E-commerce Reseller,1393,Tier 1 (Phone Verified),Non-Binary,45-54,9.030024677,TRUE,WhatsApp Bot
val_80,Bongani Ndlovu,Freelance Creative,235,Tier 1 (Phone Verified),Prefer Not to Say,18-24,36.6767951,TRUE,Agent
val_81,Mary Wairimu,E-commerce Reseller,439,Tier 3 (Address + Income Verified),Male,25-34,54.65934359,FALSE,Mobile App (Android)
val_82,Emeka Obi,Ride-Hailing Driver,399,Tier 2 (ID Verified),Male,18-24,32.51974259,TRUE,Mobile App (Android)
val_83,Zanele Mokoena,Mobile Money Agent,275,Tier 1 (Phone Verified),Female,35-44,76.03308848,TRUE,Web
val_84,Akosua Sarpong,E-commerce Reseller,320,Tier 0 (Unverified),Female,18-24,31.78977151,FALSE,Mobile App (iOS)
val_85,Kojo Ofori,Market Trader,577,Tier 2 (ID Verified),Non-Binary,18-24,82.86841743,FALSE,Agent
val_86,Ngozi Eze,Logistics Driver (Truck/Van),1014,Tier 1 (Phone Verified),Female,35-44,14.6733721,FALSE,Mobile App (iOS)
val_87,Samuel Kamau,Food Delivery Courier,726,Tier 3 (Address + Income Verified),Non-Binary,35-44,76.9392565,TRUE,Mobile App (Android)
val_88,Sipho Dlamini,Delivery Rider,768,Tier 1 (Phone Verified),Male,25-34,18.34654408,FALSE,Agent
val_89,Zanele Mokoena,E-commerce Reseller,448,Tier 2 (ID Verified),Female,35-44,52.80152804,TRUE,Mobile App (Android)
val_90,Mary Wairimu,Online Freelancer (Tech/Design),275,Tier 3 (Address + Income Verified),Non-Binary,35-44,32.0524373,FALSE,WhatsApp Bot
val_91,Thabo Nkosi,Market Trader,1823,Tier 1 (Phone Verified),Female,45-54,63.7334436,FALSE,Web
val_92,Zanele Mokoena,Ride-Hailing Driver,1093,Tier 1 (Phone Verified),Non-Binary,35-44,21.27404098,FALSE,Web
val_93,Faith Achieng,Tutor / Private Instructor,419,Tier 2 (ID Verified),Non-Binary,55+,79.54097334,FALSE,Mobile App (Android)
val_94,Palesa Motsepe,Mobile Money Agent,1479,Tier 1 (Phone Verified),Female,25-34,57.35838664,FALSE,USSD
val_95,Grace Wanjiku,Delivery Rider,1516,Tier 0 (Unverified),Female,18-24,95.72731541,TRUE,USSD
val_96,Chidinma Okeke,On-Demand Handyman,1765,Tier 1 (Phone Verified),Prefer Not to Say,35-44,71.17703289,FALSE,WhatsApp Bot
val_97,Efua Antwi,Freelance Creative,290,Tier 0 (Unverified),Prefer Not to Say,18-24,60.73955395,TRUE,WhatsApp Bot
val_98,Akosua Sarpong,Tutor / Private Instructor,1168,Tier 2 (ID Verified),Male,45-54,82.91586904,FALSE,Web
val_99,Amara Nwosu,Freelance Creative,1789,Tier 0 (Unverified),Non-Binary,25-34,21.96825678,FALSE,Agent
val_100,Zanele Mokoena,Domestic Worker,1472,Tier 1 (Phone Verified),Female,25-34,63.27424609,TRUE,Mobile App (Android)
val_101,Fatima Abdullahi,Domestic Worker,411,Tier 3 (Address + Income Verified),Male,35-44,39.04038496,TRUE,Web
val_102,Thabo Nkosi,Food Delivery Courier,1630,Tier 2 (ID Verified),Non-Binary,18-24,74.37909791,FALSE,Agent
val_103,Chukwuemeka Okonkwo,E-commerce Reseller,770,Tier 2 (ID Verified),Male,25-34,2.446940949,FALSE,Agent
val_104,Nomvula Khumalo,Motorcycle Taxi Rider (Boda-Boda/Okada),892,Tier 2 (ID Verified),Female,55+,42.77120965,TRUE,USSD
val_105,Nomvula Khumalo,On-Demand Handyman,1019,Tier 1 (Phone Verified),Non-Binary,45-54,65.17019018,FALSE,Agent
val_106,Nomvula Khumalo,Informal Vendor,1408,Tier 2 (ID Verified),Prefer Not to Say,35-44,46.06393364,FALSE,Web
val_107,Nana Adjei,Tutor / Private Instructor,219,Tier 0 (Unverified),Female,35-44,23.79715957,TRUE,Web
val_108,James Kipkoech,Freelance Creative,984,Tier 2 (ID Verified),Prefer Not to Say,35-44,46.43492517,TRUE,USSD
val_109,Kojo Ofori,Freelance Creative,1491,Tier 2 (ID Verified),Prefer Not to Say,55+,84.97445255,FALSE,USSD
val_110,Grace Wanjiku,Domestic Worker,1001,Tier 3 (Address + Income Verified),Female,55+,20.68390173,TRUE,WhatsApp Bot
val_111,Nomvula Khumalo,Agricultural Day Labourer,501,Tier 3 (Address + Income Verified),Male,35-44,36.71721636,TRUE,Mobile App (Android)
val_112,Kofi Mensah,Tutor / Private Instructor,102,Tier 0 (Unverified),Non-Binary,55+,99.03355215,FALSE,Mobile App (iOS)
val_113,James Kipkoech,Ride-Hailing Driver,1002,Tier 1 (Phone Verified),Male,18-24,91.28171689,FALSE,Agent
val_114,Kwame Asante,Food Delivery Courier,1284,Tier 2 (ID Verified),Prefer Not to Say,25-34,3.396834213,FALSE,Mobile App (iOS)
val_115,Kofi Mensah,Food Delivery Courier,1003,Tier 1 (Phone Verified),Female,25-34,53.03319676,FALSE,WhatsApp Bot
val_116,Aisha Bello,Food Delivery Courier,1788,Tier 2 (ID Verified),Prefer Not to Say,45-54,6.541302685,TRUE,WhatsApp Bot
val_117,Amara Nwosu,Mobile Money Agent,1100,Tier 3 (Address + Income Verified),Non-Binary,45-54,92.39049237,FALSE,Mobile App (iOS)
val_118,Chidinma Okeke,Online Freelancer (Tech/Design),928,Tier 1 (Phone Verified),Female,35-44,44.15449127,FALSE,Mobile App (Android)
val_119,Babatunde Fashola,Ride-Hailing Driver,101,Tier 3 (Address + Income Verified),Prefer Not to Say,25-34,41.84370039,FALSE,WhatsApp Bot
val_120,Mary Wairimu,Logistics Driver (Truck/Van),1019,Tier 3 (Address + Income Verified),Prefer Not to Say,35-44,27.29460318,FALSE,Web
val_121,Nana Adjei,On-Demand Handyman,307,Tier 3 (Address + Income Verified),Prefer Not to Say,25-34,56.88189804,FALSE,Web
val_122,Nana Adjei,On-Demand Handyman,1323,Tier 0 (Unverified),Male,35-44,14.4998723,TRUE,Mobile App (iOS)
val_123,James Kipkoech,Agricultural Day Labourer,294,Tier 1 (Phone Verified),Female,25-34,79.89550005,TRUE,Mobile App (iOS)
val_124,Lungelo Zulu,Motorcycle Taxi Rider (Boda-Boda/Okada),1655,Tier 0 (Unverified),Prefer Not to Say,55+,49.12103448,FALSE,Mobile App (Android)
val_125,Kofi Mensah,Informal Vendor,551,Tier 0 (Unverified),Prefer Not to Say,45-54,56.64628913,TRUE,Mobile App (iOS)
val_126,Ngozi Eze,Food Delivery Courier,792,Tier 0 (Unverified),Female,18-24,84.08047477,FALSE,Agent
val_127,Sipho Dlamini,E-commerce Reseller,264,Tier 1 (Phone Verified),Male,55+,18.51487739,TRUE,USSD
val_128,Kofi Mensah,Agricultural Day Labourer,384,Tier 0 (Unverified),Female,45-54,17.51830733,FALSE,Agent
val_129,Akosua Sarpong,On-Demand Handyman,1683,Tier 1 (Phone Verified),Non-Binary,25-34,42.08016729,TRUE,Agent
val_130,Kofi Mensah,Freelance Creative,518,Tier 3 (Address + Income Verified),Non-Binary,35-44,78.61282412,FALSE,WhatsApp Bot
val_131,Kofi Mensah,Market Trader,936,Tier 3 (Address + Income Verified),Prefer Not to Say,18-24,5.854555352,FALSE,USSD
val_132,Ngozi Eze,E-commerce Reseller,1792,Tier 3 (Address + Income Verified),Male,18-24,79.51702039,TRUE,Mobile App (Android)
val_133,Kofi Mensah,Ride-Hailing Driver,1138,Tier 0 (Unverified),Female,35-44,50.07565936,TRUE,Mobile App (iOS)
val_134,Nomvula Khumalo,Agricultural Day Labourer,76,Tier 2 (ID Verified),Female,45-54,56.17634499,FALSE,WhatsApp Bot
val_135,Samuel Kamau,Motorcycle Taxi Rider (Boda-Boda/Okada),652,Tier 2 (ID Verified),Prefer Not to Say,25-34,56.43859383,FALSE,Mobile App (Android)
val_136,Yaw Darko,Mobile Money Agent,706,Tier 0 (Unverified),Male,25-34,5.616738896,FALSE,WhatsApp Bot
val_137,Aisha Bello,On-Demand Handyman,504,Tier 3 (Address + Income Verified),Male,55+,24.97707977,TRUE,WhatsApp Bot
val_138,Esther Njeri,Motorcycle Taxi Rider (Boda-Boda/Okada),440,Tier 1 (Phone Verified),Female,55+,75.52974515,TRUE,USSD
val_139,Mary Wairimu,Tutor / Private Instructor,918,Tier 3 (Address + Income Verified),Male,35-44,41.22681195,TRUE,Mobile App (iOS)
val_140,Thandeka Mthembu,Market Trader,688,Tier 0 (Unverified),Non-Binary,18-24,56.05169823,FALSE,Mobile App (Android)
val_141,Yusuf Musa,Ride-Hailing Driver,537,Tier 2 (ID Verified),Non-Binary,45-54,94.4868622,TRUE,Mobile App (iOS)
val_142,Grace Wanjiku,On-Demand Handyman,754,Tier 0 (Unverified),Non-Binary,45-54,4.627176832,TRUE,WhatsApp Bot
val_143,Kevin Odhiambo,Domestic Worker,627,Tier 3 (Address + Income Verified),Prefer Not to Say,55+,44.96803657,FALSE,Mobile App (iOS)
val_144,Thandeka Mthembu,On-Demand Handyman,417,Tier 2 (ID Verified),Female,55+,36.12741328,FALSE,Agent
val_145,Lungelo Zulu,Informal Vendor,826,Tier 0 (Unverified),Female,45-54,10.64494262,TRUE,USSD
val_146,Aisha Bello,E-commerce Reseller,1720,Tier 0 (Unverified),Female,18-24,95.07943488,TRUE,Agent
val_147,Chidinma Okeke,Logistics Driver (Truck/Van),923,Tier 1 (Phone Verified),Prefer Not to Say,25-34,96.14595897,TRUE,Mobile App (iOS)
val_148,Thabo Nkosi,Market Trader,1091,Tier 0 (Unverified),Non-Binary,45-54,31.14881542,FALSE,WhatsApp Bot
val_149,Tunde Adeyemi,Domestic Worker,1797,Tier 0 (Unverified),Male,45-54,94.67166107,TRUE,Web
val_150,Lungelo Zulu,Delivery Rider,1120,Tier 3 (Address + Income Verified),Non-Binary,35-44,3.517360672,FALSE,Mobile App (Android)
val_151,Grace Wanjiku,On-Demand Handyman,407,Tier 3 (Address + Income Verified),Non-Binary,35-44,98.08959903,FALSE,Agent
val_152,Mpho Sithole,Food Delivery Courier,727,Tier 2 (ID Verified),Male,45-54,83.59320164,TRUE,Mobile App (iOS)
val_153,Grace Wanjiku,Agricultural Day Labourer,891,Tier 3 (Address + Income Verified),Non-Binary,35-44,21.43302208,TRUE,Mobile App (iOS)
val_154,Mary Wairimu,Logistics Driver (Truck/Van),866,Tier 2 (ID Verified),Non-Binary,18-24,59.95471539,FALSE,Mobile App (iOS)
val_155,Nana Adjei,Logistics Driver (Truck/Van),273,Tier 0 (Unverified),Male,55+,79.82993624,FALSE,Web
val_156,Amara Nwosu,Online Freelancer (Tech/Design),193,Tier 2 (ID Verified),Male,25-34,31.9298964,FALSE,Mobile App (Android)
val_157,Kofi Mensah,Motorcycle Taxi Rider (Boda-Boda/Okada),639,Tier 0 (Unverified),Non-Binary,25-34,35.37517921,TRUE,USSD
val_158,Kwame Asante,Delivery Rider,1669,Tier 3 (Address + Income Verified),Non-Binary,18-24,62.89727756,FALSE,Mobile App (Android)
val_159,Nomvula Khumalo,Online Freelancer (Tech/Design),1309,Tier 1 (Phone Verified),Non-Binary,35-44,14.70940509,TRUE,Web
val_160,Thandeka Mthembu,Market Trader,1536,Tier 0 (Unverified),Female,55+,11.82106097,TRUE,Mobile App (Android)
val_161,Nana Adjei,Ride-Hailing Driver,318,Tier 1 (Phone Verified),Non-Binary,18-24,24.98052781,FALSE,USSD
val_162,Kevin Odhiambo,Freelance Creative,756,Tier 2 (ID Verified),Prefer Not to Say,25-34,74.12597453,FALSE,Mobile App (iOS)
val_163,Kevin Odhiambo,Logistics Driver (Truck/Van),1061,Tier 3 (Address + Income Verified),Male,18-24,36.65992264,FALSE,WhatsApp Bot
val_164,Kevin Odhiambo,Market Trader,793,Tier 2 (ID Verified),Non-Binary,18-24,50.73582217,TRUE,WhatsApp Bot
val_165,Thabo Nkosi,Motorcycle Taxi Rider (Boda-Boda/Okada),760,Tier 0 (Unverified),Male,45-54,19.54505568,FALSE,WhatsApp Bot
val_166,Samuel Kamau,Agricultural Day Labourer,656,Tier 3 (Address + Income Verified),Male,25-34,19.41056673,TRUE,Web
val_167,Emeka Obi,Delivery Rider,94,Tier 3 (Address + Income Verified),Prefer Not to Say,45-54,65.04512592,TRUE,Web
val_168,Esther Njeri,Market Trader,1565,Tier 1 (Phone Verified),Male,35-44,10.83752519,TRUE,Web
val_169,Chukwuemeka Okonkwo,Ride-Hailing Driver,1703,Tier 2 (ID Verified),Non-Binary,45-54,66.78407272,FALSE,USSD
val_170,Babatunde Fashola,On-Demand Handyman,147,Tier 3 (Address + Income Verified),Non-Binary,18-24,40.07018523,TRUE,Mobile App (iOS)
val_171,Ngozi Eze,Mobile Money Agent,755,Tier 1 (Phone Verified),Prefer Not to Say,25-34,67.12709136,FALSE,Agent
val_172,Sipho Dlamini,Online Freelancer (Tech/Design),945,Tier 0 (Unverified),Non-Binary,35-44,38.1729477,FALSE,Mobile App (iOS)
val_173,Kojo Ofori,Market Trader,1431,Tier 0 (Unverified),Non-Binary,18-24,84.60521836,FALSE,Web
val_174,Efua Antwi,Food Delivery Courier,1801,Tier 2 (ID Verified),Prefer Not to Say,35-44,5.555616922,FALSE,WhatsApp Bot
val_175,James Kipkoech,Delivery Rider,760,Tier 3 (Address + Income Verified),Prefer Not to Say,35-44,89.32973118,TRUE,Agent
val_176,Kojo Ofori,Food Delivery Courier,1367,Tier 2 (ID Verified),Non-Binary,35-44,26.86611772,TRUE,USSD
val_177,Emeka Obi,Mobile Money Agent,1711,Tier 2 (ID Verified),Male,35-44,4.254220997,TRUE,Mobile App (iOS)
val_178,Mpho Sithole,Motorcycle Taxi Rider (Boda-Boda/Okada),1516,Tier 1 (Phone Verified),Male,45-54,56.24044219,FALSE,Mobile App (Android)
val_179,Kwame Asante,Mobile Money Agent,530,Tier 1 (Phone Verified),Female,45-54,22.43542304,TRUE,Mobile App (iOS)
val_180,Bongani Ndlovu,Logistics Driver (Truck/Van),1492,Tier 0 (Unverified),Non-Binary,18-24,45.92031232,TRUE,Mobile App (Android)
val_181,Emeka Obi,Informal Vendor,752,Tier 1 (Phone Verified),Non-Binary,45-54,80.23142061,FALSE,USSD
val_182,Lydia Chebet,On-Demand Handyman,31,Tier 2 (ID Verified),Prefer Not to Say,55+,79.15467607,TRUE,Mobile App (Android)
val_183,Efua Antwi,Online Freelancer (Tech/Design),1385,Tier 3 (Address + Income Verified),Male,55+,60.03856163,FALSE,Mobile App (iOS)
val_184,Lydia Chebet,Informal Vendor,1525,Tier 3 (Address + Income Verified),Male,25-34,97.78719087,TRUE,USSD
val_185,Mary Wairimu,On-Demand Handyman,627,Tier 3 (Address + Income Verified),Male,45-54,46.37510952,TRUE,USSD
val_186,Emeka Obi,Logistics Driver (Truck/Van),823,Tier 0 (Unverified),Non-Binary,55+,3.938839035,TRUE,Mobile App (Android)
val_187,Faith Achieng,Motorcycle Taxi Rider (Boda-Boda/Okada),665,Tier 3 (Address + Income Verified),Non-Binary,25-34,81.94251498,TRUE,Agent
val_188,Chidinma Okeke,Logistics Driver (Truck/Van),213,Tier 0 (Unverified),Male,55+,22.12938701,TRUE,Agent
val_189,Samuel Kamau,Freelance Creative,1816,Tier 2 (ID Verified),Prefer Not to Say,45-54,17.6238809,TRUE,Mobile App (iOS)
val_190,Efua Antwi,Agricultural Day Labourer,41,Tier 3 (Address + Income Verified),Female,45-54,7.000992197,TRUE,Agent
val_191,Akosua Sarpong,Online Freelancer (Tech/Design),1014,Tier 3 (Address + Income Verified),Non-Binary,45-54,32.78999436,TRUE,Mobile App (Android)
val_192,Yaw Darko,E-commerce Reseller,27,Tier 2 (ID Verified),Prefer Not to Say,45-54,32.61589671,TRUE,Web
val_193,David Mwangi,Motorcycle Taxi Rider (Boda-Boda/Okada),1258,Tier 1 (Phone Verified),Male,55+,30.2771532,FALSE,USSD
val_194,Lerato Molefe,Market Trader,1644,Tier 2 (ID Verified),Prefer Not to Say,55+,59.31929398,FALSE,USSD
val_195,Ngozi Eze,Mobile Money Agent,1174,Tier 2 (ID Verified),Prefer Not to Say,35-44,75.15421693,TRUE,WhatsApp Bot
val_196,Esther Njeri,Tutor / Private Instructor,1106,Tier 2 (ID Verified),Prefer Not to Say,35-44,93.77667186,FALSE,Mobile App (iOS)
val_197,Babatunde Fashola,Tutor / Private Instructor,1511,Tier 1 (Phone Verified),Male,45-54,9.405007868,TRUE,Agent
val_198,Esther Njeri,Domestic Worker,1778,Tier 1 (Phone Verified),Female,55+,15.03818325,TRUE,Mobile App (iOS)
val_199,Lerato Molefe,Tutor / Private Instructor,1573,Tier 2 (ID Verified),Male,25-34,58.98425105,TRUE,Agent
val_200,David Mwangi,Mobile Money Agent,422,Tier 0 (Unverified),Female,25-34,9.813559388,TRUE,Web
val_201,Mpho Sithole,Mobile Money Agent,1028,Tier 3 (Address + Income Verified),Prefer Not to Say,45-54,37.07642846,TRUE,Web
val_202,Lydia Chebet,Logistics Driver (Truck/Van),1495,Tier 0 (Unverified),Prefer Not to Say,55+,62.45522305,FALSE,Mobile App (Android)
val_203,Efua Antwi,Agricultural Day Labourer,537,Tier 3 (Address + Income Verified),Prefer Not to Say,55+,78.0545032,FALSE,Agent
val_204,James Kipkoech,E-commerce Reseller,1232,Tier 0 (Unverified),Female,18-24,21.75992875,TRUE,Web
val_205,Brian Otieno,Mobile Money Agent,41,Tier 2 (ID Verified),Prefer Not to Say,55+,66.79855641,TRUE,Mobile App (iOS)
val_206,Sipho Dlamini,Agricultural Day Labourer,1602,Tier 1 (Phone Verified),Prefer Not to Say,45-54,64.58696658,FALSE,Mobile App (iOS)
val_207,Lerato Molefe,Informal Vendor,1121,Tier 2 (ID Verified),Prefer Not to Say,18-24,85.96161263,FALSE,Agent
val_208,Brian Otieno,E-commerce Reseller,1356,Tier 1 (Phone Verified),Prefer Not to Say,18-24,31.37474958,TRUE,Agent
val_209,Nomvula Khumalo,Ride-Hailing Driver,1507,Tier 3 (Address + Income Verified),Non-Binary,25-34,75.00918649,FALSE,Mobile App (Android)
val_210,Brian Otieno,Motorcycle Taxi Rider (Boda-Boda/Okada),399,Tier 0 (Unverified),Male,55+,75.19998644,TRUE,WhatsApp Bot
val_211,Kojo Ofori,Delivery Rider,822,Tier 3 (Address + Income Verified),Female,45-54,23.9194542,FALSE,Agent
val_212,Nomvula Khumalo,Mobile Money Agent,1567,Tier 2 (ID Verified),Prefer Not to Say,35-44,62.11578378,FALSE,Agent
val_213,Mary Wairimu,On-Demand Handyman,300,Tier 3 (Address + Income Verified),Female,45-54,67.51620877,TRUE,Mobile App (Android)
val_214,Adwoa Acheampong,Logistics Driver (Truck/Van),1501,Tier 0 (Unverified),Male,35-44,27.44284126,FALSE,Web
val_215,Brian Otieno,Food Delivery Courier,526,Tier 0 (Unverified),Prefer Not to Say,55+,45.17999954,FALSE,WhatsApp Bot
val_216,Ngozi Eze,Informal Vendor,1050,Tier 1 (Phone Verified),Female,18-24,43.57777273,FALSE,Web
val_217,Ngozi Eze,On-Demand Handyman,931,Tier 1 (Phone Verified),Prefer Not to Say,25-34,77.35095684,FALSE,Agent
val_218,Mary Wairimu,Ride-Hailing Driver,1253,Tier 3 (Address + Income Verified),Female,25-34,0.069125591,FALSE,Agent
val_219,Mpho Sithole,Market Trader,1527,Tier 3 (Address + Income Verified),Female,55+,50.10266115,TRUE,Mobile App (Android)
val_220,Amara Nwosu,Freelance Creative,637,Tier 1 (Phone Verified),Female,35-44,18.43408136,FALSE,USSD
val_221,James Kipkoech,Online Freelancer (Tech/Design),313,Tier 3 (Address + Income Verified),Female,45-54,64.68419681,FALSE,Agent
val_222,Kojo Ofori,Online Freelancer (Tech/Design),772,Tier 0 (Unverified),Female,55+,68.0368863,FALSE,Mobile App (Android)
val_223,Yusuf Musa,Logistics Driver (Truck/Van),1117,Tier 2 (ID Verified),Female,18-24,50.11265087,TRUE,USSD
val_224,Kojo Ofori,E-commerce Reseller,1370,Tier 0 (Unverified),Prefer Not to Say,55+,54.20295418,FALSE,Web
val_225,Samuel Kamau,E-commerce Reseller,1375,Tier 2 (ID Verified),Female,18-24,31.50581891,TRUE,Mobile App (iOS)
val_226,Thabo Nkosi,Freelance Creative,620,Tier 1 (Phone Verified),Female,45-54,31.33226793,FALSE,WhatsApp Bot
val_227,Abena Boateng,Informal Vendor,1709,Tier 1 (Phone Verified),Prefer Not to Say,45-54,74.51170599,TRUE,WhatsApp Bot
val_228,Ama Owusu,Motorcycle Taxi Rider (Boda-Boda/Okada),151,Tier 1 (Phone Verified),Female,55+,13.17313674,TRUE,USSD
val_229,Fatima Abdullahi,Freelance Creative,213,Tier 1 (Phone Verified),Male,18-24,77.15033147,FALSE,Web
val_230,James Kipkoech,Delivery Rider,45,Tier 3 (Address + Income Verified),Male,55+,65.50131816,TRUE,Mobile App (iOS)
val_231,Lungelo Zulu,E-commerce Reseller,1691,Tier 3 (Address + Income Verified),Female,45-54,88.44746847,TRUE,Web
val_232,Chukwuemeka Okonkwo,Freelance Creative,328,Tier 1 (Phone Verified),Non-Binary,18-24,26.01446922,TRUE,USSD
val_233,Sipho Dlamini,Delivery Rider,1098,Tier 1 (Phone Verified),Prefer Not to Say,35-44,50.61790518,TRUE,Mobile App (iOS)
val_234,Lydia Chebet,Market Trader,1484,Tier 2 (ID Verified),Male,55+,3.898951153,TRUE,Agent
val_235,Kojo Ofori,Logistics Driver (Truck/Van),1399,Tier 2 (ID Verified),Non-Binary,35-44,91.25065751,TRUE,Mobile App (iOS)
val_236,Nana Adjei,Domestic Worker,1732,Tier 0 (Unverified),Female,25-34,67.53914607,FALSE,Agent
val_237,Mary Wairimu,Logistics Driver (Truck/Van),98,Tier 2 (ID Verified),Female,25-34,62.28752491,TRUE,USSD
val_238,Samuel Kamau,Online Freelancer (Tech/Design),743,Tier 3 (Address + Income Verified),Female,35-44,73.2689201,TRUE,USSD
val_239,Akosua Sarpong,Online Freelancer (Tech/Design),924,Tier 3 (Address + Income Verified),Female,55+,28.43288568,TRUE,Agent
val_240,Amara Nwosu,Market Trader,1271,Tier 2 (ID Verified),Male,45-54,60.38602688,FALSE,Mobile App (iOS)
val_241,Abena Boateng,Online Freelancer (Tech/Design),1136,Tier 1 (Phone Verified),Male,45-54,80.09219104,FALSE,Agent
val_242,Ngozi Eze,Online Freelancer (Tech/Design),1022,Tier 1 (Phone Verified),Non-Binary,45-54,9.02944447,TRUE,Mobile App (iOS)
val_243,Akosua Sarpong,Tutor / Private Instructor,560,Tier 2 (ID Verified),Male,45-54,95.88168893,TRUE,USSD
val_244,Akosua Sarpong,Market Trader,194,Tier 1 (Phone Verified),Female,35-44,89.18868025,TRUE,Web
val_245,Ngozi Eze,Food Delivery Courier,788,Tier 0 (Unverified),Male,45-54,96.30188339,FALSE,USSD
val_246,Sipho Dlamini,Domestic Worker,474,Tier 2 (ID Verified),Male,25-34,80.8348509,TRUE,Web
val_247,Kevin Odhiambo,Online Freelancer (Tech/Design),1012,Tier 0 (Unverified),Male,35-44,29.43110924,FALSE,USSD
val_248,Nomvula Khumalo,Online Freelancer (Tech/Design),1455,Tier 3 (Address + Income Verified),Female,25-34,58.15554676,FALSE,WhatsApp Bot
val_249,Aisha Bello,Domestic Worker,1008,Tier 1 (Phone Verified),Male,55+,12.01624222,FALSE,Mobile App (Android)
val_250,Fatima Abdullahi,Delivery Rider,1064,Tier 1 (Phone Verified),Male,45-54,75.41667317,FALSE,WhatsApp Bot
val_251,Lydia Chebet,Mobile Money Agent,76,Tier 0 (Unverified),Female,35-44,15.3639666,FALSE,USSD
val_252,Fatima Abdullahi,Agricultural Day Labourer,1177,Tier 0 (Unverified),Female,35-44,86.68239349,TRUE,Mobile App (iOS)
val_253,Esther Njeri,Domestic Worker,802,Tier 3 (Address + Income Verified),Male,35-44,24.05569525,TRUE,Mobile App (iOS)
val_254,Nana Adjei,Market Trader,225,Tier 2 (ID Verified),Male,45-54,16.04119073,TRUE,USSD
val_255,Amara Nwosu,Market Trader,390,Tier 3 (Address + Income Verified),Prefer Not to Say,25-34,7.090436369,FALSE,Mobile App (iOS)
val_256,Efua Antwi,Ride-Hailing Driver,1425,Tier 3 (Address + Income Verified),Non-Binary,55+,71.13651281,TRUE,Mobile App (Android)
val_257,Babatunde Fashola,Freelance Creative,1673,Tier 0 (Unverified),Male,25-34,18.62037769,TRUE,Mobile App (iOS)
val_258,Fatima Abdullahi,Agricultural Day Labourer,927,Tier 1 (Phone Verified),Female,18-24,19.76678121,FALSE,Mobile App (iOS)
val_259,Abena Boateng,Food Delivery Courier,1783,Tier 3 (Address + Income Verified),Female,45-54,16.96966039,TRUE,Mobile App (Android)
val_260,Nomvula Khumalo,Tutor / Private Instructor,328,Tier 1 (Phone Verified),Prefer Not to Say,45-54,30.57951225,TRUE,Web
val_261,Emeka Obi,Motorcycle Taxi Rider (Boda-Boda/Okada),547,Tier 2 (ID Verified),Prefer Not to Say,25-34,94.12114341,TRUE,Agent
val_262,Grace Wanjiku,Domestic Worker,1698,Tier 2 (ID Verified),Prefer Not to Say,45-54,48.66216779,FALSE,WhatsApp Bot
val_263,Bongani Ndlovu,E-commerce Reseller,319,Tier 2 (ID Verified),Male,45-54,26.08779393,FALSE,Web
val_264,Thandeka Mthembu,Logistics Driver (Truck/Van),1204,Tier 3 (Address + Income Verified),Female,45-54,17.03907597,FALSE,Mobile App (Android)
val_265,Abena Boateng,Online Freelancer (Tech/Design),400,Tier 3 (Address + Income Verified),Female,55+,1.890141971,FALSE,Mobile App (Android)
val_266,Mary Wairimu,Domestic Worker,604,Tier 2 (ID Verified),Non-Binary,55+,36.49926471,TRUE,WhatsApp Bot
val_267,Esther Njeri,On-Demand Handyman,872,Tier 2 (ID Verified),Prefer Not to Say,35-44,11.00614742,TRUE,Mobile App (Android)
val_268,Yaw Darko,Agricultural Day Labourer,657,Tier 1 (Phone Verified),Female,25-34,2.701199567,FALSE,USSD
val_269,Abena Boateng,E-commerce Reseller,1596,Tier 0 (Unverified),Non-Binary,18-24,10.29797059,FALSE,Agent
val_270,Grace Wanjiku,Delivery Rider,1776,Tier 2 (ID Verified),Female,35-44,31.85215164,TRUE,WhatsApp Bot
val_271,Chukwuemeka Okonkwo,Mobile Money Agent,913,Tier 0 (Unverified),Male,45-54,75.08637014,TRUE,Mobile App (Android)
val_272,Emeka Obi,Food Delivery Courier,959,Tier 2 (ID Verified),Female,45-54,6.698625117,TRUE,Agent
val_273,Lerato Molefe,Mobile Money Agent,101,Tier 1 (Phone Verified),Non-Binary,18-24,67.86739238,TRUE,Mobile App (iOS)
val_274,Kevin Odhiambo,On-Demand Handyman,427,Tier 3 (Address + Income Verified),Female,45-54,62.05425288,FALSE,Mobile App (iOS)
val_275,Lydia Chebet,Food Delivery Courier,72,Tier 3 (Address + Income Verified),Non-Binary,45-54,88.19902055,TRUE,Mobile App (iOS)
val_276,James Kipkoech,Food Delivery Courier,1564,Tier 2 (ID Verified),Non-Binary,45-54,18.39870085,FALSE,USSD
val_277,Nomvula Khumalo,Logistics Driver (Truck/Van),415,Tier 2 (ID Verified),Female,35-44,79.42677057,FALSE,Mobile App (iOS)
val_278,Tunde Adeyemi,Market Trader,621,Tier 1 (Phone Verified),Prefer Not to Say,18-24,86.4865217,FALSE,Mobile App (Android)
val_279,Ngozi Eze,Delivery Rider,1538,Tier 1 (Phone Verified),Male,35-44,97.64841317,TRUE,Web
val_280,Grace Wanjiku,Agricultural Day Labourer,1302,Tier 0 (Unverified),Prefer Not to Say,45-54,80.8549358,FALSE,Mobile App (Android)
val_281,Lydia Chebet,Agricultural Day Labourer,1134,Tier 0 (Unverified),Male,35-44,12.37682008,TRUE,WhatsApp Bot
val_282,Nana Adjei,Logistics Driver (Truck/Van),70,Tier 2 (ID Verified),Female,35-44,94.71290102,FALSE,USSD
val_283,Lydia Chebet,Informal Vendor,1027,Tier 3 (Address + Income Verified),Prefer Not to Say,35-44,81.49920528,TRUE,Mobile App (iOS)
val_284,Mary Wairimu,Tutor / Private Instructor,1024,Tier 0 (Unverified),Non-Binary,35-44,21.23251845,FALSE,Mobile App (Android)
val_285,Bongani Ndlovu,Domestic Worker,582,Tier 1 (Phone Verified),Female,25-34,16.51974005,FALSE,Mobile App (iOS)
val_286,Emeka Obi,Freelance Creative,1360,Tier 2 (ID Verified),Prefer Not to Say,45-54,93.64141504,TRUE,Web
val_287,Kofi Mensah,Logistics Driver (Truck/Van),1697,Tier 2 (ID Verified),Male,25-34,15.56986261,FALSE,WhatsApp Bot
val_288,Ama Owusu,Food Delivery Courier,472,Tier 2 (ID Verified),Non-Binary,35-44,77.71033854,FALSE,Web
val_289,James Kipkoech,Freelance Creative,604,Tier 2 (ID Verified),Non-Binary,35-44,40.52592543,TRUE,Agent
val_290,Thabo Nkosi,Logistics Driver (Truck/Van),588,Tier 0 (Unverified),Male,45-54,72.38052655,FALSE,Agent
val_291,Brian Otieno,Online Freelancer (Tech/Design),1524,Tier 1 (Phone Verified),Prefer Not to Say,55+,9.185138017,FALSE,WhatsApp Bot
val_292,Lerato Molefe,Market Trader,142,Tier 1 (Phone Verified),Prefer Not to Say,45-54,72.50582877,TRUE,WhatsApp Bot
val_293,Esther Njeri,Agricultural Day Labourer,1635,Tier 0 (Unverified),Male,18-24,51.19113773,FALSE,Web
val_294,Ama Owusu,Online Freelancer (Tech/Design),1415,Tier 1 (Phone Verified),Male,45-54,90.03783853,FALSE,USSD
val_295,Kwame Asante,Informal Vendor,882,Tier 1 (Phone Verified),Male,25-34,18.83984172,TRUE,Mobile App (Android)
val_296,Zanele Mokoena,Ride-Hailing Driver,1065,Tier 3 (Address + Income Verified),Female,18-24,10.9356078,FALSE,Mobile App (Android)
val_297,Mary Wairimu,On-Demand Handyman,1632,Tier 1 (Phone Verified),Female,18-24,19.62202985,TRUE,Mobile App (Android)
val_298,Grace Wanjiku,Delivery Rider,1405,Tier 3 (Address + Income Verified),Non-Binary,55+,7.857536725,FALSE,WhatsApp Bot
val_299,Chukwuemeka Okonkwo,Logistics Driver (Truck/Van),505,Tier 2 (ID Verified),Non-Binary,35-44,98.01505409,FALSE,USSD
val_300,David Mwangi,Motorcycle Taxi Rider (Boda-Boda/Okada),92,Tier 2 (ID Verified),Male,25-34,12.28566259,TRUE,WhatsApp Bot
val_301,Zanele Mokoena,Tutor / Private Instructor,1202,Tier 3 (Address + Income Verified),Female,18-24,20.08509456,TRUE,Web
val_302,Chukwuemeka Okonkwo,Delivery Rider,266,Tier 3 (Address + Income Verified),Prefer Not to Say,45-54,80.96857473,TRUE,Agent
val_303,Palesa Motsepe,Mobile Money Agent,160,Tier 0 (Unverified),Prefer Not to Say,45-54,24.67543957,TRUE,Mobile App (Android)
val_304,Ama Owusu,Food Delivery Courier,1793,Tier 1 (Phone Verified),Female,25-34,22.22933402,TRUE,Mobile App (Android)
val_305,Amara Nwosu,Logistics Driver (Truck/Van),865,Tier 2 (ID Verified),Male,18-24,67.23097804,FALSE,Web
val_306,Samuel Kamau,Market Trader,1188,Tier 3 (Address + Income Verified),Male,25-34,39.87652304,FALSE,Web
val_307,Kofi Mensah,Informal Vendor,396,Tier 0 (Unverified),Female,45-54,83.54791538,FALSE,Agent
val_308,Samuel Kamau,Motorcycle Taxi Rider (Boda-Boda/Okada),185,Tier 1 (Phone Verified),Female,18-24,63.82693457,FALSE,Agent
val_309,Babatunde Fashola,Mobile Money Agent,114,Tier 0 (Unverified),Female,25-34,28.82147171,FALSE,Web
val_310,Nana Adjei,Online Freelancer (Tech/Design),647,Tier 0 (Unverified),Male,18-24,59.79232756,TRUE,Web
val_311,Nana Adjei,Online Freelancer (Tech/Design),6,Tier 3 (Address + Income Verified),Female,35-44,86.64616215,FALSE,Web
val_312,Babatunde Fashola,Food Delivery Courier,767,Tier 0 (Unverified),Female,18-24,36.44829606,FALSE,Mobile App (Android)
val_313,Grace Wanjiku,Market Trader,592,Tier 3 (Address + Income Verified),Female,18-24,73.64707215,TRUE,USSD
val_314,Chidinma Okeke,Mobile Money Agent,961,Tier 3 (Address + Income Verified),Male,18-24,41.58329804,TRUE,Mobile App (iOS)
val_315,Nana Adjei,Domestic Worker,1076,Tier 3 (Address + Income Verified),Prefer Not to Say,45-54,54.30733978,FALSE,Mobile App (iOS)
val_316,Adwoa Acheampong,Domestic Worker,563,Tier 0 (Unverified),Female,35-44,73.37000278,TRUE,Mobile App (iOS)
val_317,Adwoa Acheampong,Motorcycle Taxi Rider (Boda-Boda/Okada),831,Tier 0 (Unverified),Female,55+,6.052737131,TRUE,Agent
val_318,Bongani Ndlovu,Informal Vendor,142,Tier 1 (Phone Verified),Prefer Not to Say,25-34,45.49495223,TRUE,WhatsApp Bot
val_319,Sipho Dlamini,Food Delivery Courier,551,Tier 2 (ID Verified),Non-Binary,25-34,9.521351599,FALSE,Web
val_320,Samuel Kamau,Freelance Creative,1786,Tier 3 (Address + Income Verified),Male,25-34,72.50055445,TRUE,Web
val_321,Babatunde Fashola,Logistics Driver (Truck/Van),1809,Tier 1 (Phone Verified),Male,55+,60.78062652,TRUE,Web
val_322,Yaw Darko,Agricultural Day Labourer,887,Tier 0 (Unverified),Male,35-44,32.69296604,TRUE,Mobile App (iOS)
val_323,Mpho Sithole,Market Trader,1715,Tier 3 (Address + Income Verified),Non-Binary,25-34,7.628151339,TRUE,Agent
val_324,Thandeka Mthembu,Online Freelancer (Tech/Design),915,Tier 3 (Address + Income Verified),Female,45-54,92.5802462,TRUE,Mobile App (iOS)
val_325,Chidinma Okeke,Market Trader,229,Tier 2 (ID Verified),Female,35-44,31.50037205,TRUE,Web
val_326,Chidinma Okeke,Domestic Worker,1584,Tier 2 (ID Verified),Non-Binary,18-24,27.53767774,TRUE,WhatsApp Bot
val_327,Aisha Bello,Food Delivery Courier,757,Tier 3 (Address + Income Verified),Non-Binary,45-54,10.10049709,FALSE,Mobile App (iOS)
val_328,Amara Nwosu,Delivery Rider,1118,Tier 1 (Phone Verified),Male,18-24,57.73532091,TRUE,Web
val_329,Kofi Mensah,E-commerce Reseller,1184,Tier 0 (Unverified),Male,18-24,26.56534554,FALSE,USSD
val_330,Ama Owusu,Domestic Worker,562,Tier 2 (ID Verified),Prefer Not to Say,45-54,84.28530822,TRUE,Mobile App (iOS)
val_331,David Mwangi,Logistics Driver (Truck/Van),1339,Tier 1 (Phone Verified),Prefer Not to Say,35-44,68.27667836,FALSE,WhatsApp Bot
val_332,Samuel Kamau,Market Trader,915,Tier 3 (Address + Income Verified),Prefer Not to Say,25-34,0.391490581,TRUE,Web
val_333,Zanele Mokoena,Online Freelancer (Tech/Design),668,Tier 3 (Address + Income Verified),Prefer Not to Say,18-24,56.56746117,TRUE,Agent
val_334,James Kipkoech,On-Demand Handyman,543,Tier 1 (Phone Verified),Female,35-44,23.18346768,TRUE,Mobile App (Android)
val_335,Thabo Nkosi,Motorcycle Taxi Rider (Boda-Boda/Okada),1362,Tier 1 (Phone Verified),Prefer Not to Say,45-54,1.536712003,TRUE,Web
val_336,Lerato Molefe,Informal Vendor,455,Tier 1 (Phone Verified),Prefer Not to Say,25-34,61.9367163,FALSE,WhatsApp Bot
val_337,Samuel Kamau,Domestic Worker,226,Tier 2 (ID Verified),Prefer Not to Say,35-44,20.49143602,FALSE,Mobile App (iOS)
val_338,Yusuf Musa,Market Trader,1610,Tier 2 (ID Verified),Male,25-34,89.963581,TRUE,Web
val_339,Lerato Molefe,E-commerce Reseller,605,Tier 2 (ID Verified),Male,55+,57.3380741,TRUE,Agent
val_340,Akosua Sarpong,Freelance Creative,1170,Tier 2 (ID Verified),Female,45-54,20.91851097,FALSE,Mobile App (iOS)
val_341,Grace Wanjiku,On-Demand Handyman,1308,Tier 3 (Address + Income Verified),Non-Binary,25-34,97.91274397,FALSE,Mobile App (Android)
val_342,Yaw Darko,Domestic Worker,1530,Tier 1 (Phone Verified),Prefer Not to Say,35-44,54.64415666,FALSE,Agent
val_343,Kwame Asante,Mobile Money Agent,1142,Tier 0 (Unverified),Female,55+,16.54721721,FALSE,Mobile App (iOS)
val_344,Mpho Sithole,Freelance Creative,1292,Tier 3 (Address + Income Verified),Prefer Not to Say,25-34,51.72421702,TRUE,Agent
val_345,Brian Otieno,Market Trader,1528,Tier 3 (Address + Income Verified),Prefer Not to Say,18-24,95.93490582,FALSE,USSD
val_346,Thandeka Mthembu,E-commerce Reseller,1722,Tier 2 (ID Verified),Prefer Not to Say,25-34,42.42102308,TRUE,Mobile App (iOS)
val_347,Bongani Ndlovu,E-commerce Reseller,85,Tier 1 (Phone Verified),Male,45-54,42.53455119,TRUE,Web
val_348,Fatima Abdullahi,Freelance Creative,1357,Tier 1 (Phone Verified),Male,55+,46.11267222,FALSE,WhatsApp Bot
val_349,Emeka Obi,Domestic Worker,318,Tier 1 (Phone Verified),Male,25-34,28.01035512,FALSE,Mobile App (Android)
val_350,Ama Owusu,Food Delivery Courier,1627,Tier 0 (Unverified),Non-Binary,18-24,16.1783613,FALSE,Agent
val_351,Aisha Bello,E-commerce Reseller,88,Tier 2 (ID Verified),Non-Binary,18-24,57.89277034,FALSE,Mobile App (Android)
val_352,Grace Wanjiku,Motorcycle Taxi Rider (Boda-Boda/Okada),450,Tier 1 (Phone Verified),Female,35-44,89.42001967,FALSE,Web
val_353,Mary Wairimu,E-commerce Reseller,350,Tier 1 (Phone Verified),Male,18-24,73.57297419,FALSE,Mobile App (iOS)
val_354,Lerato Molefe,Informal Vendor,1101,Tier 2 (ID Verified),Non-Binary,18-24,9.618740764,FALSE,Web
val_355,Thandeka Mthembu,Logistics Driver (Truck/Van),7,Tier 3 (Address + Income Verified),Non-Binary,45-54,40.08489761,FALSE,Mobile App (iOS)
val_356,Emeka Obi,Agricultural Day Labourer,31,Tier 0 (Unverified),Female,55+,0.529587991,TRUE,Mobile App (Android)
val_357,Palesa Motsepe,Informal Vendor,920,Tier 3 (Address + Income Verified),Female,25-34,30.79403859,TRUE,Agent
val_358,Ngozi Eze,Ride-Hailing Driver,1774,Tier 2 (ID Verified),Non-Binary,35-44,66.93765926,TRUE,Agent
val_359,Adwoa Acheampong,Market Trader,964,Tier 3 (Address + Income Verified),Non-Binary,35-44,29.02342835,FALSE,Web
val_360,Zanele Mokoena,On-Demand Handyman,814,Tier 1 (Phone Verified),Non-Binary,45-54,84.05583191,TRUE,Web
val_361,Palesa Motsepe,Logistics Driver (Truck/Van),1201,Tier 3 (Address + Income Verified),Prefer Not to Say,55+,47.73842135,TRUE,Web
val_362,Yusuf Musa,Domestic Worker,1007,Tier 2 (ID Verified),Female,55+,66.91681628,FALSE,WhatsApp Bot
val_363,Palesa Motsepe,Logistics Driver (Truck/Van),702,Tier 2 (ID Verified),Non-Binary,25-34,88.38652233,FALSE,Mobile App (iOS)
val_364,Babatunde Fashola,Freelance Creative,1074,Tier 2 (ID Verified),Prefer Not to Say,55+,68.28103086,FALSE,Agent
val_365,Kwame Asante,Delivery Rider,5,Tier 1 (Phone Verified),Male,18-24,89.73262043,FALSE,Mobile App (iOS)
val_366,James Kipkoech,Motorcycle Taxi Rider (Boda-Boda/Okada),446,Tier 2 (ID Verified),Female,55+,80.80653559,FALSE,Agent
val_367,Samuel Kamau,Domestic Worker,1230,Tier 3 (Address + Income Verified),Male,18-24,56.70642454,FALSE,USSD
val_368,Chukwuemeka Okonkwo,On-Demand Handyman,623,Tier 3 (Address + Income Verified),Female,18-24,29.72331,TRUE,WhatsApp Bot
val_369,Sipho Dlamini,Freelance Creative,99,Tier 0 (Unverified),Male,18-24,29.81424047,TRUE,Agent
val_370,Esther Njeri,Informal Vendor,227,Tier 2 (ID Verified),Non-Binary,18-24,87.53310899,TRUE,Agent
val_371,Nana Adjei,Informal Vendor,1581,Tier 3 (Address + Income Verified),Male,35-44,5.388422974,FALSE,WhatsApp Bot
val_372,Kevin Odhiambo,Market Trader,601,Tier 2 (ID Verified),Non-Binary,45-54,94.14368481,FALSE,Mobile App (iOS)
val_373,David Mwangi,Food Delivery Courier,41,Tier 1 (Phone Verified),Non-Binary,45-54,32.70598002,TRUE,Mobile App (iOS)
val_374,Palesa Motsepe,Informal Vendor,1330,Tier 1 (Phone Verified),Prefer Not to Say,18-24,73.88710598,FALSE,Agent
val_375,Ngozi Eze,Agricultural Day Labourer,968,Tier 2 (ID Verified),Female,25-34,33.00297526,TRUE,WhatsApp Bot
val_376,Adwoa Acheampong,Delivery Rider,824,Tier 2 (ID Verified),Female,18-24,95.33013892,FALSE,Mobile App (Android)
val_377,Adwoa Acheampong,Food Delivery Courier,1634,Tier 1 (Phone Verified),Male,18-24,3.647403016,FALSE,USSD
val_378,Faith Achieng,E-commerce Reseller,572,Tier 1 (Phone Verified),Non-Binary,45-54,35.33188766,TRUE,USSD
val_379,Brian Otieno,E-commerce Reseller,1045,Tier 1 (Phone Verified),Male,45-54,86.7461047,TRUE,Web
val_380,Chukwuemeka Okonkwo,Delivery Rider,1360,Tier 0 (Unverified),Male,25-34,27.40565391,TRUE,USSD
val_381,Bongani Ndlovu,Tutor / Private Instructor,1110,Tier 0 (Unverified),Prefer Not to Say,25-34,27.56194766,TRUE,Web
val_382,Bongani Ndlovu,Market Trader,379,Tier 0 (Unverified),Non-Binary,55+,89.87518161,FALSE,WhatsApp Bot
val_383,Chidinma Okeke,Market Trader,1244,Tier 1 (Phone Verified),Male,35-44,83.05822532,FALSE,Web
val_384,Aisha Bello,Ride-Hailing Driver,1357,Tier 2 (ID Verified),Non-Binary,25-34,10.57711953,FALSE,Mobile App (Android)
val_385,Babatunde Fashola,Online Freelancer (Tech/Design),223,Tier 1 (Phone Verified),Female,55+,58.01799099,FALSE,Agent
val_386,Tunde Adeyemi,Food Delivery Courier,302,Tier 3 (Address + Income Verified),Male,18-24,22.33951883,TRUE,Mobile App (iOS)
val_387,Zanele Mokoena,Tutor / Private Instructor,1232,Tier 0 (Unverified),Female,25-34,21.51382718,FALSE,USSD
val_388,Palesa Motsepe,E-commerce Reseller,217,Tier 1 (Phone Verified),Prefer Not to Say,45-54,61.54039869,TRUE,Mobile App (Android)
val_389,Emeka Obi,Online Freelancer (Tech/Design),1607,Tier 0 (Unverified),Male,35-44,12.38661642,FALSE,Web
val_390,Adwoa Acheampong,Delivery Rider,200,Tier 1 (Phone Verified),Female,18-24,46.9779001,TRUE,Agent
val_391,Fatima Abdullahi,Delivery Rider,1778,Tier 2 (ID Verified),Prefer Not to Say,55+,25.58217343,FALSE,Mobile App (iOS)
val_392,David Mwangi,Logistics Driver (Truck/Van),1226,Tier 1 (Phone Verified),Female,25-34,85.39224726,FALSE,Web
val_393,Abena Boateng,Logistics Driver (Truck/Van),809,Tier 1 (Phone Verified),Male,45-54,55.44942324,TRUE,Agent
val_394,Kojo Ofori,Domestic Worker,490,Tier 2 (ID Verified),Female,25-34,21.51088313,TRUE,WhatsApp Bot
val_395,Lungelo Zulu,Ride-Hailing Driver,629,Tier 3 (Address + Income Verified),Non-Binary,45-54,92.64656527,TRUE,USSD
val_396,Aisha Bello,Tutor / Private Instructor,1366,Tier 0 (Unverified),Prefer Not to Say,55+,82.28965304,TRUE,Mobile App (Android)
val_397,Fatima Abdullahi,Market Trader,1375,Tier 0 (Unverified),Non-Binary,45-54,26.52922304,FALSE,Mobile App (Android)
val_398,Grace Wanjiku,Tutor / Private Instructor,381,Tier 0 (Unverified),Male,55+,96.10509078,FALSE,Mobile App (iOS)
val_399,Samuel Kamau,Online Freelancer (Tech/Design),991,Tier 2 (ID Verified),Prefer Not to Say,35-44,26.77389171,FALSE,WhatsApp Bot
val_400,Thandeka Mthembu,Logistics Driver (Truck/Van),1813,Tier 3 (Address + Income Verified),Prefer Not to Say,18-24,29.2643122,TRUE,Mobile App (iOS)
val_401,Nomvula Khumalo,Agricultural Day Labourer,469,Tier 0 (Unverified),Non-Binary,35-44,38.59633543,TRUE,Mobile App (Android)
val_402,Samuel Kamau,Agricultural Day Labourer,1266,Tier 0 (Unverified),Prefer Not to Say,35-44,16.48052205,TRUE,USSD
val_403,Lerato Molefe,E-commerce Reseller,314,Tier 2 (ID Verified),Prefer Not to Say,45-54,68.70161387,TRUE,Mobile App (iOS)
val_404,Lydia Chebet,Ride-Hailing Driver,1523,Tier 3 (Address + Income Verified),Male,25-34,55.73373258,TRUE,Mobile App (Android)
val_405,Kwame Asante,Market Trader,310,Tier 2 (ID Verified),Female,45-54,89.44624816,FALSE,Mobile App (Android)
val_406,Mary Wairimu,Agricultural Day Labourer,543,Tier 3 (Address + Income Verified),Non-Binary,35-44,24.08752256,TRUE,USSD
val_407,Amara Nwosu,Logistics Driver (Truck/Van),838,Tier 2 (ID Verified),Female,45-54,17.02308866,FALSE,Agent
val_408,Bongani Ndlovu,Domestic Worker,676,Tier 0 (Unverified),Non-Binary,35-44,35.86233927,FALSE,Web
val_409,Chukwuemeka Okonkwo,Agricultural Day Labourer,310,Tier 1 (Phone Verified),Non-Binary,25-34,14.61086835,FALSE,Web
val_410,Emeka Obi,Ride-Hailing Driver,1170,Tier 3 (Address + Income Verified),Male,25-34,94.61510282,FALSE,USSD
val_411,Chidinma Okeke,E-commerce Reseller,36,Tier 2 (ID Verified),Non-Binary,55+,71.74466969,FALSE,WhatsApp Bot
val_412,Grace Wanjiku,E-commerce Reseller,1795,Tier 0 (Unverified),Male,18-24,79.61916546,TRUE,Agent
val_413,Amara Nwosu,Online Freelancer (Tech/Design),95,Tier 0 (Unverified),Non-Binary,25-34,74.80436234,FALSE,Agent
val_414,Chukwuemeka Okonkwo,Freelance Creative,609,Tier 2 (ID Verified),Female,35-44,24.28191748,TRUE,WhatsApp Bot
val_415,Efua Antwi,Food Delivery Courier,1697,Tier 1 (Phone Verified),Male,18-24,14.0656638,FALSE,Mobile App (Android)
val_416,Lerato Molefe,Market Trader,283,Tier 2 (ID Verified),Prefer Not to Say,55+,42.9433583,FALSE,Agent
val_417,Babatunde Fashola,Delivery Rider,133,Tier 1 (Phone Verified),Female,25-34,82.90191218,TRUE,USSD
val_418,Grace Wanjiku,Domestic Worker,1358,Tier 1 (Phone Verified),Male,25-34,33.05153286,FALSE,Mobile App (iOS)
val_419,Kwame Asante,On-Demand Handyman,133,Tier 2 (ID Verified),Female,25-34,0.956294223,FALSE,Mobile App (Android)
val_420,Bongani Ndlovu,Logistics Driver (Truck/Van),1642,Tier 0 (Unverified),Prefer Not to Say,18-24,66.00607021,FALSE,Mobile App (Android)
val_421,Efua Antwi,Tutor / Private Instructor,823,Tier 1 (Phone Verified),Male,45-54,20.00630709,FALSE,Agent
val_422,Sipho Dlamini,Motorcycle Taxi Rider (Boda-Boda/Okada),1587,Tier 1 (Phone Verified),Female,35-44,54.28351624,TRUE,USSD
val_423,Abena Boateng,Food Delivery Courier,447,Tier 3 (Address + Income Verified),Female,25-34,1.488005003,FALSE,WhatsApp Bot
val_424,Kevin Odhiambo,Freelance Creative,257,Tier 2 (ID Verified),Prefer Not to Say,55+,50.88498556,FALSE,Mobile App (Android)
val_425,Fatima Abdullahi,Food Delivery Courier,1757,Tier 1 (Phone Verified),Male,45-54,39.36084858,TRUE,USSD
val_426,Lungelo Zulu,Logistics Driver (Truck/Van),1391,Tier 1 (Phone Verified),Male,35-44,88.0411987,FALSE,Mobile App (iOS)
val_427,Thabo Nkosi,Delivery Rider,1663,Tier 0 (Unverified),Non-Binary,35-44,72.18137994,FALSE,Mobile App (iOS)
val_428,Aisha Bello,Ride-Hailing Driver,584,Tier 0 (Unverified),Male,45-54,3.60281549,TRUE,Agent
val_429,Kojo Ofori,Logistics Driver (Truck/Van),739,Tier 1 (Phone Verified),Non-Binary,18-24,78.95223966,FALSE,Web
val_430,Ngozi Eze,Tutor / Private Instructor,1054,Tier 3 (Address + Income Verified),Female,55+,79.12274544,TRUE,Agent
val_431,Adwoa Acheampong,Food Delivery Courier,819,Tier 0 (Unverified),Non-Binary,25-34,66.34095483,TRUE,Agent
val_432,Zanele Mokoena,Freelance Creative,443,Tier 0 (Unverified),Male,18-24,92.92967359,FALSE,Web
val_433,Amara Nwosu,E-commerce Reseller,684,Tier 2 (ID Verified),Non-Binary,35-44,80.32535277,FALSE,Agent
val_434,Mary Wairimu,E-commerce Reseller,1111,Tier 0 (Unverified),Non-Binary,55+,21.88986646,FALSE,USSD
val_435,Babatunde Fashola,Tutor / Private Instructor,69,Tier 3 (Address + Income Verified),Male,45-54,38.1545885,FALSE,Mobile App (iOS)
val_436,Kofi Mensah,Mobile Money Agent,613,Tier 3 (Address + Income Verified),Female,25-34,34.99232224,TRUE,Web
val_437,Bongani Ndlovu,Ride-Hailing Driver,534,Tier 3 (Address + Income Verified),Male,25-34,50.49078164,FALSE,Mobile App (Android)
val_438,Ngozi Eze,Mobile Money Agent,128,Tier 1 (Phone Verified),Male,35-44,95.37136202,FALSE,WhatsApp Bot
val_439,Faith Achieng,Domestic Worker,224,Tier 1 (Phone Verified),Non-Binary,25-34,61.55983684,FALSE,Mobile App (iOS)
val_440,Lerato Molefe,E-commerce Reseller,905,Tier 1 (Phone Verified),Female,55+,31.29390594,FALSE,Mobile App (Android)
val_441,Samuel Kamau,E-commerce Reseller,186,Tier 0 (Unverified),Prefer Not to Say,25-34,94.15177384,TRUE,Mobile App (iOS)
val_442,Amara Nwosu,Online Freelancer (Tech/Design),629,Tier 2 (ID Verified),Female,25-34,70.02714728,FALSE,Agent
val_443,Lydia Chebet,Logistics Driver (Truck/Van),1024,Tier 3 (Address + Income Verified),Non-Binary,18-24,26.60805235,FALSE,Web
val_444,Kwame Asante,Food Delivery Courier,1595,Tier 1 (Phone Verified),Non-Binary,45-54,90.65127688,FALSE,Mobile App (Android)
val_445,Nana Adjei,Market Trader,180,Tier 0 (Unverified),Non-Binary,18-24,34.42128978,TRUE,Mobile App (Android)
val_446,Samuel Kamau,Agricultural Day Labourer,793,Tier 2 (ID Verified),Prefer Not to Say,55+,51.62112756,TRUE,USSD
val_447,Lerato Molefe,Mobile Money Agent,187,Tier 1 (Phone Verified),Non-Binary,55+,47.92228457,FALSE,Mobile App (iOS)
val_448,Kwame Asante,Mobile Money Agent,782,Tier 3 (Address + Income Verified),Non-Binary,18-24,92.36308733,FALSE,WhatsApp Bot
val_449,Grace Wanjiku,Delivery Rider,877,Tier 3 (Address + Income Verified),Non-Binary,18-24,26.56633594,FALSE,WhatsApp Bot
val_450,Lerato Molefe,Food Delivery Courier,1459,Tier 3 (Address + Income Verified),Female,55+,33.33067469,FALSE,Agent
val_451,Mpho Sithole,Informal Vendor,807,Tier 1 (Phone Verified),Non-Binary,18-24,66.01601833,FALSE,Agent
val_452,Lydia Chebet,Logistics Driver (Truck/Van),1708,Tier 3 (Address + Income Verified),Prefer Not to Say,35-44,88.66157029,TRUE,Agent
val_453,Chukwuemeka Okonkwo,Informal Vendor,251,Tier 0 (Unverified),Non-Binary,55+,11.48840907,FALSE,Mobile App (Android)
val_454,Abena Boateng,Freelance Creative,97,Tier 1 (Phone Verified),Non-Binary,18-24,20.98835189,TRUE,Mobile App (iOS)
val_455,Kofi Mensah,Delivery Rider,8,Tier 1 (Phone Verified),Male,45-54,94.80344825,FALSE,WhatsApp Bot
val_456,Amara Nwosu,Delivery Rider,651,Tier 3 (Address + Income Verified),Female,25-34,77.72971044,TRUE,Agent
val_457,Akosua Sarpong,Market Trader,352,Tier 2 (ID Verified),Male,35-44,34.60697675,TRUE,Mobile App (Android)
val_458,Zanele Mokoena,E-commerce Reseller,167,Tier 1 (Phone Verified),Male,55+,35.76348081,TRUE,USSD
val_459,Babatunde Fashola,Online Freelancer (Tech/Design),430,Tier 0 (Unverified),Female,45-54,46.95338707,TRUE,Web
val_460,Kojo Ofori,Online Freelancer (Tech/Design),1780,Tier 3 (Address + Income Verified),Female,25-34,67.37994998,FALSE,WhatsApp Bot
val_461,Amara Nwosu,Ride-Hailing Driver,1461,Tier 2 (ID Verified),Non-Binary,55+,56.10411047,TRUE,USSD
val_462,Adwoa Acheampong,Agricultural Day Labourer,33,Tier 3 (Address + Income Verified),Prefer Not to Say,35-44,77.61199525,FALSE,Mobile App (iOS)
val_463,Kevin Odhiambo,Freelance Creative,1671,Tier 1 (Phone Verified),Prefer Not to Say,18-24,5.416679178,FALSE,WhatsApp Bot
val_464,Chukwuemeka Okonkwo,Delivery Rider,374,Tier 0 (Unverified),Female,25-34,81.90407425,FALSE,Mobile App (Android)
val_465,Lerato Molefe,Domestic Worker,741,Tier 1 (Phone Verified),Female,25-34,5.805135175,FALSE,Mobile App (Android)
val_466,Emeka Obi,Ride-Hailing Driver,598,Tier 2 (ID Verified),Non-Binary,45-54,88.0973925,TRUE,Mobile App (iOS)
val_467,Abena Boateng,Market Trader,739,Tier 0 (Unverified),Female,55+,4.325443535,FALSE,Mobile App (iOS)
val_468,Fatima Abdullahi,Domestic Worker,1389,Tier 0 (Unverified),Prefer Not to Say,18-24,12.78324314,TRUE,Mobile App (iOS)
val_469,Bongani Ndlovu,Freelance Creative,1300,Tier 3 (Address + Income Verified),Prefer Not to Say,45-54,18.01843718,TRUE,WhatsApp Bot
val_470,Adwoa Acheampong,Domestic Worker,1084,Tier 2 (ID Verified),Non-Binary,55+,22.30507821,FALSE,WhatsApp Bot
val_471,Thabo Nkosi,Mobile Money Agent,1144,Tier 1 (Phone Verified),Male,55+,40.17620726,FALSE,Agent
val_472,Mary Wairimu,Informal Vendor,1328,Tier 2 (ID Verified),Non-Binary,45-54,65.54820069,FALSE,USSD
val_473,James Kipkoech,Delivery Rider,336,Tier 2 (ID Verified),Prefer Not to Say,25-34,89.26033819,TRUE,Mobile App (Android)
val_474,Akosua Sarpong,Ride-Hailing Driver,722,Tier 0 (Unverified),Male,18-24,52.45028101,TRUE,Mobile App (Android)
val_475,Nomvula Khumalo,E-commerce Reseller,196,Tier 1 (Phone Verified),Male,55+,53.24897408,FALSE,USSD
val_476,Zanele Mokoena,Food Delivery Courier,1285,Tier 1 (Phone Verified),Non-Binary,35-44,31.93050979,FALSE,Mobile App (iOS)
val_477,Chukwuemeka Okonkwo,Agricultural Day Labourer,799,Tier 0 (Unverified),Female,25-34,80.06804243,FALSE,USSD
val_478,Nana Adjei,Motorcycle Taxi Rider (Boda-Boda/Okada),1163,Tier 0 (Unverified),Non-Binary,45-54,11.04862281,TRUE,Agent
val_479,Babatunde Fashola,Domestic Worker,1031,Tier 1 (Phone Verified),Female,45-54,30.11031807,FALSE,Mobile App (Android)
val_480,Grace Wanjiku,Tutor / Private Instructor,499,Tier 2 (ID Verified),Prefer Not to Say,55+,9.698141374,FALSE,Web
val_481,Zanele Mokoena,Motorcycle Taxi Rider (Boda-Boda/Okada),253,Tier 2 (ID Verified),Female,55+,21.41808188,FALSE,Agent
val_482,Brian Otieno,Freelance Creative,1776,Tier 3 (Address + Income Verified),Female,55+,58.65979116,FALSE,WhatsApp Bot
val_483,Nomvula Khumalo,Logistics Driver (Truck/Van),535,Tier 1 (Phone Verified),Male,18-24,12.5960388,TRUE,Mobile App (iOS)
val_484,James Kipkoech,Domestic Worker,200,Tier 2 (ID Verified),Male,18-24,10.06177953,FALSE,USSD
val_485,Chidinma Okeke,Delivery Rider,558,Tier 3 (Address + Income Verified),Male,25-34,82.59108114,TRUE,WhatsApp Bot
val_486,Esther Njeri,Food Delivery Courier,1647,Tier 2 (ID Verified),Prefer Not to Say,45-54,11.82991281,FALSE,Mobile App (Android)
val_487,Ama Owusu,Informal Vendor,477,Tier 3 (Address + Income Verified),Female,35-44,60.80533499,FALSE,Web
val_488,Sipho Dlamini,Logistics Driver (Truck/Van),1801,Tier 0 (Unverified),Male,55+,35.20111829,TRUE,Web
val_489,Yaw Darko,Market Trader,841,Tier 3 (Address + Income Verified),Female,55+,89.63671218,FALSE,WhatsApp Bot
val_490,Bongani Ndlovu,E-commerce Reseller,1573,Tier 2 (ID Verified),Non-Binary,55+,70.75500368,FALSE,Agent
val_491,Lungelo Zulu,Informal Vendor,1192,Tier 2 (ID Verified),Prefer Not to Say,18-24,5.943023151,TRUE,Agent
val_492,Sipho Dlamini,Delivery Rider,80,Tier 0 (Unverified),Prefer Not to Say,45-54,89.54681105,TRUE,Mobile App (iOS)
val_493,Yaw Darko,Food Delivery Courier,930,Tier 2 (ID Verified),Male,55+,41.38988945,TRUE,Mobile App (iOS)
val_494,Grace Wanjiku,Informal Vendor,761,Tier 3 (Address + Income Verified),Prefer Not to Say,55+,29.8227449,TRUE,Web
val_495,Kevin Odhiambo,Delivery Rider,367,Tier 2 (ID Verified),Female,25-34,67.27820216,FALSE,Agent
val_496,Babatunde Fashola,Informal Vendor,1004,Tier 0 (Unverified),Prefer Not to Say,45-54,71.79739212,FALSE,USSD
val_497,David Mwangi,E-commerce Reseller,187,Tier 1 (Phone Verified),Male,35-44,30.32507769,TRUE,Mobile App (iOS)
val_498,Bongani Ndlovu,Tutor / Private Instructor,1275,Tier 2 (ID Verified),Non-Binary,18-24,35.1656546,FALSE,WhatsApp Bot
val_499,Mary Wairimu,Ride-Hailing Driver,1500,Tier 3 (Address + Income Verified),Prefer Not to Say,25-34,15.63305095,TRUE,Mobile App (Android)
val_500,Babatunde Fashola,Tutor / Private Instructor,168,Tier 1 (Phone Verified),Male,25-34,59.34435648,FALSE,Mobile App (iOS)
val_501,Nana Adjei,Food Delivery Courier,875,Tier 3 (Address + Income Verified),Prefer Not to Say,55+,95.69090533,TRUE,WhatsApp Bot
val_502,Lerato Molefe,Ride-Hailing Driver,1196,Tier 3 (Address + Income Verified),Male,18-24,41.66244623,FALSE,Mobile App (Android)
val_503,Lungelo Zulu,Agricultural Day Labourer,113,Tier 1 (Phone Verified),Prefer Not to Say,18-24,99.62061816,FALSE,Web
val_504,Brian Otieno,E-commerce Reseller,710,Tier 0 (Unverified),Non-Binary,35-44,17.64146045,TRUE,Web
val_505,James Kipkoech,Logistics Driver (Truck/Van),471,Tier 3 (Address + Income Verified),Prefer Not to Say,35-44,79.6099459,TRUE,Mobile App (Android)
val_506,Ama Owusu,Motorcycle Taxi Rider (Boda-Boda/Okada),71,Tier 2 (ID Verified),Prefer Not to Say,35-44,92.81082536,TRUE,WhatsApp Bot
val_507,Chidinma Okeke,Motorcycle Taxi Rider (Boda-Boda/Okada),1468,Tier 3 (Address + Income Verified),Female,18-24,68.80543527,TRUE,Mobile App (iOS)
val_508,Brian Otieno,Domestic Worker,811,Tier 3 (Address + Income Verified),Female,35-44,10.93262893,FALSE,Mobile App (Android)
val_509,Chidinma Okeke,Online Freelancer (Tech/Design),1372,Tier 1 (Phone Verified),Non-Binary,55+,32.65413538,TRUE,Mobile App (Android)
val_510,Thandeka Mthembu,Mobile Money Agent,1071,Tier 0 (Unverified),Male,18-24,8.566581318,TRUE,Mobile App (Android)
val_511,Adwoa Acheampong,Informal Vendor,1599,Tier 3 (Address + Income Verified),Female,45-54,60.17481209,TRUE,Agent
val_512,Zanele Mokoena,Online Freelancer (Tech/Design),1820,Tier 2 (ID Verified),Male,18-24,99.81488092,FALSE,Mobile App (Android)
val_513,Thabo Nkosi,Online Freelancer (Tech/Design),1099,Tier 0 (Unverified),Prefer Not to Say,25-34,37.47546132,FALSE,Mobile App (iOS)
val_514,Lerato Molefe,E-commerce Reseller,643,Tier 2 (ID Verified),Male,55+,16.29450425,TRUE,Web
val_515,Babatunde Fashola,Agricultural Day Labourer,772,Tier 0 (Unverified),Female,25-34,26.86401947,TRUE,WhatsApp Bot
val_516,Palesa Motsepe,E-commerce Reseller,1507,Tier 1 (Phone Verified),Female,35-44,57.08019692,TRUE,Web
val_517,Tunde Adeyemi,Agricultural Day Labourer,779,Tier 1 (Phone Verified),Female,25-34,56.89617868,TRUE,Agent
val_518,Lydia Chebet,Domestic Worker,949,Tier 1 (Phone Verified),Prefer Not to Say,45-54,22.98208329,TRUE,Web
val_519,Abena Boateng,E-commerce Reseller,354,Tier 2 (ID Verified),Prefer Not to Say,35-44,75.07047405,FALSE,Mobile App (iOS)
val_520,David Mwangi,Mobile Money Agent,1807,Tier 3 (Address + Income Verified),Non-Binary,35-44,8.801229149,TRUE,Mobile App (Android)
val_521,Amara Nwosu,On-Demand Handyman,1188,Tier 1 (Phone Verified),Prefer Not to Say,55+,62.30402828,FALSE,Web
val_522,Fatima Abdullahi,Informal Vendor,602,Tier 2 (ID Verified),Male,35-44,42.5698949,TRUE,USSD
val_523,Thabo Nkosi,Online Freelancer (Tech/Design),1068,Tier 3 (Address + Income Verified),Prefer Not to Say,35-44,12.71750198,TRUE,WhatsApp Bot
val_524,Samuel Kamau,On-Demand Handyman,732,Tier 2 (ID Verified),Male,55+,63.43847521,TRUE,Mobile App (iOS)
val_525,Samuel Kamau,Motorcycle Taxi Rider (Boda-Boda/Okada),282,Tier 1 (Phone Verified),Male,35-44,67.30494182,TRUE,Web
val_526,Mpho Sithole,Domestic Worker,1597,Tier 2 (ID Verified),Male,55+,44.00202956,TRUE,USSD
val_527,Amara Nwosu,Freelance Creative,1617,Tier 1 (Phone Verified),Male,45-54,79.79928195,FALSE,Mobile App (iOS)
val_528,Mpho Sithole,Ride-Hailing Driver,1524,Tier 1 (Phone Verified),Prefer Not to Say,55+,50.93165844,FALSE,Mobile App (iOS)
val_529,Mpho Sithole,Motorcycle Taxi Rider (Boda-Boda/Okada),672,Tier 2 (ID Verified),Female,35-44,28.57544521,FALSE,Mobile App (iOS)
val_530,Abena Boateng,Domestic Worker,468,Tier 1 (Phone Verified),Prefer Not to Say,35-44,95.36012779,TRUE,Agent
val_531,Emeka Obi,Tutor / Private Instructor,90,Tier 0 (Unverified),Female,18-24,94.40440377,FALSE,Agent
val_532,Emeka Obi,E-commerce Reseller,1335,Tier 3 (Address + Income Verified),Male,18-24,9.562139472,FALSE,WhatsApp Bot
val_533,Grace Wanjiku,Mobile Money Agent,598,Tier 2 (ID Verified),Female,18-24,94.60812825,TRUE,Web
val_534,Abena Boateng,Motorcycle Taxi Rider (Boda-Boda/Okada),1629,Tier 0 (Unverified),Male,45-54,77.54823807,TRUE,Mobile App (Android)
val_535,Emeka Obi,Agricultural Day Labourer,1588,Tier 1 (Phone Verified),Female,25-34,10.66441626,FALSE,WhatsApp Bot
val_536,James Kipkoech,Ride-Hailing Driver,234,Tier 1 (Phone Verified),Non-Binary,25-34,51.93252719,TRUE,Mobile App (iOS)
val_537,Babatunde Fashola,Logistics Driver (Truck/Van),1674,Tier 3 (Address + Income Verified),Prefer Not to Say,45-54,3.495131008,TRUE,Mobile App (iOS)
val_538,Ama Owusu,Logistics Driver (Truck/Van),256,Tier 3 (Address + Income Verified),Non-Binary,25-34,58.88570706,FALSE,USSD
val_539,Chukwuemeka Okonkwo,Tutor / Private Instructor,895,Tier 2 (ID Verified),Male,18-24,93.31876419,TRUE,Web
val_540,Kojo Ofori,Freelance Creative,865,Tier 1 (Phone Verified),Non-Binary,35-44,36.82097375,TRUE,WhatsApp Bot
val_541,Tunde Adeyemi,Delivery Rider,1746,Tier 0 (Unverified),Non-Binary,35-44,50.86251741,FALSE,Mobile App (Android)
val_542,Fatima Abdullahi,Freelance Creative,1200,Tier 0 (Unverified),Male,18-24,22.75603259,FALSE,WhatsApp Bot
val_543,Emeka Obi,Informal Vendor,1598,Tier 0 (Unverified),Prefer Not to Say,25-34,54.09462399,FALSE,USSD
val_544,Zanele Mokoena,Food Delivery Courier,1087,Tier 3 (Address + Income Verified),Prefer Not to Say,25-34,80.25746687,TRUE,WhatsApp Bot
val_545,Tunde Adeyemi,Online Freelancer (Tech/Design),1506,Tier 0 (Unverified),Non-Binary,45-54,21.52582739,TRUE,Mobile App (Android)
val_546,Mary Wairimu,Delivery Rider,1555,Tier 2 (ID Verified),Female,25-34,55.3486762,TRUE,Mobile App (iOS)
val_547,Abena Boateng,Ride-Hailing Driver,1569,Tier 3 (Address + Income Verified),Female,18-24,35.46432771,TRUE,USSD
val_548,Kwame Asante,Food Delivery Courier,751,Tier 1 (Phone Verified),Female,25-34,74.78720781,TRUE,WhatsApp Bot
val_549,Efua Antwi,Informal Vendor,697,Tier 2 (ID Verified),Male,35-44,70.2038662,FALSE,Agent
val_550,Thabo Nkosi,On-Demand Handyman,1798,Tier 3 (Address + Income Verified),Female,45-54,69.87896561,TRUE,WhatsApp Bot
val_551,Faith Achieng,Market Trader,1381,Tier 1 (Phone Verified),Male,18-24,37.78031337,TRUE,Mobile App (iOS)
val_552,Zanele Mokoena,On-Demand Handyman,1674,Tier 1 (Phone Verified),Male,55+,59.9279303,TRUE,USSD
val_553,Samuel Kamau,On-Demand Handyman,1054,Tier 0 (Unverified),Non-Binary,25-34,65.10851837,TRUE,Web
val_554,Thandeka Mthembu,Domestic Worker,1696,Tier 1 (Phone Verified),Male,25-34,68.08139724,TRUE,USSD
val_555,Kwame Asante,E-commerce Reseller,1314,Tier 3 (Address + Income Verified),Female,18-24,57.5256354,TRUE,Agent
val_556,Adwoa Acheampong,Motorcycle Taxi Rider (Boda-Boda/Okada),1355,Tier 2 (ID Verified),Female,25-34,86.68047468,FALSE,USSD
val_557,Palesa Motsepe,Food Delivery Courier,324,Tier 0 (Unverified),Male,35-44,24.87985793,TRUE,Mobile App (Android)
val_558,Nomvula Khumalo,E-commerce Reseller,1035,Tier 2 (ID Verified),Prefer Not to Say,45-54,5.580678936,TRUE,Agent
val_559,Lungelo Zulu,Delivery Rider,1335,Tier 2 (ID Verified),Prefer Not to Say,45-54,96.25034539,FALSE,Web
val_560,Ama Owusu,E-commerce Reseller,1389,Tier 0 (Unverified),Non-Binary,35-44,6.073372662,TRUE,USSD
val_561,Aisha Bello,Motorcycle Taxi Rider (Boda-Boda/Okada),1748,Tier 3 (Address + Income Verified),Non-Binary,18-24,90.29556558,TRUE,Mobile App (Android)
val_562,Lydia Chebet,Informal Vendor,597,Tier 0 (Unverified),Male,25-34,61.2284937,TRUE,WhatsApp Bot
val_563,Fatima Abdullahi,Motorcycle Taxi Rider (Boda-Boda/Okada),552,Tier 1 (Phone Verified),Prefer Not to Say,45-54,91.87403853,FALSE,USSD
val_564,Palesa Motsepe,Motorcycle Taxi Rider (Boda-Boda/Okada),1770,Tier 1 (Phone Verified),Prefer Not to Say,45-54,56.49539306,FALSE,Mobile App (Android)
val_565,Chidinma Okeke,On-Demand Handyman,1800,Tier 2 (ID Verified),Female,35-44,82.10087255,FALSE,WhatsApp Bot
val_566,Chidinma Okeke,Food Delivery Courier,328,Tier 3 (Address + Income Verified),Non-Binary,35-44,72.12902632,FALSE,Agent
val_567,Chidinma Okeke,Market Trader,690,Tier 0 (Unverified),Prefer Not to Say,35-44,52.51121337,TRUE,USSD
val_568,Akosua Sarpong,Freelance Creative,1731,Tier 1 (Phone Verified),Non-Binary,55+,36.332359,TRUE,WhatsApp Bot
val_569,Kofi Mensah,Food Delivery Courier,364,Tier 1 (Phone Verified),Male,35-44,0.285902069,FALSE,Mobile App (iOS)
val_570,Bongani Ndlovu,Informal Vendor,1430,Tier 3 (Address + Income Verified),Female,35-44,25.09052746,FALSE,Web
val_571,Kevin Odhiambo,Agricultural Day Labourer,205,Tier 3 (Address + Income Verified),Male,25-34,95.17668085,TRUE,Agent
val_572,Grace Wanjiku,Food Delivery Courier,325,Tier 1 (Phone Verified),Female,35-44,27.54618479,FALSE,Mobile App (iOS)
val_573,Aisha Bello,Agricultural Day Labourer,1433,Tier 2 (ID Verified),Prefer Not to Say,45-54,75.18524427,FALSE,Mobile App (iOS)
val_574,Chukwuemeka Okonkwo,Agricultural Day Labourer,1109,Tier 3 (Address + Income Verified),Male,55+,50.84976145,FALSE,Agent
val_575,David Mwangi,Domestic Worker,1013,Tier 3 (Address + Income Verified),Prefer Not to Say,45-54,30.85143847,FALSE,Mobile App (iOS)
val_576,Bongani Ndlovu,Domestic Worker,1564,Tier 2 (ID Verified),Female,45-54,99.1093449,FALSE,Mobile App (Android)
val_577,Kwame Asante,Tutor / Private Instructor,560,Tier 2 (ID Verified),Female,45-54,4.697437752,FALSE,Web
val_578,Palesa Motsepe,Mobile Money Agent,919,Tier 3 (Address + Income Verified),Non-Binary,18-24,58.20771065,FALSE,Web
val_579,Babatunde Fashola,Market Trader,1111,Tier 0 (Unverified),Male,25-34,46.1518216,TRUE,Agent
val_580,Ngozi Eze,Domestic Worker,1350,Tier 1 (Phone Verified),Male,25-34,7.65264097,TRUE,Web
val_581,Zanele Mokoena,Logistics Driver (Truck/Van),606,Tier 2 (ID Verified),Female,45-54,21.40962058,FALSE,Agent
val_582,Babatunde Fashola,Agricultural Day Labourer,1157,Tier 0 (Unverified),Male,45-54,69.42419737,TRUE,WhatsApp Bot
val_583,Tunde Adeyemi,Motorcycle Taxi Rider (Boda-Boda/Okada),818,Tier 2 (ID Verified),Prefer Not to Say,18-24,10.83286298,FALSE,WhatsApp Bot
val_584,Kevin Odhiambo,Mobile Money Agent,989,Tier 3 (Address + Income Verified),Non-Binary,18-24,80.10251105,FALSE,WhatsApp Bot
val_585,Mpho Sithole,Informal Vendor,1575,Tier 0 (Unverified),Prefer Not to Say,35-44,62.5060994,TRUE,USSD
val_586,Efua Antwi,Food Delivery Courier,718,Tier 3 (Address + Income Verified),Prefer Not to Say,55+,10.08575949,TRUE,USSD
val_587,Ngozi Eze,Tutor / Private Instructor,1220,Tier 1 (Phone Verified),Female,18-24,28.68146288,TRUE,Mobile App (iOS)
val_588,Zanele Mokoena,Logistics Driver (Truck/Van),1720,Tier 3 (Address + Income Verified),Prefer Not to Say,55+,13.71778623,FALSE,Web
val_589,Zanele Mokoena,Logistics Driver (Truck/Van),1392,Tier 2 (ID Verified),Male,18-24,79.76012956,TRUE,Mobile App (Android)
val_590,Thabo Nkosi,Motorcycle Taxi Rider (Boda-Boda/Okada),1805,Tier 0 (Unverified),Female,25-34,53.29596251,TRUE,USSD
val_591,Mpho Sithole,Domestic Worker,1065,Tier 2 (ID Verified),Non-Binary,45-54,0.282993672,TRUE,USSD
val_592,Chidinma Okeke,E-commerce Reseller,514,Tier 0 (Unverified),Female,45-54,54.29036472,FALSE,Agent
val_593,Thandeka Mthembu,On-Demand Handyman,1810,Tier 0 (Unverified),Non-Binary,55+,48.28036843,TRUE,WhatsApp Bot
val_594,Samuel Kamau,Logistics Driver (Truck/Van),1176,Tier 3 (Address + Income Verified),Prefer Not to Say,18-24,64.3076403,FALSE,Mobile App (iOS)
val_595,Thabo Nkosi,Market Trader,440,Tier 3 (Address + Income Verified),Female,18-24,3.484405549,FALSE,Web
val_596,Abena Boateng,Domestic Worker,579,Tier 0 (Unverified),Female,35-44,3.542579193,TRUE,USSD
val_597,Nomvula Khumalo,Agricultural Day Labourer,478,Tier 1 (Phone Verified),Non-Binary,35-44,34.93681051,FALSE,Mobile App (Android)
val_598,Akosua Sarpong,Informal Vendor,1522,Tier 0 (Unverified),Prefer Not to Say,25-34,68.85380962,TRUE,Web
val_599,Akosua Sarpong,Informal Vendor,169,Tier 1 (Phone Verified),Prefer Not to Say,45-54,66.65580926,TRUE,Mobile App (iOS)
val_600,Yaw Darko,Market Trader,1351,Tier 3 (Address + Income Verified),Prefer Not to Say,25-34,27.82635792,TRUE,USSD
val_601,Nomvula Khumalo,Tutor / Private Instructor,1011,Tier 0 (Unverified),Male,55+,21.60675446,FALSE,Mobile App (Android)
val_602,Adwoa Acheampong,Ride-Hailing Driver,134,Tier 2 (ID Verified),Male,18-24,68.31255974,FALSE,Web
val_603,Amara Nwosu,E-commerce Reseller,1119,Tier 3 (Address + Income Verified),Non-Binary,45-54,2.711273613,FALSE,Web
val_604,Zanele Mokoena,On-Demand Handyman,1375,Tier 3 (Address + Income Verified),Female,35-44,55.67833317,FALSE,Web
val_605,Ama Owusu,Ride-Hailing Driver,1325,Tier 1 (Phone Verified),Non-Binary,18-24,42.4098642,TRUE,Mobile App (iOS)
val_606,Samuel Kamau,Mobile Money Agent,965,Tier 2 (ID Verified),Prefer Not to Say,45-54,23.90868179,FALSE,WhatsApp Bot
val_607,Kwame Asante,Domestic Worker,612,Tier 1 (Phone Verified),Non-Binary,18-24,52.02980893,FALSE,WhatsApp Bot
val_608,Lerato Molefe,On-Demand Handyman,299,Tier 0 (Unverified),Female,35-44,21.71676566,TRUE,Mobile App (iOS)
val_609,Lungelo Zulu,Motorcycle Taxi Rider (Boda-Boda/Okada),22,Tier 0 (Unverified),Prefer Not to Say,45-54,56.43216055,FALSE,Mobile App (Android)
val_610,Zanele Mokoena,Freelance Creative,656,Tier 2 (ID Verified),Female,18-24,14.89738362,FALSE,WhatsApp Bot
val_611,James Kipkoech,Food Delivery Courier,1154,Tier 2 (ID Verified),Non-Binary,25-34,40.56929121,FALSE,Mobile App (iOS)
val_612,Nomvula Khumalo,On-Demand Handyman,68,Tier 2 (ID Verified),Male,25-34,51.04263353,TRUE,Mobile App (iOS)
val_613,Faith Achieng,Freelance Creative,1823,Tier 3 (Address + Income Verified),Non-Binary,55+,3.170102804,TRUE,WhatsApp Bot
val_614,Efua Antwi,Domestic Worker,1069,Tier 2 (ID Verified),Female,25-34,61.07172405,FALSE,Mobile App (Android)
val_615,Akosua Sarpong,Agricultural Day Labourer,537,Tier 1 (Phone Verified),Male,55+,75.03152935,TRUE,WhatsApp Bot
val_616,Chidinma Okeke,Informal Vendor,1756,Tier 1 (Phone Verified),Male,35-44,95.60735628,FALSE,USSD
val_617,Brian Otieno,Delivery Rider,335,Tier 3 (Address + Income Verified),Non-Binary,55+,20.31263525,FALSE,Mobile App (Android)
val_618,Tunde Adeyemi,Online Freelancer (Tech/Design),1748,Tier 3 (Address + Income Verified),Male,55+,20.86953672,FALSE,Mobile App (iOS)
val_619,Amara Nwosu,Delivery Rider,514,Tier 0 (Unverified),Male,25-34,30.48308242,TRUE,Mobile App (iOS)
val_620,Mary Wairimu,Ride-Hailing Driver,693,Tier 3 (Address + Income Verified),Male,35-44,89.07640375,FALSE,Mobile App (Android)
val_621,Lydia Chebet,Ride-Hailing Driver,776,Tier 0 (Unverified),Male,45-54,40.68571637,TRUE,WhatsApp Bot
val_622,Emeka Obi,Food Delivery Courier,1816,Tier 3 (Address + Income Verified),Female,18-24,30.17938131,FALSE,Agent
val_623,Kevin Odhiambo,Online Freelancer (Tech/Design),458,Tier 2 (ID Verified),Female,45-54,74.11807819,TRUE,Web
val_624,Yaw Darko,Food Delivery Courier,1776,Tier 2 (ID Verified),Non-Binary,35-44,3.799017758,FALSE,Web
val_625,Chidinma Okeke,Agricultural Day Labourer,633,Tier 2 (ID Verified),Non-Binary,18-24,54.88145113,TRUE,Agent
val_626,Esther Njeri,Mobile Money Agent,520,Tier 2 (ID Verified),Non-Binary,55+,45.01899911,FALSE,Agent
val_627,David Mwangi,Ride-Hailing Driver,1165,Tier 1 (Phone Verified),Prefer Not to Say,25-34,62.48582107,TRUE,Agent
val_628,Kwame Asante,Mobile Money Agent,1266,Tier 3 (Address + Income Verified),Male,55+,73.10996735,FALSE,Web
val_629,David Mwangi,Ride-Hailing Driver,630,Tier 2 (ID Verified),Non-Binary,25-34,32.49883855,FALSE,WhatsApp Bot
val_630,Adwoa Acheampong,E-commerce Reseller,244,Tier 2 (ID Verified),Male,35-44,63.6417186,FALSE,Mobile App (Android)
val_631,Esther Njeri,Domestic Worker,723,Tier 1 (Phone Verified),Prefer Not to Say,25-34,52.4328703,TRUE,Agent
val_632,Mary Wairimu,E-commerce Reseller,986,Tier 0 (Unverified),Female,55+,13.39678104,FALSE,Mobile App (Android)
val_633,Faith Achieng,Freelance Creative,73,Tier 2 (ID Verified),Female,55+,88.1726208,FALSE,Mobile App (Android)
val_634,Fatima Abdullahi,Informal Vendor,143,Tier 1 (Phone Verified),Male,45-54,75.45901678,FALSE,WhatsApp Bot
val_635,Efua Antwi,Domestic Worker,1676,Tier 2 (ID Verified),Non-Binary,55+,92.16541342,FALSE,Mobile App (iOS)
val_636,Chidinma Okeke,Food Delivery Courier,65,Tier 1 (Phone Verified),Female,45-54,72.04045915,TRUE,Web
val_637,Grace Wanjiku,Mobile Money Agent,742,Tier 3 (Address + Income Verified),Prefer Not to Say,25-34,24.48065605,FALSE,Web
val_638,Nomvula Khumalo,Motorcycle Taxi Rider (Boda-Boda/Okada),1394,Tier 2 (ID Verified),Male,55+,43.05262251,TRUE,USSD
val_639,Bongani Ndlovu,Online Freelancer (Tech/Design),599,Tier 1 (Phone Verified),Female,35-44,38.68684254,TRUE,Mobile App (iOS)
val_640,Nana Adjei,Informal Vendor,903,Tier 2 (ID Verified),Prefer Not to Say,25-34,3.582193263,FALSE,Mobile App (Android)
val_641,Mpho Sithole,Freelance Creative,157,Tier 2 (ID Verified),Prefer Not to Say,18-24,41.0548153,TRUE,Mobile App (Android)
val_642,Lungelo Zulu,Agricultural Day Labourer,1450,Tier 2 (ID Verified),Prefer Not to Say,45-54,34.5569454,FALSE,Mobile App (Android)
val_643,Lydia Chebet,Agricultural Day Labourer,1158,Tier 2 (ID Verified),Non-Binary,25-34,0.39237862,FALSE,Agent
val_644,Sipho Dlamini,On-Demand Handyman,1555,Tier 3 (Address + Income Verified),Prefer Not to Say,45-54,84.71232591,FALSE,USSD
val_645,Esther Njeri,Ride-Hailing Driver,1577,Tier 1 (Phone Verified),Male,18-24,14.3874425,FALSE,Mobile App (iOS)
val_646,James Kipkoech,Online Freelancer (Tech/Design),640,Tier 1 (Phone Verified),Prefer Not to Say,45-54,50.09521674,FALSE,Mobile App (Android)
val_647,Ama Owusu,Tutor / Private Instructor,75,Tier 1 (Phone Verified),Non-Binary,45-54,78.46778231,TRUE,WhatsApp Bot
val_648,Lerato Molefe,Tutor / Private Instructor,632,Tier 2 (ID Verified),Female,35-44,60.44813691,FALSE,Web
val_649,Zanele Mokoena,Tutor / Private Instructor,265,Tier 3 (Address + Income Verified),Male,45-54,16.93512254,FALSE,Mobile App (iOS)
val_650,Lydia Chebet,Online Freelancer (Tech/Design),973,Tier 2 (ID Verified),Non-Binary,55+,61.82111257,TRUE,Mobile App (Android)
val_651,Nana Adjei,Informal Vendor,267,Tier 0 (Unverified),Male,55+,75.75968944,FALSE,Web
val_652,Yusuf Musa,Ride-Hailing Driver,1683,Tier 3 (Address + Income Verified),Non-Binary,35-44,85.47645161,TRUE,Agent
val_653,Thabo Nkosi,Mobile Money Agent,1099,Tier 3 (Address + Income Verified),Male,55+,31.86537597,TRUE,Agent
val_654,Kofi Mensah,Food Delivery Courier,462,Tier 1 (Phone Verified),Female,55+,3.392140054,FALSE,USSD
val_655,Ama Owusu,Food Delivery Courier,1682,Tier 0 (Unverified),Male,18-24,60.79482064,FALSE,USSD
val_656,Sipho Dlamini,Logistics Driver (Truck/Van),1405,Tier 1 (Phone Verified),Female,25-34,22.57685101,FALSE,Agent
val_657,Akosua Sarpong,Logistics Driver (Truck/Van),799,Tier 3 (Address + Income Verified),Female,45-54,78.08950739,FALSE,Mobile App (iOS)
val_658,Tunde Adeyemi,E-commerce Reseller,267,Tier 2 (ID Verified),Male,35-44,67.98817094,TRUE,Web
val_659,Grace Wanjiku,Informal Vendor,627,Tier 0 (Unverified),Prefer Not to Say,18-24,77.31868547,FALSE,USSD
val_660,Fatima Abdullahi,Motorcycle Taxi Rider (Boda-Boda/Okada),1066,Tier 0 (Unverified),Prefer Not to Say,35-44,96.75312003,FALSE,Mobile App (Android)
val_661,Adwoa Acheampong,Food Delivery Courier,1398,Tier 3 (Address + Income Verified),Female,25-34,58.45473951,TRUE,Web
val_662,Aisha Bello,Logistics Driver (Truck/Van),478,Tier 1 (Phone Verified),Male,45-54,90.43135504,TRUE,WhatsApp Bot
val_663,Yusuf Musa,Mobile Money Agent,1355,Tier 2 (ID Verified),Prefer Not to Say,35-44,64.18933825,TRUE,Web
val_664,Abena Boateng,Domestic Worker,516,Tier 1 (Phone Verified),Non-Binary,18-24,18.17443462,FALSE,USSD
val_665,Efua Antwi,Mobile Money Agent,450,Tier 0 (Unverified),Non-Binary,18-24,79.93081795,TRUE,USSD
val_666,Kwame Asante,Food Delivery Courier,816,Tier 1 (Phone Verified),Non-Binary,25-34,69.36986242,TRUE,WhatsApp Bot
val_667,Lungelo Zulu,Logistics Driver (Truck/Van),293,Tier 2 (ID Verified),Male,18-24,97.79397777,TRUE,Mobile App (iOS)
val_668,Mpho Sithole,Informal Vendor,738,Tier 1 (Phone Verified),Female,55+,24.34319889,TRUE,Mobile App (iOS)
val_669,Amara Nwosu,Agricultural Day Labourer,653,Tier 2 (ID Verified),Male,25-34,33.31255163,TRUE,WhatsApp Bot
val_670,Lerato Molefe,Market Trader,511,Tier 1 (Phone Verified),Non-Binary,45-54,82.14910266,TRUE,Mobile App (Android)
val_671,Yaw Darko,On-Demand Handyman,1416,Tier 1 (Phone Verified),Prefer Not to Say,18-24,6.288959803,FALSE,Mobile App (Android)
val_672,Akosua Sarpong,Tutor / Private Instructor,605,Tier 1 (Phone Verified),Non-Binary,35-44,63.31997646,FALSE,Web
val_673,Ngozi Eze,On-Demand Handyman,1269,Tier 1 (Phone Verified),Non-Binary,55+,53.54760527,FALSE,WhatsApp Bot
val_674,Yaw Darko,E-commerce Reseller,1315,Tier 1 (Phone Verified),Non-Binary,45-54,16.88218723,FALSE,Mobile App (iOS)
val_675,Adwoa Acheampong,Freelance Creative,1215,Tier 2 (ID Verified),Prefer Not to Say,25-34,16.51217093,TRUE,USSD
val_676,Abena Boateng,E-commerce Reseller,491,Tier 1 (Phone Verified),Male,45-54,81.01976213,FALSE,USSD
val_677,Ngozi Eze,Market Trader,1514,Tier 2 (ID Verified),Female,35-44,1.544515544,FALSE,USSD
val_678,Kwame Asante,On-Demand Handyman,431,Tier 1 (Phone Verified),Female,25-34,74.68414403,FALSE,Mobile App (iOS)
val_679,Bongani Ndlovu,Ride-Hailing Driver,506,Tier 1 (Phone Verified),Non-Binary,55+,73.2667227,TRUE,Agent
val_680,Kojo Ofori,Delivery Rider,1597,Tier 3 (Address + Income Verified),Female,55+,64.96799764,FALSE,Mobile App (iOS)
val_681,Amara Nwosu,Informal Vendor,620,Tier 3 (Address + Income Verified),Prefer Not to Say,35-44,40.95176631,TRUE,Mobile App (Android)
val_682,Lerato Molefe,Market Trader,1272,Tier 1 (Phone Verified),Female,18-24,2.832068352,FALSE,Web
val_683,Lerato Molefe,Mobile Money Agent,77,Tier 1 (Phone Verified),Prefer Not to Say,35-44,80.17766683,FALSE,WhatsApp Bot
val_684,Emeka Obi,Domestic Worker,1121,Tier 2 (ID Verified),Prefer Not to Say,35-44,12.57072038,FALSE,Mobile App (Android)
val_685,Thabo Nkosi,Mobile Money Agent,1586,Tier 0 (Unverified),Male,55+,28.07874842,FALSE,Web
val_686,Kevin Odhiambo,Informal Vendor,1294,Tier 1 (Phone Verified),Prefer Not to Say,45-54,94.67829268,FALSE,Agent
val_687,Abena Boateng,Food Delivery Courier,1063,Tier 2 (ID Verified),Prefer Not to Say,25-34,30.18610265,TRUE,Web
val_688,Mary Wairimu,Informal Vendor,1550,Tier 2 (ID Verified),Male,35-44,25.51391504,TRUE,USSD
val_689,Nomvula Khumalo,Food Delivery Courier,544,Tier 0 (Unverified),Female,18-24,97.33705554,FALSE,Web
val_690,Thandeka Mthembu,Market Trader,688,Tier 0 (Unverified),Prefer Not to Say,35-44,8.59322021,FALSE,Web
val_691,Nomvula Khumalo,Domestic Worker,126,Tier 1 (Phone Verified),Prefer Not to Say,35-44,16.06903879,FALSE,Web
val_692,Bongani Ndlovu,Online Freelancer (Tech/Design),1275,Tier 0 (Unverified),Female,35-44,43.83175149,FALSE,WhatsApp Bot
val_693,Bongani Ndlovu,Food Delivery Courier,1320,Tier 2 (ID Verified),Non-Binary,35-44,78.76731278,FALSE,Web
val_694,Ngozi Eze,Domestic Worker,1372,Tier 3 (Address + Income Verified),Male,35-44,88.43589389,TRUE,WhatsApp Bot
val_695,Brian Otieno,Ride-Hailing Driver,1367,Tier 1 (Phone Verified),Non-Binary,45-54,75.56357227,FALSE,Web
val_696,Kojo Ofori,Motorcycle Taxi Rider (Boda-Boda/Okada),232,Tier 1 (Phone Verified),Non-Binary,35-44,97.61750316,TRUE,Mobile App (iOS)
val_697,Abena Boateng,Informal Vendor,1216,Tier 0 (Unverified),Female,18-24,1.684614261,TRUE,WhatsApp Bot
val_698,Tunde Adeyemi,Agricultural Day Labourer,1393,Tier 0 (Unverified),Female,45-54,61.9506555,TRUE,Web
val_699,Ngozi Eze,Market Trader,372,Tier 2 (ID Verified),Prefer Not to Say,45-54,11.63462019,TRUE,Agent
val_700,Kwame Asante,On-Demand Handyman,870,Tier 1 (Phone Verified),Female,45-54,91.03627406,TRUE,Agent
val_701,Yaw Darko,Market Trader,1667,Tier 2 (ID Verified),Female,45-54,93.53072074,FALSE,Mobile App (iOS)
val_702,Emeka Obi,Freelance Creative,757,Tier 2 (ID Verified),Female,18-24,30.30282177,FALSE,Agent
val_703,Emeka Obi,Mobile Money Agent,1375,Tier 3 (Address + Income Verified),Female,55+,82.77085352,TRUE,Mobile App (iOS)
val_704,Amara Nwosu,Freelance Creative,968,Tier 0 (Unverified),Female,55+,63.02755754,TRUE,USSD
val_705,Kofi Mensah,Logistics Driver (Truck/Van),1201,Tier 2 (ID Verified),Non-Binary,18-24,10.04887845,TRUE,Mobile App (iOS)
val_706,Chukwuemeka Okonkwo,Mobile Money Agent,1143,Tier 3 (Address + Income Verified),Prefer Not to Say,25-34,60.27681593,FALSE,WhatsApp Bot
val_707,Kofi Mensah,Freelance Creative,1188,Tier 1 (Phone Verified),Non-Binary,25-34,97.60570394,TRUE,Mobile App (Android)
val_708,Lydia Chebet,Domestic Worker,1423,Tier 0 (Unverified),Male,55+,30.8094049,TRUE,Web
val_709,James Kipkoech,Informal Vendor,1651,Tier 1 (Phone Verified),Female,55+,0.114077615,TRUE,Mobile App (iOS)
val_710,Efua Antwi,Freelance Creative,539,Tier 3 (Address + Income Verified),Non-Binary,25-34,97.67916772,FALSE,Mobile App (Android)
val_711,Kwame Asante,Tutor / Private Instructor,1695,Tier 3 (Address + Income Verified),Non-Binary,45-54,41.39834175,TRUE,Mobile App (iOS)
val_712,Adwoa Acheampong,Mobile Money Agent,1146,Tier 1 (Phone Verified),Prefer Not to Say,25-34,43.09327678,FALSE,WhatsApp Bot
val_713,Sipho Dlamini,On-Demand Handyman,1087,Tier 0 (Unverified),Female,18-24,71.26121171,TRUE,USSD
val_714,Mpho Sithole,Tutor / Private Instructor,598,Tier 1 (Phone Verified),Female,25-34,60.43853871,FALSE,Web
val_715,Nomvula Khumalo,Mobile Money Agent,760,Tier 0 (Unverified),Non-Binary,18-24,30.19866123,FALSE,Web
val_716,Kwame Asante,Delivery Rider,1189,Tier 2 (ID Verified),Male,55+,9.997787866,TRUE,Mobile App (Android)
val_717,Lydia Chebet,Informal Vendor,664,Tier 3 (Address + Income Verified),Non-Binary,45-54,82.73625199,TRUE,Web
val_718,Chidinma Okeke,Ride-Hailing Driver,524,Tier 0 (Unverified),Prefer Not to Say,18-24,48.33771763,FALSE,Agent
val_719,Abena Boateng,Mobile Money Agent,1495,Tier 2 (ID Verified),Non-Binary,35-44,67.24742936,FALSE,Mobile App (iOS)
val_720,Amara Nwosu,Tutor / Private Instructor,758,Tier 3 (Address + Income Verified),Female,25-34,86.05047001,FALSE,Mobile App (Android)
val_721,Bongani Ndlovu,Mobile Money Agent,1177,Tier 2 (ID Verified),Prefer Not to Say,35-44,1.772237929,TRUE,WhatsApp Bot
val_722,Zanele Mokoena,Agricultural Day Labourer,56,Tier 3 (Address + Income Verified),Non-Binary,55+,85.93852769,FALSE,Mobile App (Android)
val_723,Babatunde Fashola,E-commerce Reseller,141,Tier 0 (Unverified),Non-Binary,55+,75.17952598,TRUE,WhatsApp Bot
val_724,Nomvula Khumalo,Food Delivery Courier,1548,Tier 2 (ID Verified),Prefer Not to Say,55+,94.682175,FALSE,Agent
val_725,Babatunde Fashola,Freelance Creative,259,Tier 0 (Unverified),Male,25-34,23.35908053,FALSE,WhatsApp Bot
val_726,Kojo Ofori,E-commerce Reseller,1453,Tier 3 (Address + Income Verified),Prefer Not to Say,18-24,32.24223372,FALSE,Mobile App (Android)
val_727,Ngozi Eze,Motorcycle Taxi Rider (Boda-Boda/Okada),1643,Tier 1 (Phone Verified),Non-Binary,18-24,66.14787426,TRUE,USSD
val_728,Lydia Chebet,Mobile Money Agent,879,Tier 0 (Unverified),Non-Binary,18-24,92.57929887,TRUE,Agent
val_729,Nana Adjei,Mobile Money Agent,1615,Tier 2 (ID Verified),Male,45-54,99.26693614,TRUE,Mobile App (iOS)
val_730,Adwoa Acheampong,Logistics Driver (Truck/Van),780,Tier 2 (ID Verified),Prefer Not to Say,45-54,41.67376506,FALSE,Agent
val_731,Kevin Odhiambo,Motorcycle Taxi Rider (Boda-Boda/Okada),1738,Tier 1 (Phone Verified),Male,55+,53.92296757,FALSE,Mobile App (iOS)
val_732,Mpho Sithole,Logistics Driver (Truck/Van),432,Tier 1 (Phone Verified),Prefer Not to Say,18-24,17.05510076,TRUE,Mobile App (Android)
val_733,Sipho Dlamini,Mobile Money Agent,781,Tier 0 (Unverified),Prefer Not to Say,25-34,69.39753672,TRUE,Web
val_734,Yusuf Musa,On-Demand Handyman,710,Tier 3 (Address + Income Verified),Female,45-54,83.73704229,TRUE,Agent
val_735,Nana Adjei,Domestic Worker,1431,Tier 0 (Unverified),Female,45-54,79.86493124,TRUE,Agent
val_736,Adwoa Acheampong,Freelance Creative,79,Tier 3 (Address + Income Verified),Male,35-44,34.58430448,TRUE,Web
val_737,Esther Njeri,Online Freelancer (Tech/Design),1512,Tier 2 (ID Verified),Female,18-24,96.32640157,FALSE,Web
val_738,Adwoa Acheampong,Food Delivery Courier,42,Tier 2 (ID Verified),Male,35-44,12.0346587,TRUE,Mobile App (Android)
val_739,Palesa Motsepe,Ride-Hailing Driver,576,Tier 2 (ID Verified),Prefer Not to Say,18-24,49.39700151,TRUE,Web
val_740,Thabo Nkosi,Informal Vendor,1088,Tier 3 (Address + Income Verified),Non-Binary,35-44,55.45971302,FALSE,Mobile App (Android)
val_741,Sipho Dlamini,On-Demand Handyman,265,Tier 0 (Unverified),Male,55+,53.65138571,FALSE,WhatsApp Bot
val_742,Akosua Sarpong,Online Freelancer (Tech/Design),894,Tier 3 (Address + Income Verified),Prefer Not to Say,18-24,75.78907797,TRUE,Web
val_743,Brian Otieno,Mobile Money Agent,1820,Tier 0 (Unverified),Male,18-24,60.96072325,TRUE,Agent
val_744,Nomvula Khumalo,Ride-Hailing Driver,1503,Tier 3 (Address + Income Verified),Non-Binary,45-54,7.712943329,TRUE,Mobile App (Android)
val_745,David Mwangi,Ride-Hailing Driver,55,Tier 1 (Phone Verified),Male,18-24,17.98516534,TRUE,WhatsApp Bot
val_746,Ama Owusu,Mobile Money Agent,1080,Tier 3 (Address + Income Verified),Male,55+,53.22390207,TRUE,Agent
val_747,Samuel Kamau,Food Delivery Courier,1090,Tier 0 (Unverified),Male,45-54,69.45476011,TRUE,Web
val_748,Samuel Kamau,Online Freelancer (Tech/Design),124,Tier 1 (Phone Verified),Female,35-44,51.41745322,FALSE,USSD
val_749,Emeka Obi,Motorcycle Taxi Rider (Boda-Boda/Okada),1187,Tier 2 (ID Verified),Non-Binary,25-34,35.55077834,FALSE,Mobile App (iOS)
val_750,Lerato Molefe,Online Freelancer (Tech/Design),951,Tier 3 (Address + Income Verified),Prefer Not to Say,25-34,5.113456175,FALSE,Mobile App (Android)
val_751,Amara Nwosu,Food Delivery Courier,1244,Tier 0 (Unverified),Prefer Not to Say,25-34,78.58808993,TRUE,Web
val_752,Ngozi Eze,Motorcycle Taxi Rider (Boda-Boda/Okada),543,Tier 0 (Unverified),Non-Binary,55+,49.71942399,FALSE,Mobile App (iOS)
val_753,Bongani Ndlovu,Freelance Creative,466,Tier 2 (ID Verified),Non-Binary,45-54,53.87891305,FALSE,USSD
val_754,Kofi Mensah,Delivery Rider,1343,Tier 0 (Unverified),Female,25-34,46.89581403,TRUE,Agent
val_755,Mary Wairimu,Mobile Money Agent,1317,Tier 3 (Address + Income Verified),Female,18-24,26.53454157,FALSE,USSD
val_756,Adwoa Acheampong,Freelance Creative,295,Tier 0 (Unverified),Prefer Not to Say,35-44,27.63734647,TRUE,Mobile App (iOS)
val_757,Faith Achieng,E-commerce Reseller,395,Tier 3 (Address + Income Verified),Non-Binary,45-54,6.350078725,FALSE,WhatsApp Bot
val_758,Amara Nwosu,Domestic Worker,1070,Tier 2 (ID Verified),Non-Binary,45-54,70.75990162,FALSE,Mobile App (iOS)
val_759,Adwoa Acheampong,Ride-Hailing Driver,1513,Tier 3 (Address + Income Verified),Male,25-34,27.18728731,TRUE,Mobile App (iOS)
val_760,Fatima Abdullahi,Motorcycle Taxi Rider (Boda-Boda/Okada),368,Tier 0 (Unverified),Female,35-44,29.85613482,FALSE,USSD
val_761,Kofi Mensah,Delivery Rider,400,Tier 1 (Phone Verified),Non-Binary,18-24,99.3500121,FALSE,Mobile App (iOS)
val_762,Bongani Ndlovu,Delivery Rider,1475,Tier 1 (Phone Verified),Female,35-44,38.58125558,FALSE,WhatsApp Bot
val_763,Bongani Ndlovu,Motorcycle Taxi Rider (Boda-Boda/Okada),1272,Tier 0 (Unverified),Non-Binary,45-54,51.06972078,FALSE,WhatsApp Bot
val_764,David Mwangi,Freelance Creative,1647,Tier 0 (Unverified),Prefer Not to Say,25-34,38.64731008,FALSE,WhatsApp Bot
val_765,Nomvula Khumalo,Domestic Worker,1430,Tier 1 (Phone Verified),Male,25-34,29.01911132,TRUE,Mobile App (iOS)
val_766,Yaw Darko,Freelance Creative,1740,Tier 2 (ID Verified),Prefer Not to Say,35-44,0.585073825,TRUE,USSD
val_767,Lydia Chebet,Freelance Creative,345,Tier 2 (ID Verified),Prefer Not to Say,55+,85.48863478,FALSE,Mobile App (Android)
val_768,Amara Nwosu,E-commerce Reseller,496,Tier 0 (Unverified),Female,45-54,47.31536754,TRUE,Mobile App (Android)
val_769,Faith Achieng,Domestic Worker,434,Tier 0 (Unverified),Prefer Not to Say,55+,71.98903037,TRUE,USSD
val_770,Nana Adjei,Freelance Creative,101,Tier 2 (ID Verified),Male,18-24,95.86566916,FALSE,Web
val_771,Thandeka Mthembu,Food Delivery Courier,1422,Tier 1 (Phone Verified),Female,55+,0.283133995,FALSE,Agent
val_772,Chukwuemeka Okonkwo,Mobile Money Agent,1208,Tier 3 (Address + Income Verified),Male,18-24,67.50396068,TRUE,Web
val_773,Kojo Ofori,Ride-Hailing Driver,157,Tier 1 (Phone Verified),Non-Binary,25-34,11.8640704,FALSE,Mobile App (Android)
val_774,Zanele Mokoena,E-commerce Reseller,361,Tier 1 (Phone Verified),Prefer Not to Say,35-44,45.79650577,FALSE,Web
val_775,Lerato Molefe,Tutor / Private Instructor,348,Tier 0 (Unverified),Non-Binary,25-34,84.67820809,TRUE,USSD
val_776,Kevin Odhiambo,Market Trader,735,Tier 1 (Phone Verified),Non-Binary,55+,7.149584898,FALSE,Web
val_777,Babatunde Fashola,Motorcycle Taxi Rider (Boda-Boda/Okada),831,Tier 2 (ID Verified),Male,55+,98.96134849,TRUE,Web
val_778,Brian Otieno,Agricultural Day Labourer,527,Tier 1 (Phone Verified),Prefer Not to Say,35-44,58.08358281,TRUE,Mobile App (Android)
val_779,Lungelo Zulu,Motorcycle Taxi Rider (Boda-Boda/Okada),1698,Tier 2 (ID Verified),Male,35-44,39.49934589,FALSE,Mobile App (Android)
val_780,Palesa Motsepe,Delivery Rider,388,Tier 0 (Unverified),Non-Binary,45-54,1.951026534,FALSE,Mobile App (iOS)
val_781,Akosua Sarpong,Delivery Rider,1025,Tier 2 (ID Verified),Non-Binary,45-54,58.68230782,FALSE,Agent
val_782,Babatunde Fashola,Online Freelancer (Tech/Design),799,Tier 1 (Phone Verified),Prefer Not to Say,35-44,49.4890464,TRUE,Agent
val_783,Babatunde Fashola,Tutor / Private Instructor,707,Tier 3 (Address + Income Verified),Prefer Not to Say,55+,21.53170022,FALSE,USSD
val_784,Lydia Chebet,Domestic Worker,1507,Tier 1 (Phone Verified),Non-Binary,18-24,49.04475336,TRUE,Mobile App (iOS)
val_785,Abena Boateng,On-Demand Handyman,1786,Tier 0 (Unverified),Non-Binary,25-34,1.278926402,TRUE,Agent
val_786,Aisha Bello,On-Demand Handyman,10,Tier 2 (ID Verified),Female,18-24,99.9477614,FALSE,Agent
val_787,Efua Antwi,On-Demand Handyman,846,Tier 0 (Unverified),Non-Binary,18-24,33.21144412,FALSE,Agent
val_788,Ama Owusu,Domestic Worker,217,Tier 3 (Address + Income Verified),Non-Binary,18-24,48.02221481,TRUE,Agent
val_789,Chukwuemeka Okonkwo,Tutor / Private Instructor,792,Tier 1 (Phone Verified),Non-Binary,45-54,78.47781681,FALSE,Mobile App (iOS)
val_790,Ngozi Eze,Agricultural Day Labourer,1126,Tier 3 (Address + Income Verified),Non-Binary,55+,71.27783436,FALSE,Agent
val_791,James Kipkoech,Motorcycle Taxi Rider (Boda-Boda/Okada),751,Tier 2 (ID Verified),Female,35-44,88.85590407,FALSE,Mobile App (iOS)
val_792,Kojo Ofori,Market Trader,564,Tier 1 (Phone Verified),Male,35-44,94.13257369,FALSE,Mobile App (Android)
val_793,Zanele Mokoena,Tutor / Private Instructor,570,Tier 2 (ID Verified),Male,25-34,18.9177831,TRUE,Mobile App (Android)
val_794,Mary Wairimu,Mobile Money Agent,547,Tier 0 (Unverified),Female,18-24,39.03998462,TRUE,Mobile App (iOS)
val_795,Grace Wanjiku,Food Delivery Courier,594,Tier 0 (Unverified),Female,35-44,68.6816992,FALSE,USSD
val_796,Lerato Molefe,Online Freelancer (Tech/Design),682,Tier 3 (Address + Income Verified),Non-Binary,18-24,4.502427543,FALSE,Mobile App (Android)
val_797,James Kipkoech,On-Demand Handyman,1255,Tier 3 (Address + Income Verified),Prefer Not to Say,45-54,71.69449062,TRUE,USSD
val_798,Samuel Kamau,Domestic Worker,175,Tier 3 (Address + Income Verified),Non-Binary,35-44,0.488344,TRUE,Mobile App (iOS)
val_799,Mary Wairimu,Mobile Money Agent,74,Tier 1 (Phone Verified),Prefer Not to Say,25-34,91.40884763,FALSE,Mobile App (iOS)
val_800,Chukwuemeka Okonkwo,Motorcycle Taxi Rider (Boda-Boda/Okada),943,Tier 1 (Phone Verified),Non-Binary,18-24,71.81694497,FALSE,USSD
val_801,Samuel Kamau,Market Trader,1244,Tier 1 (Phone Verified),Prefer Not to Say,25-34,56.54991725,TRUE,USSD
val_802,Kwame Asante,Mobile Money Agent,472,Tier 2 (ID Verified),Prefer Not to Say,18-24,42.89009723,TRUE,Agent
val_803,Mpho Sithole,Online Freelancer (Tech/Design),367,Tier 2 (ID Verified),Male,45-54,98.80247685,FALSE,Mobile App (Android)
val_804,Adwoa Acheampong,Freelance Creative,1140,Tier 3 (Address + Income Verified),Non-Binary,35-44,73.65117334,TRUE,WhatsApp Bot
val_805,Nomvula Khumalo,Delivery Rider,701,Tier 3 (Address + Income Verified),Non-Binary,45-54,80.72929575,TRUE,USSD
val_806,Ama Owusu,Mobile Money Agent,1344,Tier 1 (Phone Verified),Prefer Not to Say,35-44,82.53849902,TRUE,Mobile App (iOS)
val_807,Babatunde Fashola,Tutor / Private Instructor,267,Tier 2 (ID Verified),Non-Binary,55+,2.187493329,TRUE,Web
val_808,Faith Achieng,E-commerce Reseller,221,Tier 2 (ID Verified),Male,45-54,5.468438506,FALSE,USSD
val_809,Thandeka Mthembu,Market Trader,1009,Tier 3 (Address + Income Verified),Male,18-24,19.83649857,TRUE,Mobile App (iOS)
val_810,Aisha Bello,Agricultural Day Labourer,716,Tier 1 (Phone Verified),Male,18-24,65.52175961,TRUE,Mobile App (iOS)
val_811,Palesa Motsepe,On-Demand Handyman,1331,Tier 0 (Unverified),Male,55+,62.39491962,FALSE,Agent
val_812,Efua Antwi,Freelance Creative,924,Tier 1 (Phone Verified),Male,25-34,32.51635548,FALSE,WhatsApp Bot
val_813,Grace Wanjiku,Tutor / Private Instructor,647,Tier 2 (ID Verified),Prefer Not to Say,45-54,97.29987632,FALSE,Agent
val_814,Nomvula Khumalo,Domestic Worker,291,Tier 3 (Address + Income Verified),Female,45-54,9.310664213,TRUE,Mobile App (iOS)
val_815,Zanele Mokoena,Ride-Hailing Driver,298,Tier 3 (Address + Income Verified),Non-Binary,45-54,77.67201228,FALSE,Mobile App (iOS)
val_816,Aisha Bello,Mobile Money Agent,1380,Tier 0 (Unverified),Prefer Not to Say,25-34,48.08771197,FALSE,Agent
val_817,Babatunde Fashola,Online Freelancer (Tech/Design),413,Tier 2 (ID Verified),Non-Binary,25-34,41.88342,FALSE,Mobile App (Android)
val_818,Nana Adjei,Market Trader,917,Tier 0 (Unverified),Female,35-44,2.556499319,TRUE,Web
val_819,Thandeka Mthembu,Domestic Worker,1493,Tier 1 (Phone Verified),Female,18-24,72.77996416,TRUE,Mobile App (iOS)
val_820,Chukwuemeka Okonkwo,On-Demand Handyman,1639,Tier 3 (Address + Income Verified),Prefer Not to Say,25-34,77.15755108,FALSE,USSD
val_821,Nana Adjei,Agricultural Day Labourer,488,Tier 3 (Address + Income Verified),Non-Binary,35-44,31.89574968,TRUE,Agent
val_822,Amara Nwosu,Online Freelancer (Tech/Design),200,Tier 0 (Unverified),Prefer Not to Say,25-34,51.69628706,TRUE,Mobile App (Android)
val_823,Nana Adjei,Delivery Rider,1414,Tier 0 (Unverified),Male,25-34,60.64421232,TRUE,Mobile App (iOS)
val_824,Yaw Darko,E-commerce Reseller,1254,Tier 2 (ID Verified),Male,55+,36.76452429,FALSE,Mobile App (Android)
val_825,Ngozi Eze,Domestic Worker,604,Tier 1 (Phone Verified),Male,25-34,61.55820062,TRUE,USSD
val_826,Efua Antwi,Delivery Rider,1083,Tier 1 (Phone Verified),Non-Binary,55+,43.41270594,TRUE,Mobile App (Android)
val_827,Palesa Motsepe,Agricultural Day Labourer,344,Tier 3 (Address + Income Verified),Non-Binary,55+,87.80698555,FALSE,WhatsApp Bot
val_828,Lungelo Zulu,Motorcycle Taxi Rider (Boda-Boda/Okada),1279,Tier 3 (Address + Income Verified),Female,45-54,71.85132267,FALSE,Mobile App (Android)
val_829,Aisha Bello,Mobile Money Agent,1328,Tier 3 (Address + Income Verified),Female,18-24,11.04999831,TRUE,Web
val_830,Chidinma Okeke,Freelance Creative,546,Tier 3 (Address + Income Verified),Non-Binary,25-34,79.96031837,FALSE,Mobile App (iOS)
val_831,Chidinma Okeke,Delivery Rider,855,Tier 3 (Address + Income Verified),Prefer Not to Say,55+,33.75056314,FALSE,USSD
val_832,James Kipkoech,Logistics Driver (Truck/Van),610,Tier 2 (ID Verified),Prefer Not to Say,18-24,93.5568422,TRUE,WhatsApp Bot
val_833,Amara Nwosu,Food Delivery Courier,57,Tier 3 (Address + Income Verified),Female,35-44,60.33712798,FALSE,WhatsApp Bot
val_834,Lungelo Zulu,Food Delivery Courier,232,Tier 2 (ID Verified),Non-Binary,35-44,2.757796064,TRUE,Mobile App (Android)
val_835,Nomvula Khumalo,Logistics Driver (Truck/Van),1752,Tier 0 (Unverified),Male,55+,73.43627051,FALSE,Mobile App (Android)
val_836,Thabo Nkosi,Online Freelancer (Tech/Design),832,Tier 3 (Address + Income Verified),Prefer Not to Say,55+,13.0734369,TRUE,WhatsApp Bot
val_837,Fatima Abdullahi,Ride-Hailing Driver,269,Tier 3 (Address + Income Verified),Male,25-34,87.7267483,TRUE,USSD
val_838,Chukwuemeka Okonkwo,Freelance Creative,80,Tier 1 (Phone Verified),Female,35-44,94.83303076,TRUE,WhatsApp Bot
val_839,Mpho Sithole,Agricultural Day Labourer,645,Tier 1 (Phone Verified),Non-Binary,45-54,69.5255853,FALSE,Mobile App (Android)
val_840,Grace Wanjiku,Informal Vendor,1794,Tier 2 (ID Verified),Prefer Not to Say,55+,53.28727767,FALSE,WhatsApp Bot
val_841,Nana Adjei,Tutor / Private Instructor,702,Tier 2 (ID Verified),Male,35-44,60.20630078,FALSE,WhatsApp Bot
val_842,Mpho Sithole,Domestic Worker,1825,Tier 2 (ID Verified),Non-Binary,18-24,42.88551712,FALSE,Mobile App (Android)
val_843,Aisha Bello,Ride-Hailing Driver,893,Tier 1 (Phone Verified),Male,55+,8.358278201,FALSE,Mobile App (Android)
val_844,Chukwuemeka Okonkwo,Online Freelancer (Tech/Design),1394,Tier 3 (Address + Income Verified),Male,35-44,92.88434988,TRUE,USSD
val_845,Chukwuemeka Okonkwo,Delivery Rider,1434,Tier 3 (Address + Income Verified),Female,18-24,32.91865348,FALSE,Web
val_846,Emeka Obi,Motorcycle Taxi Rider (Boda-Boda/Okada),51,Tier 3 (Address + Income Verified),Non-Binary,18-24,31.28477737,FALSE,Mobile App (iOS)
val_847,Tunde Adeyemi,Agricultural Day Labourer,11,Tier 2 (ID Verified),Female,25-34,19.13247758,TRUE,Agent
val_848,Thabo Nkosi,On-Demand Handyman,1684,Tier 0 (Unverified),Prefer Not to Say,45-54,99.24082488,FALSE,Agent
val_849,Yaw Darko,Ride-Hailing Driver,1702,Tier 3 (Address + Income Verified),Non-Binary,55+,94.25644373,FALSE,Agent
val_850,Thandeka Mthembu,Delivery Rider,242,Tier 0 (Unverified),Female,35-44,34.94323699,TRUE,Mobile App (Android)
val_851,Thabo Nkosi,Domestic Worker,1179,Tier 0 (Unverified),Female,18-24,26.00053809,FALSE,Mobile App (iOS)
val_852,Lerato Molefe,Food Delivery Courier,1686,Tier 1 (Phone Verified),Female,55+,80.53695297,FALSE,Agent
val_853,Chidinma Okeke,Agricultural Day Labourer,1735,Tier 0 (Unverified),Male,45-54,42.26100502,FALSE,USSD
val_854,Grace Wanjiku,Mobile Money Agent,541,Tier 2 (ID Verified),Non-Binary,35-44,96.77880501,TRUE,Mobile App (iOS)
val_855,Zanele Mokoena,Domestic Worker,1492,Tier 1 (Phone Verified),Prefer Not to Say,18-24,90.12167296,FALSE,Web
val_856,Chidinma Okeke,E-commerce Reseller,1180,Tier 0 (Unverified),Female,55+,75.94513423,TRUE,Mobile App (iOS)
val_857,Tunde Adeyemi,Market Trader,1694,Tier 0 (Unverified),Female,18-24,8.992429011,FALSE,Mobile App (iOS)
val_858,Nana Adjei,Market Trader,267,Tier 0 (Unverified),Prefer Not to Say,45-54,70.21277366,FALSE,WhatsApp Bot
val_859,Thabo Nkosi,Agricultural Day Labourer,1097,Tier 2 (ID Verified),Non-Binary,35-44,98.72543869,TRUE,Agent
val_860,Lerato Molefe,E-commerce Reseller,44,Tier 3 (Address + Income Verified),Female,35-44,37.3292533,FALSE,Web
val_861,Bongani Ndlovu,Domestic Worker,652,Tier 1 (Phone Verified),Male,35-44,88.1569003,TRUE,USSD
val_862,Babatunde Fashola,Domestic Worker,20,Tier 0 (Unverified),Prefer Not to Say,25-34,40.81418393,FALSE,WhatsApp Bot
val_863,Sipho Dlamini,Food Delivery Courier,808,Tier 2 (ID Verified),Non-Binary,35-44,97.13240007,FALSE,Web
val_864,Zanele Mokoena,Online Freelancer (Tech/Design),1481,Tier 3 (Address + Income Verified),Non-Binary,25-34,65.35913716,FALSE,Web
val_865,Efua Antwi,Domestic Worker,1201,Tier 0 (Unverified),Female,35-44,9.650048291,FALSE,Web
val_866,Thabo Nkosi,Agricultural Day Labourer,578,Tier 3 (Address + Income Verified),Male,45-54,47.90457388,TRUE,Agent
val_867,Zanele Mokoena,Online Freelancer (Tech/Design),779,Tier 0 (Unverified),Female,45-54,4.97287534,FALSE,Agent
val_868,Mary Wairimu,Online Freelancer (Tech/Design),670,Tier 1 (Phone Verified),Prefer Not to Say,18-24,39.50757237,FALSE,Agent
val_869,Aisha Bello,Agricultural Day Labourer,1336,Tier 2 (ID Verified),Female,55+,91.53812141,TRUE,Mobile App (iOS)
val_870,James Kipkoech,Informal Vendor,486,Tier 0 (Unverified),Non-Binary,18-24,23.22021945,TRUE,Web
val_871,Yusuf Musa,E-commerce Reseller,167,Tier 1 (Phone Verified),Prefer Not to Say,25-34,95.05677781,FALSE,Mobile App (iOS)
val_872,Babatunde Fashola,Informal Vendor,925,Tier 0 (Unverified),Male,25-34,9.992304464,FALSE,Web
val_873,Babatunde Fashola,Freelance Creative,1515,Tier 0 (Unverified),Male,25-34,66.48115471,FALSE,Mobile App (iOS)
val_874,Efua Antwi,Agricultural Day Labourer,871,Tier 3 (Address + Income Verified),Male,25-34,96.56855562,TRUE,Mobile App (iOS)
val_875,Kwame Asante,Motorcycle Taxi Rider (Boda-Boda/Okada),372,Tier 0 (Unverified),Prefer Not to Say,25-34,65.41535737,FALSE,USSD
val_876,Ama Owusu,Online Freelancer (Tech/Design),84,Tier 0 (Unverified),Non-Binary,35-44,89.90039538,TRUE,WhatsApp Bot
val_877,Adwoa Acheampong,Food Delivery Courier,1723,Tier 0 (Unverified),Prefer Not to Say,45-54,99.10304746,TRUE,Web
val_878,Ama Owusu,On-Demand Handyman,1389,Tier 0 (Unverified),Prefer Not to Say,55+,64.1843436,TRUE,Mobile App (Android)
val_879,Akosua Sarpong,Ride-Hailing Driver,284,Tier 2 (ID Verified),Female,25-34,78.22638473,TRUE,USSD
val_880,Ngozi Eze,Delivery Rider,134,Tier 3 (Address + Income Verified),Male,25-34,3.198519378,TRUE,WhatsApp Bot
val_881,Lungelo Zulu,Tutor / Private Instructor,235,Tier 0 (Unverified),Female,45-54,42.73103785,FALSE,USSD
val_882,Mary Wairimu,Logistics Driver (Truck/Van),687,Tier 2 (ID Verified),Non-Binary,18-24,28.82653535,FALSE,Mobile App (iOS)
val_883,Emeka Obi,Food Delivery Courier,1482,Tier 1 (Phone Verified),Female,35-44,82.4185334,FALSE,USSD
val_884,Thabo Nkosi,Motorcycle Taxi Rider (Boda-Boda/Okada),291,Tier 0 (Unverified),Male,25-34,67.75780126,FALSE,Web
val_885,Adwoa Acheampong,Logistics Driver (Truck/Van),1494,Tier 2 (ID Verified),Prefer Not to Say,45-54,61.44142224,TRUE,Mobile App (Android)
val_886,Tunde Adeyemi,Tutor / Private Instructor,3,Tier 0 (Unverified),Female,18-24,93.15586878,TRUE,Mobile App (iOS)
val_887,Fatima Abdullahi,Delivery Rider,1348,Tier 2 (ID Verified),Non-Binary,55+,8.886780508,FALSE,Agent
val_888,Chukwuemeka Okonkwo,On-Demand Handyman,515,Tier 2 (ID Verified),Prefer Not to Say,25-34,95.38412722,FALSE,Mobile App (iOS)
val_889,Brian Otieno,Freelance Creative,1753,Tier 2 (ID Verified),Non-Binary,35-44,10.07647072,TRUE,Web
val_890,Ngozi Eze,Informal Vendor,868,Tier 0 (Unverified),Non-Binary,35-44,34.70175469,TRUE,Agent
val_891,Kojo Ofori,Mobile Money Agent,494,Tier 1 (Phone Verified),Male,35-44,63.02736648,TRUE,Mobile App (iOS)
val_892,Kwame Asante,Motorcycle Taxi Rider (Boda-Boda/Okada),443,Tier 2 (ID Verified),Non-Binary,35-44,34.14762039,FALSE,Mobile App (Android)
val_893,Thandeka Mthembu,Freelance Creative,1509,Tier 3 (Address + Income Verified),Prefer Not to Say,25-34,68.25362783,TRUE,Mobile App (iOS)
val_894,Adwoa Acheampong,Domestic Worker,735,Tier 0 (Unverified),Prefer Not to Say,45-54,77.54186192,TRUE,Mobile App (Android)
val_895,Yaw Darko,Informal Vendor,642,Tier 1 (Phone Verified),Male,35-44,82.85058299,TRUE,Agent
val_896,Kwame Asante,Ride-Hailing Driver,1343,Tier 3 (Address + Income Verified),Male,25-34,17.93437009,TRUE,Web
val_897,Tunde Adeyemi,Tutor / Private Instructor,981,Tier 1 (Phone Verified),Male,25-34,18.20766962,FALSE,Agent
val_898,Tunde Adeyemi,On-Demand Handyman,1212,Tier 1 (Phone Verified),Prefer Not to Say,35-44,5.231402793,TRUE,USSD
val_899,Yaw Darko,Online Freelancer (Tech/Design),813,Tier 3 (Address + Income Verified),Female,55+,49.08518389,TRUE,WhatsApp Bot
val_900,Chukwuemeka Okonkwo,Online Freelancer (Tech/Design),116,Tier 3 (Address + Income Verified),Non-Binary,55+,13.75336188,TRUE,Web
val_901,Aisha Bello,Delivery Rider,10,Tier 2 (ID Verified),Female,25-34,31.85969914,FALSE,Web
val_902,Yusuf Musa,Motorcycle Taxi Rider (Boda-Boda/Okada),71,Tier 2 (ID Verified),Non-Binary,25-34,84.04343193,FALSE,USSD
val_903,Palesa Motsepe,Informal Vendor,1048,Tier 2 (ID Verified),Prefer Not to Say,18-24,94.86589427,TRUE,Web
val_904,James Kipkoech,Delivery Rider,937,Tier 1 (Phone Verified),Female,35-44,82.20759473,FALSE,Mobile App (iOS)
val_905,Kojo Ofori,Delivery Rider,1364,Tier 3 (Address + Income Verified),Prefer Not to Say,25-34,0.064838316,TRUE,WhatsApp Bot
val_906,Kevin Odhiambo,E-commerce Reseller,1633,Tier 0 (Unverified),Female,55+,56.80242413,FALSE,Web
val_907,Emeka Obi,Online Freelancer (Tech/Design),318,Tier 0 (Unverified),Male,35-44,16.66601296,TRUE,WhatsApp Bot
val_908,David Mwangi,Informal Vendor,1748,Tier 2 (ID Verified),Male,25-34,37.57469112,TRUE,USSD
val_909,Ngozi Eze,E-commerce Reseller,1701,Tier 3 (Address + Income Verified),Female,55+,42.79189441,TRUE,Agent
val_910,Sipho Dlamini,Delivery Rider,1124,Tier 3 (Address + Income Verified),Non-Binary,55+,94.29407578,TRUE,Web
val_911,Fatima Abdullahi,Market Trader,968,Tier 2 (ID Verified),Prefer Not to Say,25-34,63.37387319,FALSE,Agent
val_912,Faith Achieng,Agricultural Day Labourer,322,Tier 1 (Phone Verified),Prefer Not to Say,18-24,26.7655052,FALSE,Web
val_913,Thandeka Mthembu,Delivery Rider,325,Tier 1 (Phone Verified),Non-Binary,25-34,64.27948406,FALSE,Web
val_914,Abena Boateng,E-commerce Reseller,34,Tier 1 (Phone Verified),Female,25-34,95.18654776,TRUE,USSD
val_915,James Kipkoech,Ride-Hailing Driver,1179,Tier 1 (Phone Verified),Male,35-44,5.915912409,FALSE,Mobile App (Android)
val_916,Ama Owusu,Freelance Creative,790,Tier 1 (Phone Verified),Prefer Not to Say,55+,81.59876678,TRUE,Agent
val_917,Nomvula Khumalo,Food Delivery Courier,350,Tier 0 (Unverified),Female,55+,21.68975557,FALSE,Mobile App (iOS)
val_918,Brian Otieno,Agricultural Day Labourer,244,Tier 1 (Phone Verified),Prefer Not to Say,45-54,15.31079521,FALSE,Mobile App (iOS)
val_919,Akosua Sarpong,Online Freelancer (Tech/Design),116,Tier 3 (Address + Income Verified),Non-Binary,55+,89.88669187,FALSE,WhatsApp Bot
val_920,Lungelo Zulu,Delivery Rider,1170,Tier 2 (ID Verified),Prefer Not to Say,18-24,0.1849457,TRUE,USSD
val_921,Kofi Mensah,Informal Vendor,1251,Tier 0 (Unverified),Prefer Not to Say,18-24,74.10857404,FALSE,Agent
val_922,Mary Wairimu,On-Demand Handyman,1153,Tier 1 (Phone Verified),Non-Binary,55+,8.722840989,TRUE,Mobile App (Android)
val_923,Amara Nwosu,Tutor / Private Instructor,202,Tier 1 (Phone Verified),Non-Binary,45-54,61.7995295,FALSE,USSD
val_924,Chidinma Okeke,Online Freelancer (Tech/Design),75,Tier 1 (Phone Verified),Male,25-34,62.08969014,FALSE,Mobile App (iOS)
val_925,Bongani Ndlovu,Motorcycle Taxi Rider (Boda-Boda/Okada),193,Tier 2 (ID Verified),Male,45-54,86.27760495,FALSE,Mobile App (iOS)
val_926,Ama Owusu,Informal Vendor,1372,Tier 3 (Address + Income Verified),Non-Binary,18-24,82.26064972,FALSE,Mobile App (iOS)
val_927,Samuel Kamau,Domestic Worker,1351,Tier 2 (ID Verified),Non-Binary,45-54,68.51643431,TRUE,USSD
val_928,Kevin Odhiambo,Motorcycle Taxi Rider (Boda-Boda/Okada),538,Tier 1 (Phone Verified),Non-Binary,55+,38.05475904,TRUE,Web
val_929,Abena Boateng,Food Delivery Courier,100,Tier 0 (Unverified),Female,35-44,16.6405747,TRUE,Mobile App (iOS)
val_930,Ama Owusu,Online Freelancer (Tech/Design),583,Tier 0 (Unverified),Non-Binary,45-54,63.56829261,FALSE,Agent
val_931,Efua Antwi,Domestic Worker,1478,Tier 3 (Address + Income Verified),Prefer Not to Say,45-54,49.69697987,FALSE,Agent
val_932,Brian Otieno,Market Trader,261,Tier 2 (ID Verified),Male,55+,7.794226228,FALSE,Agent
val_933,Akosua Sarpong,Freelance Creative,1453,Tier 2 (ID Verified),Female,35-44,95.55618905,FALSE,Agent
val_934,Mary Wairimu,Logistics Driver (Truck/Van),846,Tier 2 (ID Verified),Prefer Not to Say,25-34,31.44195199,TRUE,Mobile App (Android)
val_935,Bongani Ndlovu,Freelance Creative,258,Tier 3 (Address + Income Verified),Male,25-34,0.214076499,TRUE,Mobile App (iOS)
val_936,Emeka Obi,Delivery Rider,1705,Tier 3 (Address + Income Verified),Female,25-34,90.16903038,FALSE,Agent
val_937,Amara Nwosu,Domestic Worker,946,Tier 0 (Unverified),Female,18-24,57.70508799,FALSE,USSD
val_938,James Kipkoech,Tutor / Private Instructor,1226,Tier 1 (Phone Verified),Non-Binary,45-54,73.30606736,FALSE,Web
val_939,Kwame Asante,Delivery Rider,176,Tier 0 (Unverified),Female,25-34,15.26662403,TRUE,Mobile App (iOS)
val_940,Efua Antwi,Food Delivery Courier,678,Tier 1 (Phone Verified),Prefer Not to Say,45-54,40.4605674,FALSE,Mobile App (Android)
val_941,Kevin Odhiambo,E-commerce Reseller,1155,Tier 2 (ID Verified),Male,18-24,64.50612298,FALSE,USSD
val_942,Mpho Sithole,Delivery Rider,1178,Tier 0 (Unverified),Female,25-34,25.09647082,TRUE,Mobile App (Android)
val_943,James Kipkoech,On-Demand Handyman,114,Tier 0 (Unverified),Non-Binary,25-34,70.14989452,FALSE,Mobile App (iOS)
val_944,Amara Nwosu,Food Delivery Courier,1103,Tier 1 (Phone Verified),Male,18-24,23.36149227,FALSE,WhatsApp Bot
val_945,Babatunde Fashola,Motorcycle Taxi Rider (Boda-Boda/Okada),1724,Tier 2 (ID Verified),Prefer Not to Say,55+,20.91278271,TRUE,Agent
val_946,Lerato Molefe,Food Delivery Courier,1435,Tier 2 (ID Verified),Non-Binary,35-44,1.162465026,FALSE,Mobile App (iOS)
val_947,Amara Nwosu,Online Freelancer (Tech/Design),379,Tier 0 (Unverified),Prefer Not to Say,55+,28.19067454,FALSE,USSD
val_948,Bongani Ndlovu,Tutor / Private Instructor,1666,Tier 0 (Unverified),Female,55+,24.6736792,FALSE,Mobile App (Android)
val_949,Grace Wanjiku,E-commerce Reseller,1246,Tier 3 (Address + Income Verified),Female,18-24,76.43565567,FALSE,WhatsApp Bot
val_950,Ngozi Eze,Mobile Money Agent,103,Tier 2 (ID Verified),Prefer Not to Say,55+,56.97099062,FALSE,USSD
val_951,Samuel Kamau,Logistics Driver (Truck/Van),234,Tier 3 (Address + Income Verified),Male,18-24,17.78244837,FALSE,Agent
val_952,Yaw Darko,Delivery Rider,1682,Tier 3 (Address + Income Verified),Female,55+,56.81274709,FALSE,Agent
val_953,Mary Wairimu,On-Demand Handyman,382,Tier 3 (Address + Income Verified),Female,45-54,22.54435906,FALSE,Mobile App (Android)
val_954,Nomvula Khumalo,Agricultural Day Labourer,176,Tier 2 (ID Verified),Female,55+,42.55022801,TRUE,WhatsApp Bot
val_955,Yaw Darko,Agricultural Day Labourer,823,Tier 3 (Address + Income Verified),Female,35-44,88.82080617,FALSE,Mobile App (iOS)
val_956,Kevin Odhiambo,Food Delivery Courier,959,Tier 1 (Phone Verified),Non-Binary,18-24,71.92562195,TRUE,Agent
val_957,Akosua Sarpong,Agricultural Day Labourer,1046,Tier 3 (Address + Income Verified),Male,18-24,65.11000167,TRUE,USSD
val_958,Lerato Molefe,On-Demand Handyman,1203,Tier 1 (Phone Verified),Prefer Not to Say,18-24,28.14834493,TRUE,WhatsApp Bot
val_959,Kevin Odhiambo,Online Freelancer (Tech/Design),1823,Tier 1 (Phone Verified),Prefer Not to Say,55+,12.45816649,FALSE,USSD
val_960,Emeka Obi,Delivery Rider,1386,Tier 2 (ID Verified),Male,35-44,75.29489843,FALSE,Mobile App (Android)
val_961,Kevin Odhiambo,On-Demand Handyman,47,Tier 1 (Phone Verified),Prefer Not to Say,25-34,56.78903845,TRUE,WhatsApp Bot
val_962,Zanele Mokoena,Logistics Driver (Truck/Van),161,Tier 0 (Unverified),Female,18-24,62.27601698,FALSE,Agent
val_963,Yusuf Musa,Freelance Creative,0,Tier 3 (Address + Income Verified),Male,18-24,97.51133194,TRUE,Web
val_964,Bongani Ndlovu,Informal Vendor,721,Tier 1 (Phone Verified),Female,25-34,34.83209202,FALSE,Mobile App (Android)
val_965,Abena Boateng,Motorcycle Taxi Rider (Boda-Boda/Okada),639,Tier 3 (Address + Income Verified),Prefer Not to Say,45-54,80.07475292,TRUE,Web
val_966,Yaw Darko,Agricultural Day Labourer,1704,Tier 1 (Phone Verified),Prefer Not to Say,55+,55.89568409,FALSE,WhatsApp Bot
val_967,Samuel Kamau,On-Demand Handyman,668,Tier 3 (Address + Income Verified),Non-Binary,45-54,23.52599459,TRUE,Agent
val_968,Mpho Sithole,Delivery Rider,55,Tier 2 (ID Verified),Prefer Not to Say,55+,5.288833199,FALSE,Mobile App (Android)
val_969,Aisha Bello,Ride-Hailing Driver,1613,Tier 3 (Address + Income Verified),Female,25-34,61.6010892,FALSE,WhatsApp Bot
val_970,Grace Wanjiku,Informal Vendor,475,Tier 3 (Address + Income Verified),Prefer Not to Say,25-34,29.76161364,TRUE,USSD
val_971,Kevin Odhiambo,Food Delivery Courier,1666,Tier 0 (Unverified),Non-Binary,45-54,69.54783465,FALSE,WhatsApp Bot
val_972,Lydia Chebet,E-commerce Reseller,1414,Tier 3 (Address + Income Verified),Male,18-24,70.07271617,FALSE,USSD
val_973,James Kipkoech,Ride-Hailing Driver,1607,Tier 3 (Address + Income Verified),Male,55+,45.54604678,FALSE,USSD
val_974,Amara Nwosu,Tutor / Private Instructor,1496,Tier 2 (ID Verified),Female,45-54,53.63971168,FALSE,USSD
val_975,Chidinma Okeke,Domestic Worker,261,Tier 3 (Address + Income Verified),Male,18-24,62.65468577,TRUE,Mobile App (Android)
val_976,Ngozi Eze,Online Freelancer (Tech/Design),1143,Tier 3 (Address + Income Verified),Female,18-24,46.86049438,FALSE,Web
val_977,Kofi Mensah,Delivery Rider,752,Tier 2 (ID Verified),Prefer Not to Say,45-54,87.73706059,FALSE,Mobile App (iOS)
val_978,David Mwangi,Food Delivery Courier,1148,Tier 1 (Phone Verified),Male,45-54,7.593457525,FALSE,USSD
val_979,Kofi Mensah,On-Demand Handyman,1361,Tier 3 (Address + Income Verified),Non-Binary,25-34,97.98181594,FALSE,Mobile App (iOS)
val_980,Abena Boateng,On-Demand Handyman,914,Tier 0 (Unverified),Prefer Not to Say,45-54,3.345091141,TRUE,WhatsApp Bot
val_981,Kojo Ofori,Informal Vendor,570,Tier 2 (ID Verified),Female,35-44,20.80963559,TRUE,Agent
val_982,Ama Owusu,Online Freelancer (Tech/Design),1673,Tier 3 (Address + Income Verified),Non-Binary,45-54,70.83078547,TRUE,Web
val_983,Akosua Sarpong,Logistics Driver (Truck/Van),1211,Tier 3 (Address + Income Verified),Female,35-44,8.496025934,FALSE,Mobile App (Android)
val_984,Abena Boateng,Delivery Rider,1617,Tier 1 (Phone Verified),Female,35-44,26.21727532,TRUE,Agent
val_985,Nana Adjei,Freelance Creative,433,Tier 0 (Unverified),Prefer Not to Say,25-34,15.3976679,TRUE,Web
val_986,Yaw Darko,Online Freelancer (Tech/Design),1530,Tier 1 (Phone Verified),Non-Binary,18-24,72.35715638,TRUE,Web
val_987,Samuel Kamau,Domestic Worker,590,Tier 3 (Address + Income Verified),Female,18-24,57.89333913,FALSE,USSD
val_988,Chidinma Okeke,Online Freelancer (Tech/Design),840,Tier 2 (ID Verified),Prefer Not to Say,18-24,6.447861179,FALSE,Agent
val_989,Nomvula Khumalo,Domestic Worker,1571,Tier 0 (Unverified),Prefer Not to Say,55+,46.01342354,TRUE,Web
val_990,Esther Njeri,Ride-Hailing Driver,647,Tier 0 (Unverified),Prefer Not to Say,35-44,20.8502928,TRUE,USSD
val_991,Ama Owusu,E-commerce Reseller,457,Tier 1 (Phone Verified),Prefer Not to Say,25-34,96.7698598,FALSE,Mobile App (iOS)
val_992,Fatima Abdullahi,Logistics Driver (Truck/Van),1671,Tier 1 (Phone Verified),Female,55+,10.79179473,FALSE,Agent
val_993,Mary Wairimu,On-Demand Handyman,1760,Tier 0 (Unverified),Female,55+,59.80551754,FALSE,USSD
val_994,Ama Owusu,Motorcycle Taxi Rider (Boda-Boda/Okada),568,Tier 1 (Phone Verified),Male,25-34,48.18472358,FALSE,Web
val_995,Akosua Sarpong,Food Delivery Courier,559,Tier 1 (Phone Verified),Non-Binary,25-34,57.8084497,FALSE,WhatsApp Bot
val_996,Ama Owusu,Logistics Driver (Truck/Van),415,Tier 0 (Unverified),Prefer Not to Say,35-44,95.64928507,FALSE,Agent
val_997,David Mwangi,Tutor / Private Instructor,42,Tier 0 (Unverified),Non-Binary,55+,34.12818778,TRUE,Mobile App (iOS)
val_998,Lerato Molefe,Informal Vendor,1009,Tier 2 (ID Verified),Non-Binary,45-54,74.87663732,FALSE,USSD
val_999,Kwame Asante,Motorcycle Taxi Rider (Boda-Boda/Okada),465,Tier 3 (Address + Income Verified),Prefer Not to Say,35-44,44.74664772,TRUE,Web
val_1000,Thabo Nkosi,On-Demand Handyman,1550,Tier 3 (Address + Income Verified),Male,25-34,66.07616147,FALSE,WhatsApp Bot
val_1001,Adwoa Acheampong,Logistics Driver (Truck/Van),312,Tier 2 (ID Verified),Female,25-34,36.56575463,FALSE,WhatsApp Bot
val_1002,Kofi Mensah,On-Demand Handyman,1160,Tier 0 (Unverified),Non-Binary,18-24,22.71222053,TRUE,Agent
val_1003,Palesa Motsepe,Domestic Worker,925,Tier 3 (Address + Income Verified),Male,45-54,8.361635938,TRUE,USSD
val_1004,Amara Nwosu,E-commerce Reseller,1117,Tier 3 (Address + Income Verified),Prefer Not to Say,55+,10.17512513,TRUE,Mobile App (Android)
val_1005,Mpho Sithole,Food Delivery Courier,205,Tier 1 (Phone Verified),Male,45-54,95.94303188,TRUE,Mobile App (Android)
val_1006,Lungelo Zulu,Freelance Creative,851,Tier 1 (Phone Verified),Prefer Not to Say,25-34,78.84566197,TRUE,USSD
val_1007,Kwame Asante,Informal Vendor,1143,Tier 0 (Unverified),Non-Binary,35-44,24.495925,FALSE,USSD
val_1008,Adwoa Acheampong,Motorcycle Taxi Rider (Boda-Boda/Okada),622,Tier 3 (Address + Income Verified),Prefer Not to Say,55+,52.91472368,FALSE,Agent
val_1009,Kwame Asante,Motorcycle Taxi Rider (Boda-Boda/Okada),1597,Tier 3 (Address + Income Verified),Prefer Not to Say,35-44,71.42327244,FALSE,USSD
val_1010,Brian Otieno,Market Trader,966,Tier 0 (Unverified),Non-Binary,55+,35.2537902,FALSE,USSD
val_1011,Nomvula Khumalo,Informal Vendor,661,Tier 2 (ID Verified),Prefer Not to Say,35-44,43.99880582,FALSE,WhatsApp Bot
val_1012,Chidinma Okeke,On-Demand Handyman,56,Tier 1 (Phone Verified),Female,35-44,71.83819196,FALSE,Agent
val_1013,Samuel Kamau,Domestic Worker,307,Tier 2 (ID Verified),Non-Binary,35-44,22.74543148,TRUE,Web
val_1014,Kwame Asante,Domestic Worker,870,Tier 0 (Unverified),Prefer Not to Say,25-34,52.63443585,TRUE,Mobile App (Android)
val_1015,Zanele Mokoena,Motorcycle Taxi Rider (Boda-Boda/Okada),730,Tier 3 (Address + Income Verified),Male,35-44,21.00881717,TRUE,Mobile App (iOS)
val_1016,Faith Achieng,Freelance Creative,1591,Tier 1 (Phone Verified),Female,25-34,0.307760102,TRUE,Agent
val_1017,Lydia Chebet,Motorcycle Taxi Rider (Boda-Boda/Okada),1435,Tier 3 (Address + Income Verified),Male,45-54,69.02637356,FALSE,Web
val_1018,Aisha Bello,Informal Vendor,290,Tier 0 (Unverified),Non-Binary,45-54,70.72648596,TRUE,Mobile App (iOS)
val_1019,Babatunde Fashola,Informal Vendor,1080,Tier 2 (ID Verified),Prefer Not to Say,25-34,99.57226986,TRUE,WhatsApp Bot
val_1020,Tunde Adeyemi,Food Delivery Courier,829,Tier 1 (Phone Verified),Male,55+,18.10154444,FALSE,Web
val_1021,Tunde Adeyemi,Freelance Creative,184,Tier 3 (Address + Income Verified),Non-Binary,35-44,73.95803251,TRUE,Mobile App (Android)
val_1022,Lungelo Zulu,Freelance Creative,1215,Tier 2 (ID Verified),Female,55+,94.79674244,FALSE,USSD
val_1023,Zanele Mokoena,Online Freelancer (Tech/Design),980,Tier 2 (ID Verified),Prefer Not to Say,45-54,64.45803368,TRUE,USSD
val_1024,Thabo Nkosi,E-commerce Reseller,159,Tier 0 (Unverified),Male,55+,96.31405605,FALSE,WhatsApp Bot
val_1025,Tunde Adeyemi,Informal Vendor,854,Tier 2 (ID Verified),Male,55+,99.44409853,FALSE,Web
val_1026,Ngozi Eze,Mobile Money Agent,1336,Tier 0 (Unverified),Male,25-34,80.16244018,FALSE,Mobile App (iOS)
val_1027,Grace Wanjiku,Agricultural Day Labourer,597,Tier 1 (Phone Verified),Female,25-34,99.92859087,TRUE,Web
val_1028,Kofi Mensah,E-commerce Reseller,651,Tier 0 (Unverified),Female,55+,62.58244593,FALSE,WhatsApp Bot
val_1029,Esther Njeri,Freelance Creative,201,Tier 0 (Unverified),Prefer Not to Say,25-34,49.70556926,FALSE,USSD
val_1030,Lydia Chebet,Online Freelancer (Tech/Design),373,Tier 2 (ID Verified),Female,45-54,91.76362544,TRUE,WhatsApp Bot
val_1031,Emeka Obi,Agricultural Day Labourer,1791,Tier 0 (Unverified),Male,18-24,83.09558414,TRUE,Mobile App (iOS)
val_1032,Adwoa Acheampong,Informal Vendor,1133,Tier 2 (ID Verified),Non-Binary,55+,11.01120733,TRUE,Mobile App (iOS)
val_1033,Samuel Kamau,Tutor / Private Instructor,321,Tier 3 (Address + Income Verified),Male,45-54,30.27226468,TRUE,USSD
val_1034,Tunde Adeyemi,Food Delivery Courier,881,Tier 0 (Unverified),Female,35-44,26.06451204,FALSE,Web
val_1035,Adwoa Acheampong,Motorcycle Taxi Rider (Boda-Boda/Okada),351,Tier 2 (ID Verified),Non-Binary,35-44,85.52616594,FALSE,Agent
val_1036,Mpho Sithole,Domestic Worker,808,Tier 1 (Phone Verified),Female,45-54,23.32453543,FALSE,USSD
val_1037,Chukwuemeka Okonkwo,Freelance Creative,265,Tier 1 (Phone Verified),Non-Binary,25-34,30.40447725,FALSE,Agent
val_1038,Mary Wairimu,Mobile Money Agent,1129,Tier 2 (ID Verified),Female,25-34,51.87886543,FALSE,USSD
val_1039,Zanele Mokoena,Food Delivery Courier,1041,Tier 2 (ID Verified),Prefer Not to Say,25-34,7.611948671,FALSE,Mobile App (Android)
val_1040,Kojo Ofori,Market Trader,1156,Tier 2 (ID Verified),Female,18-24,96.12296426,FALSE,Agent
val_1041,Lungelo Zulu,Market Trader,810,Tier 0 (Unverified),Prefer Not to Say,55+,49.10627765,FALSE,Web
val_1042,Kevin Odhiambo,Market Trader,522,Tier 2 (ID Verified),Non-Binary,45-54,19.0433724,FALSE,USSD
val_1043,David Mwangi,Informal Vendor,455,Tier 1 (Phone Verified),Non-Binary,35-44,27.08207378,TRUE,Mobile App (iOS)
val_1044,Kojo Ofori,Domestic Worker,392,Tier 1 (Phone Verified),Male,55+,79.80837471,FALSE,Mobile App (Android)
val_1045,Emeka Obi,E-commerce Reseller,784,Tier 3 (Address + Income Verified),Male,45-54,63.40064802,TRUE,Web
val_1046,Chidinma Okeke,Motorcycle Taxi Rider (Boda-Boda/Okada),824,Tier 0 (Unverified),Non-Binary,35-44,46.46260242,FALSE,Web
val_1047,Yaw Darko,Domestic Worker,1229,Tier 1 (Phone Verified),Female,18-24,33.16013674,TRUE,Agent
val_1048,Nana Adjei,Delivery Rider,95,Tier 1 (Phone Verified),Female,35-44,90.0684363,FALSE,Web
val_1049,Babatunde Fashola,Freelance Creative,514,Tier 0 (Unverified),Prefer Not to Say,18-24,77.25645403,TRUE,Mobile App (iOS)
val_1050,Kwame Asante,Mobile Money Agent,1556,Tier 3 (Address + Income Verified),Female,45-54,71.81120373,FALSE,Agent
val_1051,David Mwangi,Delivery Rider,1671,Tier 1 (Phone Verified),Female,18-24,44.60005046,FALSE,Mobile App (Android)
val_1052,Kwame Asante,Market Trader,1699,Tier 2 (ID Verified),Non-Binary,35-44,98.11601508,TRUE,WhatsApp Bot
val_1053,Lerato Molefe,Freelance Creative,559,Tier 1 (Phone Verified),Prefer Not to Say,25-34,71.00702968,FALSE,Mobile App (Android)
val_1054,Ngozi Eze,Logistics Driver (Truck/Van),250,Tier 3 (Address + Income Verified),Prefer Not to Say,18-24,42.3624725,TRUE,WhatsApp Bot
val_1055,Thandeka Mthembu,Logistics Driver (Truck/Van),361,Tier 2 (ID Verified),Non-Binary,35-44,96.05520437,TRUE,Web
val_1056,Mary Wairimu,Ride-Hailing Driver,240,Tier 1 (Phone Verified),Male,25-34,89.57249965,FALSE,WhatsApp Bot
val_1057,Sipho Dlamini,On-Demand Handyman,1743,Tier 3 (Address + Income Verified),Male,25-34,73.99651935,TRUE,Agent
val_1058,Kevin Odhiambo,On-Demand Handyman,1613,Tier 3 (Address + Income Verified),Non-Binary,55+,76.69961216,TRUE,Mobile App (iOS)
val_1059,Samuel Kamau,Market Trader,1480,Tier 2 (ID Verified),Non-Binary,25-34,42.36274997,FALSE,Mobile App (Android)
val_1060,Sipho Dlamini,E-commerce Reseller,1332,Tier 0 (Unverified),Male,35-44,50.73505036,TRUE,Mobile App (Android)
val_1061,Efua Antwi,Informal Vendor,626,Tier 2 (ID Verified),Non-Binary,18-24,19.1547339,FALSE,WhatsApp Bot
val_1062,Amara Nwosu,Market Trader,868,Tier 2 (ID Verified),Prefer Not to Say,25-34,59.53962455,TRUE,USSD
val_1063,Kojo Ofori,Ride-Hailing Driver,1536,Tier 1 (Phone Verified),Male,25-34,36.99165484,TRUE,Web
val_1064,Sipho Dlamini,Market Trader,1487,Tier 0 (Unverified),Prefer Not to Say,45-54,34.74383256,TRUE,Web
val_1065,Faith Achieng,Food Delivery Courier,947,Tier 2 (ID Verified),Female,18-24,94.82282011,TRUE,USSD
val_1066,Bongani Ndlovu,Market Trader,1529,Tier 3 (Address + Income Verified),Female,55+,16.47834332,FALSE,WhatsApp Bot
val_1067,Akosua Sarpong,Food Delivery Courier,633,Tier 1 (Phone Verified),Non-Binary,18-24,82.99735841,TRUE,USSD
val_1068,Esther Njeri,Delivery Rider,755,Tier 1 (Phone Verified),Male,45-54,28.1468571,FALSE,USSD
val_1069,Chukwuemeka Okonkwo,Tutor / Private Instructor,1533,Tier 0 (Unverified),Male,18-24,2.865562902,TRUE,Agent
val_1070,Nana Adjei,Motorcycle Taxi Rider (Boda-Boda/Okada),687,Tier 2 (ID Verified),Prefer Not to Say,55+,4.046307983,FALSE,USSD
val_1071,Yusuf Musa,Agricultural Day Labourer,1373,Tier 3 (Address + Income Verified),Female,45-54,42.91774926,TRUE,USSD
val_1072,Sipho Dlamini,Agricultural Day Labourer,827,Tier 3 (Address + Income Verified),Male,55+,45.44609061,TRUE,Agent
val_1073,Ama Owusu,On-Demand Handyman,543,Tier 1 (Phone Verified),Non-Binary,55+,32.02511284,FALSE,WhatsApp Bot
val_1074,James Kipkoech,Online Freelancer (Tech/Design),399,Tier 0 (Unverified),Male,55+,66.87796056,FALSE,USSD
val_1075,Emeka Obi,Ride-Hailing Driver,1107,Tier 1 (Phone Verified),Prefer Not to Say,45-54,48.53427785,TRUE,Agent
val_1076,Kojo Ofori,Freelance Creative,875,Tier 3 (Address + Income Verified),Male,55+,7.411306633,FALSE,Agent
val_1077,Emeka Obi,Delivery Rider,674,Tier 0 (Unverified),Non-Binary,18-24,34.80711949,FALSE,USSD
val_1078,Kevin Odhiambo,Domestic Worker,1357,Tier 0 (Unverified),Female,45-54,10.19627338,TRUE,USSD
val_1079,Zanele Mokoena,On-Demand Handyman,1,Tier 3 (Address + Income Verified),Prefer Not to Say,55+,6.291569389,TRUE,Mobile App (iOS)
val_1080,Mpho Sithole,Online Freelancer (Tech/Design),168,Tier 2 (ID Verified),Non-Binary,25-34,20.8306625,TRUE,Web
val_1081,Thandeka Mthembu,Market Trader,1756,Tier 0 (Unverified),Prefer Not to Say,55+,70.05754612,TRUE,Mobile App (Android)
val_1082,Lerato Molefe,Food Delivery Courier,1211,Tier 0 (Unverified),Male,35-44,69.60016457,TRUE,Mobile App (iOS)
val_1083,Kofi Mensah,Online Freelancer (Tech/Design),1003,Tier 1 (Phone Verified),Female,35-44,86.13891271,TRUE,Mobile App (iOS)
val_1084,Yusuf Musa,Agricultural Day Labourer,26,Tier 2 (ID Verified),Prefer Not to Say,25-34,75.64192925,TRUE,Web
val_1085,Zanele Mokoena,Informal Vendor,1092,Tier 3 (Address + Income Verified),Male,18-24,53.54956873,FALSE,Mobile App (Android)
val_1086,Thabo Nkosi,Mobile Money Agent,793,Tier 3 (Address + Income Verified),Prefer Not to Say,55+,31.2612088,FALSE,Web
val_1087,Thandeka Mthembu,Mobile Money Agent,1095,Tier 1 (Phone Verified),Prefer Not to Say,45-54,0.581149517,FALSE,Web
val_1088,Nana Adjei,Market Trader,74,Tier 1 (Phone Verified),Non-Binary,35-44,64.71374813,FALSE,Agent
val_1089,Amara Nwosu,Informal Vendor,1005,Tier 3 (Address + Income Verified),Male,55+,28.97131876,TRUE,Web
val_1090,Kwame Asante,Food Delivery Courier,1055,Tier 3 (Address + Income Verified),Prefer Not to Say,18-24,25.01001017,FALSE,Mobile App (Android)
val_1091,Mary Wairimu,Tutor / Private Instructor,529,Tier 0 (Unverified),Prefer Not to Say,45-54,97.48255408,TRUE,WhatsApp Bot
val_1092,Zanele Mokoena,Delivery Rider,99,Tier 2 (ID Verified),Female,35-44,17.42401924,TRUE,Mobile App (Android)
val_1093,Faith Achieng,Mobile Money Agent,1774,Tier 2 (ID Verified),Non-Binary,45-54,3.243473985,FALSE,Mobile App (Android)
val_1094,Esther Njeri,Freelance Creative,1295,Tier 0 (Unverified),Male,18-24,94.93903952,TRUE,Agent
val_1095,Ngozi Eze,On-Demand Handyman,1135,Tier 3 (Address + Income Verified),Female,45-54,30.60067221,TRUE,Mobile App (iOS)
val_1096,Zanele Mokoena,Agricultural Day Labourer,1400,Tier 1 (Phone Verified),Male,45-54,39.34200506,FALSE,Mobile App (iOS)
val_1097,Sipho Dlamini,Online Freelancer (Tech/Design),1225,Tier 2 (ID Verified),Non-Binary,55+,8.093490394,FALSE,Web
val_1098,Aisha Bello,Informal Vendor,245,Tier 1 (Phone Verified),Non-Binary,25-34,40.40652145,FALSE,Agent
val_1099,Mary Wairimu,Food Delivery Courier,830,Tier 2 (ID Verified),Non-Binary,18-24,97.22212908,FALSE,Mobile App (iOS)
val_1100,Lydia Chebet,Food Delivery Courier,1622,Tier 3 (Address + Income Verified),Non-Binary,18-24,69.40197178,FALSE,Web
val_1101,James Kipkoech,Online Freelancer (Tech/Design),525,Tier 1 (Phone Verified),Prefer Not to Say,18-24,47.38248448,TRUE,Mobile App (iOS)
val_1102,Mpho Sithole,E-commerce Reseller,1775,Tier 1 (Phone Verified),Male,25-34,30.7471646,TRUE,WhatsApp Bot
val_1103,Emeka Obi,Motorcycle Taxi Rider (Boda-Boda/Okada),117,Tier 3 (Address + Income Verified),Male,55+,36.60439593,FALSE,WhatsApp Bot
val_1104,Samuel Kamau,Logistics Driver (Truck/Van),603,Tier 3 (Address + Income Verified),Male,18-24,61.122815,FALSE,Mobile App (iOS)
val_1105,Fatima Abdullahi,On-Demand Handyman,639,Tier 3 (Address + Income Verified),Prefer Not to Say,18-24,25.44500626,FALSE,Web
val_1106,Chidinma Okeke,Ride-Hailing Driver,1127,Tier 3 (Address + Income Verified),Male,18-24,15.19475255,TRUE,Web
val_1107,Mpho Sithole,Informal Vendor,321,Tier 2 (ID Verified),Male,25-34,69.62286739,FALSE,WhatsApp Bot
val_1108,Bongani Ndlovu,On-Demand Handyman,418,Tier 3 (Address + Income Verified),Male,45-54,86.94697771,FALSE,Mobile App (iOS)
val_1109,Aisha Bello,On-Demand Handyman,1208,Tier 3 (Address + Income Verified),Prefer Not to Say,25-34,90.15389084,TRUE,Mobile App (iOS)
val_1110,Akosua Sarpong,Logistics Driver (Truck/Van),519,Tier 0 (Unverified),Non-Binary,35-44,84.14185319,TRUE,Mobile App (Android)
val_1111,Chidinma Okeke,E-commerce Reseller,1605,Tier 2 (ID Verified),Prefer Not to Say,25-34,53.05996817,FALSE,Agent
val_1112,Fatima Abdullahi,Mobile Money Agent,1588,Tier 0 (Unverified),Male,55+,78.8830969,TRUE,Agent
val_1113,Grace Wanjiku,On-Demand Handyman,552,Tier 2 (ID Verified),Female,18-24,92.63557318,TRUE,Mobile App (iOS)
val_1114,Fatima Abdullahi,Delivery Rider,1022,Tier 1 (Phone Verified),Non-Binary,25-34,2.336258961,FALSE,Mobile App (Android)
val_1115,Lydia Chebet,Delivery Rider,607,Tier 1 (Phone Verified),Male,35-44,41.20982177,FALSE,Mobile App (iOS)
val_1116,Thandeka Mthembu,Logistics Driver (Truck/Van),629,Tier 3 (Address + Income Verified),Prefer Not to Say,55+,20.41254796,FALSE,Agent
val_1117,Abena Boateng,Food Delivery Courier,1224,Tier 2 (ID Verified),Prefer Not to Say,35-44,99.67687854,FALSE,USSD
val_1118,Kojo Ofori,E-commerce Reseller,535,Tier 2 (ID Verified),Male,18-24,92.95660096,FALSE,Agent
val_1119,Lydia Chebet,Freelance Creative,272,Tier 3 (Address + Income Verified),Prefer Not to Say,35-44,80.21859511,TRUE,WhatsApp Bot
val_1120,Chukwuemeka Okonkwo,Food Delivery Courier,473,Tier 0 (Unverified),Female,25-34,29.58798051,TRUE,Mobile App (Android)
val_1121,Ngozi Eze,Domestic Worker,1697,Tier 2 (ID Verified),Female,25-34,95.21022645,FALSE,Mobile App (iOS)
val_1122,Brian Otieno,Logistics Driver (Truck/Van),473,Tier 0 (Unverified),Prefer Not to Say,55+,2.925044006,TRUE,USSD
val_1123,Chidinma Okeke,Mobile Money Agent,664,Tier 0 (Unverified),Non-Binary,55+,18.80397065,FALSE,Agent
val_1124,Zanele Mokoena,Delivery Rider,1148,Tier 0 (Unverified),Male,25-34,61.68737542,FALSE,Mobile App (iOS)
val_1125,Zanele Mokoena,Food Delivery Courier,184,Tier 2 (ID Verified),Prefer Not to Say,35-44,79.30067121,FALSE,WhatsApp Bot
val_1126,Lungelo Zulu,Delivery Rider,490,Tier 2 (ID Verified),Non-Binary,35-44,88.36308531,TRUE,WhatsApp Bot
val_1127,Akosua Sarpong,Online Freelancer (Tech/Design),318,Tier 3 (Address + Income Verified),Male,55+,30.05086107,FALSE,Web
val_1128,Kofi Mensah,Freelance Creative,1687,Tier 1 (Phone Verified),Non-Binary,55+,39.08046011,FALSE,Mobile App (Android)
val_1129,Akosua Sarpong,Market Trader,1703,Tier 3 (Address + Income Verified),Non-Binary,25-34,45.4827402,FALSE,Mobile App (Android)
val_1130,Kevin Odhiambo,Motorcycle Taxi Rider (Boda-Boda/Okada),1379,Tier 1 (Phone Verified),Female,18-24,2.697381853,FALSE,Mobile App (iOS)
val_1131,Nana Adjei,Mobile Money Agent,451,Tier 0 (Unverified),Female,18-24,86.39692531,TRUE,Agent
val_1132,Nomvula Khumalo,Online Freelancer (Tech/Design),1125,Tier 0 (Unverified),Prefer Not to Say,18-24,33.79484154,FALSE,USSD
val_1133,Sipho Dlamini,Mobile Money Agent,1209,Tier 0 (Unverified),Male,45-54,19.92784538,FALSE,Mobile App (iOS)
val_1134,Yaw Darko,On-Demand Handyman,1587,Tier 1 (Phone Verified),Non-Binary,45-54,40.91970631,TRUE,USSD
val_1135,Tunde Adeyemi,Delivery Rider,285,Tier 1 (Phone Verified),Prefer Not to Say,55+,71.05633749,FALSE,Mobile App (Android)
val_1136,Kojo Ofori,Delivery Rider,1344,Tier 3 (Address + Income Verified),Prefer Not to Say,18-24,87.09155794,FALSE,Mobile App (iOS)
val_1137,David Mwangi,Agricultural Day Labourer,354,Tier 0 (Unverified),Female,18-24,21.53764662,FALSE,USSD
val_1138,Adwoa Acheampong,Ride-Hailing Driver,1038,Tier 1 (Phone Verified),Female,18-24,17.2612967,TRUE,Mobile App (Android)
val_1139,Ama Owusu,Mobile Money Agent,1605,Tier 3 (Address + Income Verified),Prefer Not to Say,45-54,94.37829678,FALSE,Agent
val_1140,Palesa Motsepe,Freelance Creative,113,Tier 0 (Unverified),Female,18-24,55.08930192,TRUE,WhatsApp Bot
val_1141,Esther Njeri,Ride-Hailing Driver,270,Tier 1 (Phone Verified),Non-Binary,45-54,36.5772019,TRUE,Web
val_1142,Bongani Ndlovu,E-commerce Reseller,1484,Tier 0 (Unverified),Non-Binary,55+,19.93194551,FALSE,Mobile App (Android)
val_1143,Zanele Mokoena,Tutor / Private Instructor,34,Tier 2 (ID Verified),Non-Binary,18-24,99.52478222,TRUE,WhatsApp Bot
val_1144,Esther Njeri,Motorcycle Taxi Rider (Boda-Boda/Okada),1251,Tier 3 (Address + Income Verified),Non-Binary,45-54,71.91842871,TRUE,Mobile App (iOS)
val_1145,Lydia Chebet,Logistics Driver (Truck/Van),915,Tier 0 (Unverified),Female,35-44,21.78853082,TRUE,Mobile App (iOS)
val_1146,Ama Owusu,Domestic Worker,632,Tier 1 (Phone Verified),Female,55+,9.125944483,FALSE,WhatsApp Bot
val_1147,Sipho Dlamini,Agricultural Day Labourer,1575,Tier 1 (Phone Verified),Female,25-34,19.9282344,FALSE,Mobile App (iOS)
val_1148,Efua Antwi,Motorcycle Taxi Rider (Boda-Boda/Okada),1550,Tier 3 (Address + Income Verified),Non-Binary,25-34,24.77426039,FALSE,Web
val_1149,Lungelo Zulu,Online Freelancer (Tech/Design),595,Tier 3 (Address + Income Verified),Prefer Not to Say,18-24,11.10856493,TRUE,USSD
val_1150,David Mwangi,Ride-Hailing Driver,8,Tier 0 (Unverified),Non-Binary,45-54,22.96513707,TRUE,Mobile App (Android)
val_1151,Kwame Asante,Online Freelancer (Tech/Design),234,Tier 1 (Phone Verified),Non-Binary,55+,11.67797049,TRUE,WhatsApp Bot
val_1152,Mary Wairimu,On-Demand Handyman,196,Tier 3 (Address + Income Verified),Female,18-24,37.77317009,FALSE,Mobile App (Android)
val_1153,Mpho Sithole,Market Trader,1793,Tier 0 (Unverified),Prefer Not to Say,35-44,48.61952592,TRUE,WhatsApp Bot
val_1154,Samuel Kamau,Ride-Hailing Driver,1089,Tier 3 (Address + Income Verified),Female,45-54,45.52849726,TRUE,Mobile App (iOS)
val_1155,Abena Boateng,On-Demand Handyman,1235,Tier 0 (Unverified),Female,45-54,82.92100683,FALSE,WhatsApp Bot
val_1156,Babatunde Fashola,Motorcycle Taxi Rider (Boda-Boda/Okada),421,Tier 2 (ID Verified),Male,55+,25.39953863,FALSE,Mobile App (iOS)
val_1157,Lungelo Zulu,On-Demand Handyman,1553,Tier 3 (Address + Income Verified),Female,45-54,88.70938239,TRUE,Mobile App (iOS)
val_1158,Faith Achieng,Informal Vendor,1319,Tier 2 (ID Verified),Non-Binary,55+,90.81228185,FALSE,Mobile App (iOS)
val_1159,Esther Njeri,Freelance Creative,1373,Tier 3 (Address + Income Verified),Male,55+,95.9799712,TRUE,Mobile App (Android)
val_1160,Abena Boateng,Food Delivery Courier,855,Tier 2 (ID Verified),Male,55+,18.09832339,TRUE,WhatsApp Bot
val_1161,Lydia Chebet,Food Delivery Courier,1274,Tier 0 (Unverified),Prefer Not to Say,35-44,24.57511462,TRUE,Agent
val_1162,Zanele Mokoena,Food Delivery Courier,993,Tier 2 (ID Verified),Prefer Not to Say,35-44,62.38322774,FALSE,Agent
val_1163,Ama Owusu,Motorcycle Taxi Rider (Boda-Boda/Okada),702,Tier 2 (ID Verified),Female,35-44,14.08916332,TRUE,Mobile App (iOS)
val_1164,Kwame Asante,Food Delivery Courier,1085,Tier 1 (Phone Verified),Female,55+,8.562133034,TRUE,Web
val_1165,Babatunde Fashola,On-Demand Handyman,592,Tier 0 (Unverified),Non-Binary,25-34,7.369721203,TRUE,Mobile App (iOS)
val_1166,Chukwuemeka Okonkwo,Freelance Creative,1739,Tier 2 (ID Verified),Prefer Not to Say,45-54,60.61496347,FALSE,Mobile App (Android)
val_1167,Faith Achieng,Informal Vendor,1309,Tier 2 (ID Verified),Female,45-54,80.4678142,TRUE,USSD
val_1168,Thandeka Mthembu,Logistics Driver (Truck/Van),1349,Tier 3 (Address + Income Verified),Male,18-24,25.88856627,FALSE,WhatsApp Bot
val_1169,Mpho Sithole,Informal Vendor,1308,Tier 0 (Unverified),Female,35-44,93.35338871,FALSE,USSD
val_1170,Akosua Sarpong,Domestic Worker,818,Tier 2 (ID Verified),Female,18-24,79.19355079,FALSE,WhatsApp Bot
val_1171,Akosua Sarpong,Freelance Creative,1735,Tier 3 (Address + Income Verified),Non-Binary,45-54,7.746040537,TRUE,Mobile App (iOS)
val_1172,Faith Achieng,Online Freelancer (Tech/Design),379,Tier 3 (Address + Income Verified),Male,35-44,40.73031285,TRUE,USSD
val_1173,Fatima Abdullahi,Food Delivery Courier,1038,Tier 3 (Address + Income Verified),Non-Binary,25-34,6.801486603,TRUE,WhatsApp Bot
val_1174,Chukwuemeka Okonkwo,Mobile Money Agent,126,Tier 0 (Unverified),Male,18-24,91.51941578,FALSE,Web
val_1175,Esther Njeri,Mobile Money Agent,537,Tier 0 (Unverified),Prefer Not to Say,18-24,74.28021445,FALSE,Web
val_1176,Samuel Kamau,Informal Vendor,1049,Tier 2 (ID Verified),Non-Binary,45-54,68.65451304,FALSE,Agent
val_1177,Fatima Abdullahi,Domestic Worker,893,Tier 1 (Phone Verified),Male,55+,68.27018466,TRUE,Web
val_1178,Brian Otieno,Informal Vendor,1718,Tier 0 (Unverified),Prefer Not to Say,25-34,28.51825019,FALSE,USSD
val_1179,Chukwuemeka Okonkwo,Online Freelancer (Tech/Design),1120,Tier 0 (Unverified),Non-Binary,55+,93.35391552,TRUE,Mobile App (Android)
val_1180,Yaw Darko,Market Trader,751,Tier 0 (Unverified),Non-Binary,35-44,92.27766582,TRUE,Agent
val_1181,Bongani Ndlovu,Online Freelancer (Tech/Design),779,Tier 1 (Phone Verified),Male,25-34,73.94888094,TRUE,Web
val_1182,Efua Antwi,Delivery Rider,1116,Tier 2 (ID Verified),Male,35-44,46.89302071,TRUE,Agent
val_1183,Mary Wairimu,Online Freelancer (Tech/Design),1444,Tier 0 (Unverified),Prefer Not to Say,45-54,4.711573079,TRUE,Mobile App (iOS)
val_1184,Kevin Odhiambo,Delivery Rider,504,Tier 0 (Unverified),Female,55+,2.831135014,TRUE,Web
val_1185,Samuel Kamau,Logistics Driver (Truck/Van),1067,Tier 1 (Phone Verified),Non-Binary,35-44,13.81343329,FALSE,USSD
val_1186,Amara Nwosu,Market Trader,1049,Tier 3 (Address + Income Verified),Prefer Not to Say,25-34,59.57646937,TRUE,Agent
val_1187,Abena Boateng,Tutor / Private Instructor,17,Tier 3 (Address + Income Verified),Female,45-54,79.80993792,FALSE,Mobile App (iOS)
val_1188,Kofi Mensah,Motorcycle Taxi Rider (Boda-Boda/Okada),1666,Tier 1 (Phone Verified),Female,35-44,94.84657603,FALSE,Mobile App (iOS)
val_1189,Chukwuemeka Okonkwo,Mobile Money Agent,1040,Tier 0 (Unverified),Prefer Not to Say,25-34,17.53620793,TRUE,USSD
val_1190,Kevin Odhiambo,Online Freelancer (Tech/Design),442,Tier 0 (Unverified),Male,35-44,27.55278808,FALSE,WhatsApp Bot
val_1191,Grace Wanjiku,Ride-Hailing Driver,1156,Tier 3 (Address + Income Verified),Female,35-44,5.410028705,FALSE,WhatsApp Bot
val_1192,Emeka Obi,Food Delivery Courier,1237,Tier 1 (Phone Verified),Prefer Not to Say,18-24,98.90471669,TRUE,WhatsApp Bot
val_1193,Kojo Ofori,Motorcycle Taxi Rider (Boda-Boda/Okada),1671,Tier 0 (Unverified),Male,18-24,78.09150792,FALSE,WhatsApp Bot
val_1194,Ama Owusu,Freelance Creative,62,Tier 3 (Address + Income Verified),Female,45-54,48.07141292,FALSE,Agent
val_1195,Akosua Sarpong,Market Trader,755,Tier 2 (ID Verified),Female,18-24,57.55653553,TRUE,Mobile App (Android)
val_1196,Kojo Ofori,On-Demand Handyman,328,Tier 1 (Phone Verified),Male,35-44,56.21744113,FALSE,USSD
val_1197,Thandeka Mthembu,Food Delivery Courier,1048,Tier 1 (Phone Verified),Male,45-54,25.43607531,FALSE,Agent
val_1198,Thabo Nkosi,Delivery Rider,915,Tier 0 (Unverified),Female,25-34,18.53906943,FALSE,WhatsApp Bot
val_1199,Yaw Darko,Delivery Rider,867,Tier 3 (Address + Income Verified),Prefer Not to Say,25-34,29.69757166,FALSE,Mobile App (iOS)
val_1200,Palesa Motsepe,Tutor / Private Instructor,1793,Tier 3 (Address + Income Verified),Male,55+,24.71535498,TRUE,WhatsApp Bot
val_1201,Lydia Chebet,Tutor / Private Instructor,970,Tier 0 (Unverified),Non-Binary,18-24,55.75280899,FALSE,USSD
val_1202,Thandeka Mthembu,Food Delivery Courier,750,Tier 2 (ID Verified),Female,45-54,30.82028058,TRUE,Mobile App (Android)
val_1203,Sipho Dlamini,Delivery Rider,122,Tier 0 (Unverified),Prefer Not to Say,18-24,72.89447916,FALSE,Agent
val_1204,Nana Adjei,Ride-Hailing Driver,528,Tier 1 (Phone Verified),Female,55+,56.79397329,FALSE,Mobile App (iOS)
val_1205,Mpho Sithole,Tutor / Private Instructor,1638,Tier 2 (ID Verified),Prefer Not to Say,35-44,53.22637654,TRUE,Web
val_1206,Kwame Asante,Agricultural Day Labourer,824,Tier 0 (Unverified),Female,18-24,95.12937671,FALSE,Mobile App (iOS)
val_1207,Kojo Ofori,Informal Vendor,1662,Tier 2 (ID Verified),Prefer Not to Say,45-54,32.24095354,FALSE,Web
val_1208,Grace Wanjiku,Freelance Creative,972,Tier 0 (Unverified),Prefer Not to Say,18-24,63.52698632,FALSE,Mobile App (Android)
val_1209,Lerato Molefe,On-Demand Handyman,1000,Tier 2 (ID Verified),Female,25-34,0.005062703,TRUE,USSD
val_1210,Yaw Darko,Ride-Hailing Driver,784,Tier 1 (Phone Verified),Non-Binary,35-44,73.69236473,TRUE,Agent
val_1211,Nomvula Khumalo,Agricultural Day Labourer,1016,Tier 0 (Unverified),Male,45-54,50.2543929,FALSE,Agent
val_1212,James Kipkoech,Domestic Worker,121,Tier 3 (Address + Income Verified),Female,35-44,20.83849573,FALSE,Agent
val_1213,Lungelo Zulu,Freelance Creative,105,Tier 1 (Phone Verified),Female,55+,0.151055643,TRUE,USSD
val_1214,Tunde Adeyemi,Agricultural Day Labourer,868,Tier 3 (Address + Income Verified),Prefer Not to Say,35-44,70.6943964,FALSE,Mobile App (iOS)
val_1215,Babatunde Fashola,On-Demand Handyman,1091,Tier 3 (Address + Income Verified),Prefer Not to Say,25-34,66.27007036,TRUE,USSD
val_1216,Kwame Asante,Mobile Money Agent,1005,Tier 0 (Unverified),Prefer Not to Say,25-34,66.54071165,FALSE,Web
val_1217,Adwoa Acheampong,Delivery Rider,783,Tier 2 (ID Verified),Prefer Not to Say,55+,43.74548231,TRUE,USSD
val_1218,Thabo Nkosi,Ride-Hailing Driver,536,Tier 1 (Phone Verified),Prefer Not to Say,45-54,63.92973258,FALSE,WhatsApp Bot
val_1219,Mary Wairimu,Tutor / Private Instructor,1294,Tier 2 (ID Verified),Prefer Not to Say,18-24,57.13347901,FALSE,USSD
val_1220,Akosua Sarpong,Freelance Creative,1104,Tier 2 (ID Verified),Non-Binary,45-54,23.88950446,FALSE,Agent
val_1221,Kofi Mensah,Freelance Creative,86,Tier 1 (Phone Verified),Male,35-44,51.87680415,FALSE,Mobile App (iOS)
val_1222,Lerato Molefe,Agricultural Day Labourer,826,Tier 2 (ID Verified),Prefer Not to Say,25-34,51.45927946,TRUE,USSD
val_1223,Nana Adjei,Food Delivery Courier,1298,Tier 1 (Phone Verified),Male,18-24,82.36228882,FALSE,Mobile App (iOS)
val_1224,Kevin Odhiambo,Market Trader,1431,Tier 3 (Address + Income Verified),Male,55+,43.34890227,TRUE,USSD
val_1225,Lerato Molefe,Agricultural Day Labourer,523,Tier 3 (Address + Income Verified),Prefer Not to Say,18-24,43.60854358,TRUE,Web
val_1226,Babatunde Fashola,Domestic Worker,1688,Tier 0 (Unverified),Male,55+,98.44044713,TRUE,WhatsApp Bot
val_1227,Thandeka Mthembu,On-Demand Handyman,1190,Tier 2 (ID Verified),Male,18-24,89.44638729,TRUE,Mobile App (Android)
val_1228,Emeka Obi,Ride-Hailing Driver,799,Tier 3 (Address + Income Verified),Non-Binary,35-44,24.228599,FALSE,Mobile App (iOS)
val_1229,Grace Wanjiku,Mobile Money Agent,1145,Tier 0 (Unverified),Non-Binary,18-24,91.02930947,TRUE,USSD
val_1230,Thabo Nkosi,E-commerce Reseller,1591,Tier 2 (ID Verified),Male,35-44,13.79666563,TRUE,Mobile App (iOS)
val_1231,Adwoa Acheampong,On-Demand Handyman,414,Tier 3 (Address + Income Verified),Female,55+,85.33910587,TRUE,WhatsApp Bot
val_1232,Lerato Molefe,Delivery Rider,274,Tier 0 (Unverified),Male,35-44,18.33233767,TRUE,Agent
val_1233,Adwoa Acheampong,Delivery Rider,804,Tier 2 (ID Verified),Female,35-44,42.56033489,TRUE,WhatsApp Bot
val_1234,Akosua Sarpong,Informal Vendor,153,Tier 3 (Address + Income Verified),Male,18-24,98.39216313,TRUE,Web
val_1235,Esther Njeri,Agricultural Day Labourer,1525,Tier 1 (Phone Verified),Non-Binary,55+,9.704893655,FALSE,USSD
val_1236,Chukwuemeka Okonkwo,Logistics Driver (Truck/Van),1772,Tier 0 (Unverified),Female,25-34,83.978782,FALSE,USSD
val_1237,Babatunde Fashola,Freelance Creative,1105,Tier 1 (Phone Verified),Prefer Not to Say,35-44,49.47339495,FALSE,Mobile App (iOS)
val_1238,Grace Wanjiku,Tutor / Private Instructor,1789,Tier 1 (Phone Verified),Male,55+,11.09913658,TRUE,WhatsApp Bot
val_1239,Aisha Bello,Freelance Creative,125,Tier 2 (ID Verified),Prefer Not to Say,45-54,95.24913791,TRUE,Mobile App (Android)
val_1240,Kwame Asante,On-Demand Handyman,1155,Tier 1 (Phone Verified),Prefer Not to Say,45-54,54.92313681,FALSE,USSD
val_1241,Nomvula Khumalo,Delivery Rider,808,Tier 1 (Phone Verified),Female,18-24,88.06410219,TRUE,WhatsApp Bot
val_1242,Lerato Molefe,Online Freelancer (Tech/Design),506,Tier 3 (Address + Income Verified),Non-Binary,35-44,86.9106942,TRUE,Mobile App (Android)
val_1243,Lydia Chebet,Freelance Creative,569,Tier 2 (ID Verified),Female,35-44,1.463458294,FALSE,Mobile App (iOS)
val_1244,Palesa Motsepe,Logistics Driver (Truck/Van),995,Tier 3 (Address + Income Verified),Non-Binary,18-24,26.48407036,TRUE,Web
val_1245,Thandeka Mthembu,Freelance Creative,1171,Tier 2 (ID Verified),Prefer Not to Say,25-34,33.69215796,FALSE,USSD
val_1246,Lungelo Zulu,Informal Vendor,299,Tier 3 (Address + Income Verified),Non-Binary,55+,53.48640455,TRUE,Mobile App (Android)
val_1247,James Kipkoech,Mobile Money Agent,1122,Tier 0 (Unverified),Non-Binary,55+,7.186600984,FALSE,Web
val_1248,Esther Njeri,Ride-Hailing Driver,1691,Tier 3 (Address + Income Verified),Prefer Not to Say,55+,38.89668983,FALSE,USSD
val_1249,Thandeka Mthembu,Delivery Rider,18,Tier 3 (Address + Income Verified),Female,55+,81.46381236,FALSE,Web
val_1250,Chidinma Okeke,Agricultural Day Labourer,1603,Tier 0 (Unverified),Male,55+,17.3191115,FALSE,Agent
val_1251,Kevin Odhiambo,Delivery Rider,1109,Tier 1 (Phone Verified),Non-Binary,18-24,70.12764746,TRUE,Mobile App (Android)
val_1252,Tunde Adeyemi,Freelance Creative,624,Tier 1 (Phone Verified),Non-Binary,55+,46.03294094,FALSE,Agent
val_1253,Nomvula Khumalo,Domestic Worker,1341,Tier 1 (Phone Verified),Male,45-54,7.07051189,TRUE,Mobile App (Android)
val_1254,Akosua Sarpong,Food Delivery Courier,1128,Tier 3 (Address + Income Verified),Non-Binary,55+,17.73740656,FALSE,WhatsApp Bot
val_1255,Ngozi Eze,Motorcycle Taxi Rider (Boda-Boda/Okada),1403,Tier 2 (ID Verified),Male,45-54,14.10307317,FALSE,Mobile App (iOS)
val_1256,Yusuf Musa,On-Demand Handyman,148,Tier 0 (Unverified),Female,18-24,61.97178463,FALSE,Web
val_1257,Kofi Mensah,Agricultural Day Labourer,107,Tier 2 (ID Verified),Prefer Not to Say,35-44,8.732439888,FALSE,Mobile App (Android)
val_1258,Ama Owusu,Agricultural Day Labourer,1172,Tier 3 (Address + Income Verified),Non-Binary,45-54,82.30467808,TRUE,WhatsApp Bot
val_1259,Thabo Nkosi,Tutor / Private Instructor,554,Tier 1 (Phone Verified),Non-Binary,18-24,80.66591309,FALSE,Mobile App (Android)
val_1260,Brian Otieno,Motorcycle Taxi Rider (Boda-Boda/Okada),435,Tier 3 (Address + Income Verified),Non-Binary,35-44,8.006199712,FALSE,Agent
val_1261,Mpho Sithole,Mobile Money Agent,769,Tier 2 (ID Verified),Male,45-54,88.81971977,TRUE,Web
val_1262,Mary Wairimu,Food Delivery Courier,1324,Tier 3 (Address + Income Verified),Prefer Not to Say,35-44,95.91608257,FALSE,WhatsApp Bot
val_1263,Thabo Nkosi,Online Freelancer (Tech/Design),328,Tier 3 (Address + Income Verified),Female,45-54,4.346809818,FALSE,Web
val_1264,Chidinma Okeke,Domestic Worker,1777,Tier 0 (Unverified),Prefer Not to Say,18-24,95.03295681,TRUE,Web
val_1265,Aisha Bello,Motorcycle Taxi Rider (Boda-Boda/Okada),768,Tier 3 (Address + Income Verified),Prefer Not to Say,25-34,27.94621694,TRUE,Web
val_1266,Tunde Adeyemi,Agricultural Day Labourer,274,Tier 0 (Unverified),Male,55+,66.47619408,TRUE,Mobile App (iOS)
val_1267,David Mwangi,Ride-Hailing Driver,129,Tier 3 (Address + Income Verified),Non-Binary,35-44,17.48157462,FALSE,Web
val_1268,Lerato Molefe,Freelance Creative,1565,Tier 3 (Address + Income Verified),Male,18-24,81.74558496,FALSE,Agent
val_1269,Aisha Bello,Agricultural Day Labourer,206,Tier 1 (Phone Verified),Non-Binary,18-24,84.19133416,TRUE,Agent
val_1270,David Mwangi,E-commerce Reseller,765,Tier 0 (Unverified),Female,35-44,97.83414052,FALSE,Mobile App (Android)
val_1271,Babatunde Fashola,Informal Vendor,1221,Tier 1 (Phone Verified),Male,55+,99.25334622,FALSE,Mobile App (iOS)
val_1272,Bongani Ndlovu,Domestic Worker,936,Tier 1 (Phone Verified),Non-Binary,18-24,7.585770778,TRUE,USSD
val_1273,Efua Antwi,Logistics Driver (Truck/Van),479,Tier 2 (ID Verified),Prefer Not to Say,18-24,65.79636013,TRUE,Web
val_1274,Sipho Dlamini,Domestic Worker,197,Tier 0 (Unverified),Male,25-34,27.30461772,TRUE,USSD
val_1275,Kojo Ofori,Ride-Hailing Driver,1299,Tier 0 (Unverified),Prefer Not to Say,25-34,12.55777856,TRUE,USSD
val_1276,Nana Adjei,Motorcycle Taxi Rider (Boda-Boda/Okada),895,Tier 1 (Phone Verified),Prefer Not to Say,18-24,14.87954187,FALSE,Mobile App (Android)
val_1277,Sipho Dlamini,Informal Vendor,87,Tier 3 (Address + Income Verified),Non-Binary,25-34,93.64372389,TRUE,USSD
val_1278,Chukwuemeka Okonkwo,Ride-Hailing Driver,330,Tier 1 (Phone Verified),Prefer Not to Say,45-54,68.36492383,FALSE,Web
val_1279,Lungelo Zulu,Market Trader,1027,Tier 1 (Phone Verified),Female,55+,5.046095097,FALSE,USSD
val_1280,Adwoa Acheampong,Ride-Hailing Driver,307,Tier 0 (Unverified),Non-Binary,25-34,98.42300781,TRUE,Mobile App (iOS)
val_1281,Adwoa Acheampong,Freelance Creative,714,Tier 1 (Phone Verified),Non-Binary,45-54,80.78122364,FALSE,Web
val_1282,Faith Achieng,Domestic Worker,227,Tier 1 (Phone Verified),Non-Binary,55+,30.91793057,TRUE,Agent
val_1283,Thabo Nkosi,Delivery Rider,1455,Tier 1 (Phone Verified),Prefer Not to Say,18-24,47.08666936,FALSE,Agent
val_1284,Faith Achieng,Mobile Money Agent,1151,Tier 1 (Phone Verified),Prefer Not to Say,55+,72.65759792,TRUE,Mobile App (iOS)
val_1285,Aisha Bello,Tutor / Private Instructor,1431,Tier 1 (Phone Verified),Prefer Not to Say,18-24,67.60320858,FALSE,Mobile App (iOS)
val_1286,Mpho Sithole,Motorcycle Taxi Rider (Boda-Boda/Okada),95,Tier 2 (ID Verified),Non-Binary,45-54,46.30808988,TRUE,Web
val_1287,Chidinma Okeke,Ride-Hailing Driver,685,Tier 1 (Phone Verified),Prefer Not to Say,45-54,51.23899007,FALSE,Mobile App (iOS)
val_1288,Babatunde Fashola,Freelance Creative,488,Tier 3 (Address + Income Verified),Non-Binary,55+,4.320768042,FALSE,Web
val_1289,Yaw Darko,Logistics Driver (Truck/Van),1137,Tier 2 (ID Verified),Non-Binary,35-44,50.06332445,FALSE,Web
val_1290,Chidinma Okeke,Mobile Money Agent,1500,Tier 2 (ID Verified),Male,45-54,34.02468917,TRUE,Mobile App (Android)
val_1291,Lungelo Zulu,On-Demand Handyman,415,Tier 2 (ID Verified),Female,18-24,28.50512005,TRUE,USSD
val_1292,Mary Wairimu,Ride-Hailing Driver,1405,Tier 3 (Address + Income Verified),Prefer Not to Say,35-44,26.96224248,TRUE,Mobile App (iOS)
val_1293,Chukwuemeka Okonkwo,Informal Vendor,1059,Tier 1 (Phone Verified),Female,55+,64.89468974,FALSE,Mobile App (iOS)
val_1294,Lerato Molefe,Motorcycle Taxi Rider (Boda-Boda/Okada),1504,Tier 3 (Address + Income Verified),Non-Binary,18-24,42.92576207,FALSE,USSD
val_1295,Kwame Asante,Agricultural Day Labourer,148,Tier 0 (Unverified),Prefer Not to Say,18-24,42.58024084,FALSE,Web
val_1296,Brian Otieno,Delivery Rider,1809,Tier 0 (Unverified),Female,45-54,15.91869914,TRUE,Agent
val_1297,Efua Antwi,Logistics Driver (Truck/Van),793,Tier 3 (Address + Income Verified),Female,35-44,96.18635682,FALSE,Agent
val_1298,Ama Owusu,Freelance Creative,511,Tier 3 (Address + Income Verified),Male,35-44,22.39262025,TRUE,Web
val_1299,Aisha Bello,Delivery Rider,333,Tier 0 (Unverified),Male,25-34,40.61092066,TRUE,Mobile App (iOS)
val_1300,Sipho Dlamini,Market Trader,1798,Tier 2 (ID Verified),Non-Binary,18-24,19.02047642,FALSE,Agent
val_1301,Kevin Odhiambo,Ride-Hailing Driver,1613,Tier 2 (ID Verified),Non-Binary,45-54,70.31428524,TRUE,Mobile App (Android)
val_1302,Efua Antwi,Delivery Rider,239,Tier 0 (Unverified),Female,25-34,43.61287465,TRUE,Web
val_1303,Palesa Motsepe,Domestic Worker,812,Tier 2 (ID Verified),Female,45-54,41.3649939,TRUE,WhatsApp Bot
val_1304,Yaw Darko,Freelance Creative,1339,Tier 2 (ID Verified),Male,35-44,87.50948854,FALSE,WhatsApp Bot
val_1305,Nana Adjei,Market Trader,1078,Tier 2 (ID Verified),Prefer Not to Say,25-34,75.94798498,FALSE,Mobile App (iOS)
val_1306,Brian Otieno,Logistics Driver (Truck/Van),345,Tier 2 (ID Verified),Non-Binary,25-34,51.98750529,FALSE,USSD
val_1307,Chidinma Okeke,Motorcycle Taxi Rider (Boda-Boda/Okada),658,Tier 3 (Address + Income Verified),Male,45-54,46.8590404,FALSE,WhatsApp Bot
val_1308,Kevin Odhiambo,Market Trader,672,Tier 0 (Unverified),Non-Binary,25-34,95.99013978,FALSE,Agent
val_1309,Lungelo Zulu,Delivery Rider,527,Tier 2 (ID Verified),Female,55+,95.64621647,FALSE,Web
val_1310,Kwame Asante,E-commerce Reseller,1754,Tier 1 (Phone Verified),Prefer Not to Say,35-44,70.47708679,TRUE,Mobile App (Android)
val_1311,Esther Njeri,Freelance Creative,370,Tier 3 (Address + Income Verified),Female,55+,76.01479265,TRUE,WhatsApp Bot
val_1312,Nomvula Khumalo,Ride-Hailing Driver,1290,Tier 1 (Phone Verified),Prefer Not to Say,35-44,89.90929082,FALSE,WhatsApp Bot
val_1313,Lungelo Zulu,Motorcycle Taxi Rider (Boda-Boda/Okada),1665,Tier 3 (Address + Income Verified),Non-Binary,35-44,96.43087559,FALSE,USSD
val_1314,Mpho Sithole,Logistics Driver (Truck/Van),1451,Tier 2 (ID Verified),Male,35-44,8.227476627,TRUE,Agent
val_1315,Grace Wanjiku,Ride-Hailing Driver,1459,Tier 0 (Unverified),Prefer Not to Say,35-44,99.73388325,TRUE,Mobile App (iOS)
val_1316,Kojo Ofori,Informal Vendor,289,Tier 3 (Address + Income Verified),Non-Binary,35-44,70.3022215,FALSE,Agent
val_1317,Abena Boateng,Online Freelancer (Tech/Design),243,Tier 0 (Unverified),Female,55+,59.27448542,TRUE,Mobile App (Android)
val_1318,Mary Wairimu,Mobile Money Agent,1429,Tier 1 (Phone Verified),Male,45-54,41.31671253,FALSE,USSD
val_1319,Faith Achieng,Freelance Creative,1363,Tier 1 (Phone Verified),Female,18-24,33.63898937,FALSE,Mobile App (Android)
val_1320,Babatunde Fashola,Informal Vendor,1354,Tier 2 (ID Verified),Non-Binary,18-24,80.42102085,FALSE,Agent
val_1321,Brian Otieno,Tutor / Private Instructor,764,Tier 1 (Phone Verified),Male,18-24,65.44350565,TRUE,Mobile App (Android)
val_1322,Ama Owusu,Motorcycle Taxi Rider (Boda-Boda/Okada),955,Tier 2 (ID Verified),Female,45-54,20.07051688,FALSE,Mobile App (iOS)
val_1323,Palesa Motsepe,Tutor / Private Instructor,28,Tier 2 (ID Verified),Non-Binary,25-34,60.99110371,TRUE,Mobile App (iOS)
val_1324,Lungelo Zulu,Tutor / Private Instructor,531,Tier 0 (Unverified),Non-Binary,25-34,14.11661017,TRUE,Web
val_1325,Fatima Abdullahi,Delivery Rider,964,Tier 0 (Unverified),Prefer Not to Say,55+,49.68748265,TRUE,Mobile App (iOS)
val_1326,Efua Antwi,Ride-Hailing Driver,229,Tier 1 (Phone Verified),Male,18-24,58.34576378,FALSE,USSD
val_1327,Ngozi Eze,Agricultural Day Labourer,237,Tier 0 (Unverified),Prefer Not to Say,18-24,63.56840707,TRUE,Agent
val_1328,Efua Antwi,Motorcycle Taxi Rider (Boda-Boda/Okada),82,Tier 3 (Address + Income Verified),Female,18-24,14.52621897,TRUE,Mobile App (Android)
val_1329,Esther Njeri,On-Demand Handyman,383,Tier 1 (Phone Verified),Male,25-34,9.559852865,FALSE,Mobile App (Android)
val_1330,Mary Wairimu,Ride-Hailing Driver,1812,Tier 1 (Phone Verified),Prefer Not to Say,18-24,25.8708166,FALSE,Web
val_1331,Kojo Ofori,Agricultural Day Labourer,1270,Tier 2 (ID Verified),Non-Binary,45-54,60.70298322,FALSE,Mobile App (Android)
val_1332,Kevin Odhiambo,Food Delivery Courier,1731,Tier 3 (Address + Income Verified),Non-Binary,45-54,93.1682814,FALSE,USSD
val_1333,Thabo Nkosi,Motorcycle Taxi Rider (Boda-Boda/Okada),469,Tier 2 (ID Verified),Female,18-24,77.91235309,FALSE,Mobile App (iOS)
val_1334,Ama Owusu,Ride-Hailing Driver,1093,Tier 2 (ID Verified),Prefer Not to Say,35-44,74.57105252,FALSE,Mobile App (iOS)
val_1335,Thandeka Mthembu,Delivery Rider,1628,Tier 3 (Address + Income Verified),Male,25-34,33.02323446,FALSE,Web
val_1336,Akosua Sarpong,Domestic Worker,642,Tier 3 (Address + Income Verified),Male,18-24,11.17073798,FALSE,Web
val_1337,Grace Wanjiku,Motorcycle Taxi Rider (Boda-Boda/Okada),1199,Tier 0 (Unverified),Male,35-44,89.19394061,TRUE,USSD
val_1338,Nomvula Khumalo,Logistics Driver (Truck/Van),1265,Tier 0 (Unverified),Non-Binary,45-54,50.0853505,TRUE,Web
val_1339,Kevin Odhiambo,On-Demand Handyman,1519,Tier 1 (Phone Verified),Male,25-34,10.05108462,TRUE,Web
val_1340,Ama Owusu,Freelance Creative,1770,Tier 3 (Address + Income Verified),Prefer Not to Say,45-54,53.49687301,FALSE,Mobile App (Android)
val_1341,Amara Nwosu,Tutor / Private Instructor,1123,Tier 3 (Address + Income Verified),Male,55+,67.54102427,FALSE,Mobile App (iOS)
val_1342,Babatunde Fashola,On-Demand Handyman,1063,Tier 2 (ID Verified),Non-Binary,18-24,31.99000296,TRUE,Web
val_1343,Kofi Mensah,Agricultural Day Labourer,1586,Tier 2 (ID Verified),Prefer Not to Say,18-24,0.924893168,TRUE,Agent
val_1344,Fatima Abdullahi,Delivery Rider,1249,Tier 0 (Unverified),Prefer Not to Say,25-34,62.16069621,FALSE,Mobile App (iOS)
val_1345,Thandeka Mthembu,Agricultural Day Labourer,660,Tier 2 (ID Verified),Female,55+,4.009551843,FALSE,Web
val_1346,Lungelo Zulu,Domestic Worker,1150,Tier 0 (Unverified),Male,18-24,43.27932909,FALSE,Agent
val_1347,Kojo Ofori,Tutor / Private Instructor,1002,Tier 2 (ID Verified),Prefer Not to Say,35-44,82.47752281,TRUE,Agent
val_1348,Adwoa Acheampong,E-commerce Reseller,417,Tier 0 (Unverified),Female,35-44,99.88476323,FALSE,USSD
val_1349,Abena Boateng,Agricultural Day Labourer,942,Tier 0 (Unverified),Prefer Not to Say,18-24,37.0302914,FALSE,Agent
val_1350,Tunde Adeyemi,Market Trader,1138,Tier 3 (Address + Income Verified),Male,18-24,2.01269265,TRUE,Mobile App (Android)
val_1351,Faith Achieng,Ride-Hailing Driver,1650,Tier 3 (Address + Income Verified),Non-Binary,18-24,49.29031019,FALSE,WhatsApp Bot
val_1352,Lydia Chebet,Motorcycle Taxi Rider (Boda-Boda/Okada),1059,Tier 2 (ID Verified),Male,18-24,27.62753974,TRUE,Mobile App (Android)
val_1353,Mpho Sithole,Online Freelancer (Tech/Design),301,Tier 2 (ID Verified),Female,35-44,89.27750136,FALSE,USSD
val_1354,Yusuf Musa,Informal Vendor,1803,Tier 0 (Unverified),Male,55+,71.15031503,FALSE,Mobile App (iOS)
val_1355,Lydia Chebet,Market Trader,1055,Tier 2 (ID Verified),Prefer Not to Say,25-34,40.43232688,FALSE,Mobile App (iOS)
val_1356,Esther Njeri,Agricultural Day Labourer,524,Tier 2 (ID Verified),Non-Binary,25-34,76.20282309,TRUE,Mobile App (iOS)
val_1357,Amara Nwosu,Ride-Hailing Driver,1377,Tier 2 (ID Verified),Male,25-34,34.12058689,FALSE,WhatsApp Bot
val_1358,Babatunde Fashola,Ride-Hailing Driver,702,Tier 1 (Phone Verified),Female,55+,52.17635851,FALSE,Mobile App (Android)
val_1359,David Mwangi,E-commerce Reseller,675,Tier 1 (Phone Verified),Female,55+,92.27852798,TRUE,WhatsApp Bot
val_1360,Ngozi Eze,On-Demand Handyman,1532,Tier 3 (Address + Income Verified),Non-Binary,45-54,20.01572662,FALSE,USSD
val_1361,Tunde Adeyemi,Tutor / Private Instructor,1584,Tier 1 (Phone Verified),Female,35-44,31.30580019,FALSE,Agent
val_1362,David Mwangi,Informal Vendor,956,Tier 3 (Address + Income Verified),Female,18-24,88.55934125,TRUE,USSD
val_1363,Yusuf Musa,Food Delivery Courier,681,Tier 3 (Address + Income Verified),Prefer Not to Say,55+,46.18783603,FALSE,Mobile App (Android)
val_1364,Kofi Mensah,Logistics Driver (Truck/Van),1576,Tier 3 (Address + Income Verified),Non-Binary,18-24,31.78888287,TRUE,USSD
val_1365,Chukwuemeka Okonkwo,E-commerce Reseller,316,Tier 2 (ID Verified),Prefer Not to Say,18-24,3.729867018,FALSE,Mobile App (Android)
val_1366,Samuel Kamau,Logistics Driver (Truck/Van),1364,Tier 0 (Unverified),Prefer Not to Say,45-54,41.89530376,FALSE,Mobile App (iOS)
val_1367,James Kipkoech,Delivery Rider,1066,Tier 0 (Unverified),Prefer Not to Say,18-24,50.06011114,FALSE,WhatsApp Bot
val_1368,Lerato Molefe,Ride-Hailing Driver,1559,Tier 2 (ID Verified),Prefer Not to Say,18-24,40.63328673,FALSE,Web
val_1369,Akosua Sarpong,Ride-Hailing Driver,767,Tier 1 (Phone Verified),Non-Binary,35-44,27.74592338,TRUE,Web
val_1370,Palesa Motsepe,Tutor / Private Instructor,1519,Tier 0 (Unverified),Non-Binary,18-24,36.91301736,FALSE,Mobile App (iOS)
val_1371,Esther Njeri,Motorcycle Taxi Rider (Boda-Boda/Okada),27,Tier 3 (Address + Income Verified),Non-Binary,25-34,64.24447986,TRUE,Mobile App (Android)
val_1372,Mary Wairimu,Tutor / Private Instructor,1384,Tier 3 (Address + Income Verified),Male,45-54,89.127972,TRUE,Mobile App (Android)
val_1373,Kevin Odhiambo,Agricultural Day Labourer,127,Tier 1 (Phone Verified),Prefer Not to Say,18-24,64.96758226,FALSE,USSD
val_1374,Palesa Motsepe,Delivery Rider,1173,Tier 2 (ID Verified),Non-Binary,45-54,64.6162436,TRUE,Agent
val_1375,Lerato Molefe,Logistics Driver (Truck/Van),356,Tier 1 (Phone Verified),Prefer Not to Say,18-24,81.6874862,TRUE,Web
val_1376,Lerato Molefe,Delivery Rider,1759,Tier 1 (Phone Verified),Non-Binary,45-54,16.51427777,TRUE,Agent
val_1377,Sipho Dlamini,Delivery Rider,1404,Tier 2 (ID Verified),Female,18-24,30.10976295,FALSE,Agent
val_1378,Kwame Asante,Domestic Worker,191,Tier 1 (Phone Verified),Female,45-54,5.059098297,FALSE,Mobile App (iOS)
val_1379,Ama Owusu,Freelance Creative,1628,Tier 3 (Address + Income Verified),Prefer Not to Say,45-54,34.96377969,FALSE,WhatsApp Bot
val_1380,Thandeka Mthembu,Freelance Creative,460,Tier 0 (Unverified),Non-Binary,45-54,99.88237823,FALSE,WhatsApp Bot
val_1381,Grace Wanjiku,Delivery Rider,996,Tier 2 (ID Verified),Prefer Not to Say,25-34,32.93123954,FALSE,Mobile App (iOS)
val_1382,Esther Njeri,On-Demand Handyman,155,Tier 3 (Address + Income Verified),Non-Binary,25-34,85.9772996,FALSE,Web
val_1383,Palesa Motsepe,Ride-Hailing Driver,192,Tier 3 (Address + Income Verified),Non-Binary,55+,8.577771393,TRUE,Mobile App (iOS)
val_1384,Faith Achieng,Food Delivery Courier,440,Tier 0 (Unverified),Male,45-54,45.97123633,TRUE,USSD
val_1385,Chidinma Okeke,Domestic Worker,975,Tier 0 (Unverified),Male,18-24,35.14628654,TRUE,Mobile App (Android)
val_1386,Kofi Mensah,E-commerce Reseller,991,Tier 2 (ID Verified),Non-Binary,18-24,20.15828632,FALSE,WhatsApp Bot
val_1387,Esther Njeri,Agricultural Day Labourer,1562,Tier 3 (Address + Income Verified),Male,25-34,37.25062571,FALSE,Mobile App (iOS)
val_1388,Palesa Motsepe,Food Delivery Courier,301,Tier 3 (Address + Income Verified),Male,45-54,65.12781114,TRUE,WhatsApp Bot
val_1389,Mpho Sithole,On-Demand Handyman,1368,Tier 3 (Address + Income Verified),Prefer Not to Say,25-34,49.03080749,FALSE,Mobile App (Android)
val_1390,Samuel Kamau,Informal Vendor,10,Tier 0 (Unverified),Non-Binary,55+,84.43340312,TRUE,Mobile App (iOS)
val_1391,Ama Owusu,Market Trader,531,Tier 2 (ID Verified),Male,35-44,90.49466068,FALSE,USSD
val_1392,Thandeka Mthembu,Food Delivery Courier,319,Tier 2 (ID Verified),Female,55+,48.18928312,FALSE,Web
val_1393,Adwoa Acheampong,Domestic Worker,226,Tier 2 (ID Verified),Female,55+,98.17263142,TRUE,Mobile App (Android)
val_1394,Yusuf Musa,Domestic Worker,1067,Tier 3 (Address + Income Verified),Male,35-44,7.202076354,TRUE,USSD
val_1395,Abena Boateng,Motorcycle Taxi Rider (Boda-Boda/Okada),1644,Tier 0 (Unverified),Non-Binary,55+,27.63392213,TRUE,Mobile App (Android)
val_1396,Yaw Darko,Domestic Worker,1217,Tier 1 (Phone Verified),Female,35-44,41.67112704,FALSE,Agent
val_1397,Nana Adjei,Delivery Rider,1559,Tier 1 (Phone Verified),Prefer Not to Say,18-24,58.27015104,FALSE,Web
val_1398,Aisha Bello,Domestic Worker,1079,Tier 3 (Address + Income Verified),Male,25-34,54.59297413,FALSE,WhatsApp Bot
val_1399,Grace Wanjiku,Online Freelancer (Tech/Design),98,Tier 0 (Unverified),Prefer Not to Say,35-44,56.79767638,FALSE,Mobile App (Android)
val_1400,Lungelo Zulu,Domestic Worker,631,Tier 1 (Phone Verified),Male,55+,89.62507226,TRUE,Agent
val_1401,Chidinma Okeke,Informal Vendor,1504,Tier 0 (Unverified),Prefer Not to Say,55+,27.7565192,FALSE,Mobile App (iOS)
val_1402,Grace Wanjiku,Freelance Creative,80,Tier 0 (Unverified),Prefer Not to Say,18-24,81.68537456,FALSE,Web
val_1403,Samuel Kamau,Online Freelancer (Tech/Design),177,Tier 3 (Address + Income Verified),Female,18-24,55.80005541,FALSE,Web
val_1404,Fatima Abdullahi,Logistics Driver (Truck/Van),1522,Tier 3 (Address + Income Verified),Female,35-44,49.04904829,FALSE,USSD
val_1405,Emeka Obi,Online Freelancer (Tech/Design),115,Tier 1 (Phone Verified),Male,35-44,29.94134256,FALSE,USSD
val_1406,Esther Njeri,Informal Vendor,1751,Tier 2 (ID Verified),Female,45-54,30.40688028,FALSE,Agent
val_1407,Lungelo Zulu,On-Demand Handyman,1385,Tier 2 (ID Verified),Non-Binary,25-34,38.84798714,FALSE,Agent
val_1408,Chukwuemeka Okonkwo,E-commerce Reseller,1214,Tier 3 (Address + Income Verified),Non-Binary,55+,76.35104881,FALSE,WhatsApp Bot
val_1409,Grace Wanjiku,Online Freelancer (Tech/Design),979,Tier 1 (Phone Verified),Male,35-44,47.67328876,FALSE,WhatsApp Bot
val_1410,Tunde Adeyemi,Logistics Driver (Truck/Van),163,Tier 3 (Address + Income Verified),Male,25-34,15.38336853,TRUE,USSD
val_1411,Kofi Mensah,Mobile Money Agent,756,Tier 1 (Phone Verified),Non-Binary,35-44,75.98631773,FALSE,Agent
val_1412,Brian Otieno,Motorcycle Taxi Rider (Boda-Boda/Okada),1474,Tier 2 (ID Verified),Non-Binary,55+,66.33799879,TRUE,Mobile App (iOS)
val_1413,Nomvula Khumalo,Ride-Hailing Driver,1650,Tier 1 (Phone Verified),Prefer Not to Say,25-34,94.92387684,FALSE,Mobile App (iOS)
val_1414,Abena Boateng,Food Delivery Courier,816,Tier 2 (ID Verified),Prefer Not to Say,35-44,52.94141016,FALSE,USSD
val_1415,Nomvula Khumalo,Ride-Hailing Driver,1532,Tier 1 (Phone Verified),Non-Binary,55+,65.44221425,TRUE,WhatsApp Bot
val_1416,Akosua Sarpong,Food Delivery Courier,1418,Tier 3 (Address + Income Verified),Non-Binary,18-24,47.93302728,TRUE,USSD
val_1417,Mary Wairimu,Motorcycle Taxi Rider (Boda-Boda/Okada),105,Tier 2 (ID Verified),Non-Binary,35-44,68.07802083,FALSE,WhatsApp Bot
val_1418,Lungelo Zulu,Tutor / Private Instructor,1132,Tier 1 (Phone Verified),Female,45-54,43.61170632,TRUE,WhatsApp Bot
val_1419,Lydia Chebet,Motorcycle Taxi Rider (Boda-Boda/Okada),1124,Tier 3 (Address + Income Verified),Non-Binary,55+,13.78564787,FALSE,Web
val_1420,Bongani Ndlovu,On-Demand Handyman,991,Tier 2 (ID Verified),Male,18-24,98.66832363,FALSE,USSD
val_1421,Thandeka Mthembu,Market Trader,1410,Tier 1 (Phone Verified),Prefer Not to Say,45-54,72.03637028,FALSE,Mobile App (iOS)
val_1422,Abena Boateng,Delivery Rider,1624,Tier 0 (Unverified),Prefer Not to Say,55+,60.86258252,FALSE,USSD
val_1423,Nana Adjei,Agricultural Day Labourer,1005,Tier 3 (Address + Income Verified),Female,25-34,48.14207502,TRUE,Agent
val_1424,Brian Otieno,Tutor / Private Instructor,585,Tier 3 (Address + Income Verified),Female,45-54,71.14290022,TRUE,WhatsApp Bot
val_1425,Thabo Nkosi,Informal Vendor,1794,Tier 2 (ID Verified),Female,35-44,12.67749221,TRUE,Agent
val_1426,Nana Adjei,Tutor / Private Instructor,1759,Tier 3 (Address + Income Verified),Prefer Not to Say,45-54,32.61133981,FALSE,USSD
val_1427,Mpho Sithole,Domestic Worker,1252,Tier 2 (ID Verified),Male,25-34,12.46993508,FALSE,Mobile App (Android)
val_1428,Brian Otieno,Agricultural Day Labourer,1169,Tier 0 (Unverified),Female,18-24,12.60250961,FALSE,Mobile App (Android)
val_1429,Nomvula Khumalo,Delivery Rider,190,Tier 0 (Unverified),Non-Binary,55+,2.134754488,FALSE,Mobile App (iOS)
val_1430,James Kipkoech,Logistics Driver (Truck/Van),733,Tier 0 (Unverified),Non-Binary,25-34,75.58934151,TRUE,Mobile App (iOS)
val_1431,Fatima Abdullahi,Informal Vendor,362,Tier 0 (Unverified),Female,18-24,22.73086246,TRUE,Web
val_1432,Emeka Obi,Food Delivery Courier,940,Tier 2 (ID Verified),Male,55+,83.20077191,TRUE,Mobile App (Android)
val_1433,Kofi Mensah,Market Trader,1508,Tier 3 (Address + Income Verified),Non-Binary,55+,90.44345142,TRUE,Mobile App (Android)
val_1434,Samuel Kamau,On-Demand Handyman,409,Tier 0 (Unverified),Non-Binary,45-54,16.85660597,FALSE,Mobile App (Android)
val_1435,Babatunde Fashola,Ride-Hailing Driver,1820,Tier 2 (ID Verified),Prefer Not to Say,35-44,70.88640423,FALSE,WhatsApp Bot
val_1436,Mary Wairimu,Logistics Driver (Truck/Van),236,Tier 0 (Unverified),Male,25-34,46.03057285,FALSE,Mobile App (Android)
val_1437,Nana Adjei,Freelance Creative,179,Tier 1 (Phone Verified),Male,45-54,91.89611574,FALSE,WhatsApp Bot
val_1438,Samuel Kamau,Motorcycle Taxi Rider (Boda-Boda/Okada),1779,Tier 3 (Address + Income Verified),Female,45-54,48.44171938,TRUE,Agent
val_1439,Lerato Molefe,Freelance Creative,183,Tier 3 (Address + Income Verified),Non-Binary,35-44,37.88738864,TRUE,Mobile App (Android)
val_1440,Nomvula Khumalo,Logistics Driver (Truck/Van),1342,Tier 3 (Address + Income Verified),Male,45-54,29.4565119,FALSE,Agent
val_1441,Kwame Asante,Freelance Creative,1393,Tier 1 (Phone Verified),Male,35-44,90.36214402,TRUE,USSD
val_1442,Bongani Ndlovu,Domestic Worker,602,Tier 3 (Address + Income Verified),Female,55+,22.61793034,FALSE,WhatsApp Bot
val_1443,Mary Wairimu,Logistics Driver (Truck/Van),117,Tier 3 (Address + Income Verified),Female,45-54,82.77147916,TRUE,WhatsApp Bot
val_1444,Amara Nwosu,Ride-Hailing Driver,563,Tier 1 (Phone Verified),Non-Binary,25-34,19.41874476,TRUE,Mobile App (Android)
val_1445,Aisha Bello,Informal Vendor,125,Tier 1 (Phone Verified),Male,45-54,64.33968543,TRUE,Mobile App (Android)
val_1446,Bongani Ndlovu,Freelance Creative,1227,Tier 0 (Unverified),Prefer Not to Say,25-34,45.10656397,TRUE,Mobile App (iOS)
val_1447,Lerato Molefe,Agricultural Day Labourer,1622,Tier 3 (Address + Income Verified),Male,25-34,10.4608675,TRUE,Web
val_1448,Adwoa Acheampong,Delivery Rider,1820,Tier 0 (Unverified),Female,55+,12.59330043,TRUE,Agent
val_1449,Babatunde Fashola,Delivery Rider,1461,Tier 1 (Phone Verified),Prefer Not to Say,35-44,28.15091499,FALSE,USSD
val_1450,Grace Wanjiku,Informal Vendor,1414,Tier 1 (Phone Verified),Non-Binary,18-24,76.6651685,FALSE,USSD
val_1451,Aisha Bello,Logistics Driver (Truck/Van),1609,Tier 0 (Unverified),Prefer Not to Say,25-34,72.89400023,FALSE,Mobile App (Android)
val_1452,Tunde Adeyemi,Tutor / Private Instructor,1405,Tier 3 (Address + Income Verified),Male,55+,20.51202514,TRUE,Web
val_1453,Chidinma Okeke,Agricultural Day Labourer,1187,Tier 2 (ID Verified),Non-Binary,45-54,47.62021946,TRUE,Mobile App (Android)
val_1454,Kofi Mensah,Mobile Money Agent,1819,Tier 0 (Unverified),Male,55+,9.698696268,FALSE,WhatsApp Bot
val_1455,Tunde Adeyemi,Delivery Rider,588,Tier 0 (Unverified),Non-Binary,35-44,71.59462862,TRUE,Mobile App (Android)
val_1456,Thandeka Mthembu,Freelance Creative,753,Tier 0 (Unverified),Female,18-24,79.3302035,FALSE,WhatsApp Bot
val_1457,James Kipkoech,On-Demand Handyman,1654,Tier 3 (Address + Income Verified),Prefer Not to Say,18-24,89.3512,FALSE,WhatsApp Bot
val_1458,Brian Otieno,Market Trader,567,Tier 1 (Phone Verified),Male,18-24,88.57459664,TRUE,Web
val_1459,Kwame Asante,E-commerce Reseller,545,Tier 2 (ID Verified),Prefer Not to Say,45-54,33.78923071,TRUE,Mobile App (Android)
val_1460,Nomvula Khumalo,Delivery Rider,277,Tier 0 (Unverified),Female,45-54,25.45338334,FALSE,USSD
val_1461,Samuel Kamau,Mobile Money Agent,503,Tier 0 (Unverified),Non-Binary,35-44,89.65893747,FALSE,Mobile App (Android)
val_1462,Aisha Bello,Food Delivery Courier,1083,Tier 2 (ID Verified),Non-Binary,45-54,14.60069748,FALSE,Agent
val_1463,Tunde Adeyemi,Motorcycle Taxi Rider (Boda-Boda/Okada),1618,Tier 0 (Unverified),Male,35-44,5.934407169,TRUE,Web
val_1464,Lungelo Zulu,Motorcycle Taxi Rider (Boda-Boda/Okada),248,Tier 2 (ID Verified),Female,45-54,31.4242978,TRUE,WhatsApp Bot
val_1465,Babatunde Fashola,E-commerce Reseller,1243,Tier 3 (Address + Income Verified),Non-Binary,45-54,76.03000439,FALSE,WhatsApp Bot
val_1466,Akosua Sarpong,Market Trader,1399,Tier 1 (Phone Verified),Prefer Not to Say,35-44,69.41997922,FALSE,Mobile App (Android)
val_1467,Faith Achieng,Motorcycle Taxi Rider (Boda-Boda/Okada),1635,Tier 2 (ID Verified),Prefer Not to Say,45-54,98.7055279,FALSE,Mobile App (iOS)
val_1468,Nomvula Khumalo,E-commerce Reseller,1369,Tier 3 (Address + Income Verified),Non-Binary,25-34,35.95335711,FALSE,Web
val_1469,Tunde Adeyemi,Delivery Rider,284,Tier 3 (Address + Income Verified),Female,45-54,27.58473149,TRUE,Web
val_1470,Palesa Motsepe,Ride-Hailing Driver,892,Tier 0 (Unverified),Female,55+,37.82076092,TRUE,Mobile App (Android)
val_1471,Efua Antwi,Motorcycle Taxi Rider (Boda-Boda/Okada),1738,Tier 0 (Unverified),Female,25-34,78.22562614,FALSE,USSD
val_1472,Mary Wairimu,Mobile Money Agent,1658,Tier 3 (Address + Income Verified),Female,45-54,21.42999511,TRUE,USSD
val_1473,Yusuf Musa,Tutor / Private Instructor,1118,Tier 3 (Address + Income Verified),Female,18-24,94.77479842,FALSE,Web
val_1474,Thandeka Mthembu,Food Delivery Courier,1758,Tier 1 (Phone Verified),Prefer Not to Say,25-34,51.25493325,FALSE,Mobile App (iOS)
val_1475,Samuel Kamau,Freelance Creative,1219,Tier 2 (ID Verified),Female,45-54,78.31449958,TRUE,Web
val_1476,Lydia Chebet,Food Delivery Courier,118,Tier 2 (ID Verified),Male,25-34,82.72618245,TRUE,Web
val_1477,Faith Achieng,Market Trader,1669,Tier 2 (ID Verified),Non-Binary,25-34,47.88151173,FALSE,WhatsApp Bot
val_1478,Chidinma Okeke,Agricultural Day Labourer,307,Tier 3 (Address + Income Verified),Non-Binary,25-34,74.13713804,TRUE,Mobile App (iOS)
val_1479,Kevin Odhiambo,Freelance Creative,695,Tier 1 (Phone Verified),Female,18-24,36.46943239,TRUE,Agent
val_1480,Emeka Obi,On-Demand Handyman,434,Tier 3 (Address + Income Verified),Non-Binary,45-54,81.09280143,TRUE,Mobile App (Android)
val_1481,Chukwuemeka Okonkwo,Online Freelancer (Tech/Design),1313,Tier 0 (Unverified),Prefer Not to Say,18-24,82.39030086,TRUE,WhatsApp Bot
val_1482,Grace Wanjiku,Tutor / Private Instructor,54,Tier 0 (Unverified),Prefer Not to Say,25-34,56.62058194,FALSE,WhatsApp Bot
val_1483,Babatunde Fashola,Domestic Worker,1169,Tier 3 (Address + Income Verified),Prefer Not to Say,25-34,21.81478159,FALSE,Mobile App (iOS)
val_1484,Kevin Odhiambo,Agricultural Day Labourer,1578,Tier 0 (Unverified),Non-Binary,55+,97.02231752,TRUE,Mobile App (iOS)
val_1485,Lungelo Zulu,Online Freelancer (Tech/Design),1438,Tier 3 (Address + Income Verified),Male,55+,94.69798702,TRUE,Web
val_1486,Emeka Obi,Informal Vendor,560,Tier 1 (Phone Verified),Non-Binary,18-24,61.98205446,FALSE,Mobile App (iOS)
val_1487,Chukwuemeka Okonkwo,Freelance Creative,1637,Tier 1 (Phone Verified),Prefer Not to Say,18-24,98.38810008,TRUE,Web
val_1488,Babatunde Fashola,Motorcycle Taxi Rider (Boda-Boda/Okada),661,Tier 0 (Unverified),Prefer Not to Say,45-54,50.27962964,FALSE,USSD
val_1489,Kwame Asante,Motorcycle Taxi Rider (Boda-Boda/Okada),1241,Tier 3 (Address + Income Verified),Prefer Not to Say,25-34,37.54843749,TRUE,Mobile App (Android)
val_1490,Brian Otieno,Online Freelancer (Tech/Design),925,Tier 1 (Phone Verified),Prefer Not to Say,45-54,46.05030158,TRUE,Web
val_1491,Lydia Chebet,Domestic Worker,123,Tier 0 (Unverified),Non-Binary,55+,4.590701819,FALSE,WhatsApp Bot
val_1492,Aisha Bello,Freelance Creative,5,Tier 1 (Phone Verified),Male,18-24,54.91218482,TRUE,USSD
val_1493,Esther Njeri,Market Trader,334,Tier 0 (Unverified),Female,55+,66.62324406,TRUE,Web
val_1494,Kevin Odhiambo,Freelance Creative,1706,Tier 3 (Address + Income Verified),Female,18-24,10.95199737,FALSE,USSD
val_1495,Mary Wairimu,Logistics Driver (Truck/Van),1741,Tier 0 (Unverified),Prefer Not to Say,25-34,25.55975717,TRUE,WhatsApp Bot
val_1496,Kofi Mensah,On-Demand Handyman,748,Tier 1 (Phone Verified),Prefer Not to Say,35-44,72.11841099,TRUE,Mobile App (Android)
val_1497,Nomvula Khumalo,Online Freelancer (Tech/Design),1768,Tier 1 (Phone Verified),Female,55+,79.35901784,FALSE,Mobile App (iOS)
val_1498,James Kipkoech,Freelance Creative,90,Tier 0 (Unverified),Female,35-44,98.58670493,FALSE,Web
val_1499,Zanele Mokoena,E-commerce Reseller,1766,Tier 0 (Unverified),Male,18-24,25.32236859,FALSE,WhatsApp Bot
val_1500,Ama Owusu,Motorcycle Taxi Rider (Boda-Boda/Okada),421,Tier 2 (ID Verified),Male,25-34,84.14394717,FALSE,Mobile App (iOS)
val_1501,Brian Otieno,Tutor / Private Instructor,67,Tier 1 (Phone Verified),Female,45-54,17.21029651,FALSE,Mobile App (Android)
val_1502,Chidinma Okeke,E-commerce Reseller,1383,Tier 0 (Unverified),Male,35-44,13.08783954,FALSE,WhatsApp Bot
val_1503,Samuel Kamau,Domestic Worker,698,Tier 0 (Unverified),Female,18-24,72.92035812,FALSE,WhatsApp Bot
val_1504,Abena Boateng,Mobile Money Agent,533,Tier 3 (Address + Income Verified),Prefer Not to Say,35-44,44.58723714,FALSE,Agent
val_1505,Chidinma Okeke,Freelance Creative,1387,Tier 2 (ID Verified),Non-Binary,35-44,79.39234983,TRUE,USSD
val_1506,Mpho Sithole,Tutor / Private Instructor,608,Tier 2 (ID Verified),Non-Binary,18-24,28.25647953,TRUE,WhatsApp Bot
val_1507,Lydia Chebet,E-commerce Reseller,1374,Tier 3 (Address + Income Verified),Male,25-34,21.31938771,FALSE,Agent
val_1508,Lungelo Zulu,Agricultural Day Labourer,356,Tier 0 (Unverified),Prefer Not to Say,55+,54.87987438,FALSE,Agent
val_1509,Efua Antwi,Ride-Hailing Driver,156,Tier 2 (ID Verified),Non-Binary,45-54,11.53104747,FALSE,USSD
val_1510,Esther Njeri,Freelance Creative,593,Tier 3 (Address + Income Verified),Non-Binary,18-24,27.8749214,TRUE,WhatsApp Bot
val_1511,Chidinma Okeke,Logistics Driver (Truck/Van),1112,Tier 0 (Unverified),Female,18-24,16.62370115,TRUE,Web
val_1512,Adwoa Acheampong,Motorcycle Taxi Rider (Boda-Boda/Okada),410,Tier 2 (ID Verified),Non-Binary,25-34,32.00472938,FALSE,Mobile App (Android)
val_1513,Esther Njeri,Motorcycle Taxi Rider (Boda-Boda/Okada),260,Tier 3 (Address + Income Verified),Prefer Not to Say,35-44,76.54987059,FALSE,Mobile App (iOS)
val_1514,Chidinma Okeke,Logistics Driver (Truck/Van),1367,Tier 2 (ID Verified),Non-Binary,35-44,12.07423372,TRUE,Mobile App (iOS)
val_1515,Bongani Ndlovu,Freelance Creative,900,Tier 0 (Unverified),Female,45-54,61.18689192,FALSE,WhatsApp Bot
val_1516,Lydia Chebet,Freelance Creative,787,Tier 2 (ID Verified),Non-Binary,18-24,58.47660705,TRUE,Mobile App (iOS)
val_1517,Aisha Bello,Domestic Worker,437,Tier 3 (Address + Income Verified),Prefer Not to Say,18-24,53.81306292,TRUE,WhatsApp Bot
val_1518,Lydia Chebet,Delivery Rider,32,Tier 0 (Unverified),Female,45-54,48.42476035,TRUE,Web
val_1519,James Kipkoech,Ride-Hailing Driver,97,Tier 2 (ID Verified),Prefer Not to Say,55+,66.38606042,TRUE,Mobile App (iOS)
val_1520,Lungelo Zulu,Ride-Hailing Driver,1244,Tier 2 (ID Verified),Non-Binary,18-24,85.18106555,FALSE,Mobile App (iOS)
val_1521,Kojo Ofori,Motorcycle Taxi Rider (Boda-Boda/Okada),146,Tier 1 (Phone Verified),Male,25-34,16.20366383,TRUE,Web
val_1522,Fatima Abdullahi,Delivery Rider,450,Tier 0 (Unverified),Prefer Not to Say,45-54,81.41313224,TRUE,Mobile App (iOS)
val_1523,Emeka Obi,Agricultural Day Labourer,1663,Tier 0 (Unverified),Non-Binary,18-24,6.147564434,FALSE,Web
val_1524,Yaw Darko,Freelance Creative,628,Tier 3 (Address + Income Verified),Female,55+,48.21244498,TRUE,USSD
val_1525,Aisha Bello,Motorcycle Taxi Rider (Boda-Boda/Okada),1359,Tier 3 (Address + Income Verified),Male,25-34,51.14655209,TRUE,Mobile App (iOS)
val_1526,Samuel Kamau,Ride-Hailing Driver,626,Tier 1 (Phone Verified),Prefer Not to Say,35-44,19.75858316,FALSE,Agent
val_1527,Amara Nwosu,E-commerce Reseller,1701,Tier 3 (Address + Income Verified),Prefer Not to Say,25-34,8.967310536,FALSE,Mobile App (iOS)
val_1528,Chukwuemeka Okonkwo,Logistics Driver (Truck/Van),1500,Tier 3 (Address + Income Verified),Male,45-54,7.491097546,FALSE,WhatsApp Bot
val_1529,Mpho Sithole,Market Trader,858,Tier 2 (ID Verified),Non-Binary,18-24,3.723398504,TRUE,Mobile App (Android)
val_1530,Ngozi Eze,Ride-Hailing Driver,1249,Tier 2 (ID Verified),Male,18-24,57.35930241,TRUE,WhatsApp Bot
val_1531,Chukwuemeka Okonkwo,Food Delivery Courier,754,Tier 3 (Address + Income Verified),Female,35-44,15.54746106,FALSE,USSD
val_1532,Bongani Ndlovu,E-commerce Reseller,1724,Tier 2 (ID Verified),Non-Binary,55+,80.87047494,FALSE,Mobile App (iOS)
val_1533,Fatima Abdullahi,Delivery Rider,654,Tier 3 (Address + Income Verified),Male,45-54,89.8952721,FALSE,Agent
val_1534,Thabo Nkosi,Tutor / Private Instructor,1527,Tier 3 (Address + Income Verified),Non-Binary,45-54,29.24081602,TRUE,Mobile App (Android)
val_1535,Aisha Bello,Informal Vendor,1125,Tier 0 (Unverified),Female,35-44,16.446643,TRUE,Agent
val_1536,Emeka Obi,Market Trader,1175,Tier 2 (ID Verified),Non-Binary,18-24,40.96118756,TRUE,WhatsApp Bot
val_1537,Babatunde Fashola,Tutor / Private Instructor,641,Tier 2 (ID Verified),Prefer Not to Say,35-44,88.15702013,TRUE,Mobile App (iOS)
val_1538,Kojo Ofori,Freelance Creative,1520,Tier 3 (Address + Income Verified),Male,55+,39.98191833,FALSE,Agent
val_1539,Yaw Darko,Delivery Rider,1362,Tier 1 (Phone Verified),Prefer Not to Say,45-54,10.8336296,FALSE,WhatsApp Bot
val_1540,Lydia Chebet,Tutor / Private Instructor,1488,Tier 3 (Address + Income Verified),Male,45-54,98.46680928,TRUE,WhatsApp Bot
val_1541,Chidinma Okeke,Tutor / Private Instructor,1463,Tier 1 (Phone Verified),Male,25-34,49.96754712,TRUE,USSD
val_1542,Ngozi Eze,Freelance Creative,287,Tier 1 (Phone Verified),Female,35-44,34.23714712,TRUE,Web
val_1543,Kofi Mensah,Domestic Worker,1599,Tier 0 (Unverified),Female,45-54,89.36207898,TRUE,WhatsApp Bot
val_1544,Chidinma Okeke,Delivery Rider,1537,Tier 1 (Phone Verified),Male,45-54,92.74034939,FALSE,WhatsApp Bot
val_1545,Abena Boateng,On-Demand Handyman,443,Tier 3 (Address + Income Verified),Female,55+,49.68044665,FALSE,Web
val_1546,Efua Antwi,Agricultural Day Labourer,1792,Tier 2 (ID Verified),Prefer Not to Say,45-54,30.67163938,FALSE,USSD
val_1547,Zanele Mokoena,Agricultural Day Labourer,962,Tier 2 (ID Verified),Non-Binary,25-34,48.26338196,FALSE,Web
val_1548,Lydia Chebet,Domestic Worker,587,Tier 3 (Address + Income Verified),Non-Binary,25-34,21.92819512,FALSE,WhatsApp Bot
val_1549,Chukwuemeka Okonkwo,Agricultural Day Labourer,408,Tier 1 (Phone Verified),Male,45-54,47.82380979,FALSE,Agent
val_1550,Grace Wanjiku,Domestic Worker,665,Tier 2 (ID Verified),Male,55+,22.94311057,TRUE,USSD
val_1551,Lungelo Zulu,Logistics Driver (Truck/Van),68,Tier 1 (Phone Verified),Female,55+,62.22027611,FALSE,Mobile App (Android)
val_1552,Ama Owusu,Delivery Rider,1261,Tier 3 (Address + Income Verified),Prefer Not to Say,45-54,75.98891811,FALSE,Mobile App (Android)
val_1553,Yaw Darko,E-commerce Reseller,1292,Tier 1 (Phone Verified),Prefer Not to Say,35-44,96.94277883,FALSE,WhatsApp Bot
val_1554,James Kipkoech,Mobile Money Agent,1219,Tier 3 (Address + Income Verified),Male,55+,84.25704693,FALSE,USSD
val_1555,Emeka Obi,Domestic Worker,1002,Tier 2 (ID Verified),Female,55+,8.613484481,FALSE,Web
val_1556,Palesa Motsepe,Delivery Rider,662,Tier 3 (Address + Income Verified),Female,18-24,21.15228799,FALSE,Mobile App (Android)
val_1557,Sipho Dlamini,Freelance Creative,1321,Tier 3 (Address + Income Verified),Non-Binary,25-34,53.16918579,TRUE,Web
val_1558,Thandeka Mthembu,Tutor / Private Instructor,1591,Tier 3 (Address + Income Verified),Male,25-34,25.75909942,FALSE,USSD
val_1559,Lungelo Zulu,Motorcycle Taxi Rider (Boda-Boda/Okada),159,Tier 1 (Phone Verified),Female,35-44,1.436520708,FALSE,Mobile App (Android)
val_1560,Grace Wanjiku,On-Demand Handyman,699,Tier 2 (ID Verified),Prefer Not to Say,25-34,75.47909499,TRUE,USSD
val_1561,Brian Otieno,On-Demand Handyman,1817,Tier 1 (Phone Verified),Female,25-34,35.77720076,FALSE,Agent
val_1562,Chidinma Okeke,E-commerce Reseller,1573,Tier 0 (Unverified),Prefer Not to Say,18-24,6.610003242,TRUE,Web
val_1563,Mpho Sithole,Ride-Hailing Driver,1815,Tier 2 (ID Verified),Non-Binary,18-24,50.88364165,FALSE,Mobile App (iOS)
val_1564,Kofi Mensah,Ride-Hailing Driver,334,Tier 1 (Phone Verified),Non-Binary,35-44,97.72087131,TRUE,Agent
val_1565,James Kipkoech,Freelance Creative,849,Tier 1 (Phone Verified),Female,55+,67.85386264,FALSE,Agent
val_1566,Lerato Molefe,Motorcycle Taxi Rider (Boda-Boda/Okada),238,Tier 0 (Unverified),Prefer Not to Say,25-34,15.87661132,FALSE,Mobile App (iOS)
val_1567,Yaw Darko,Motorcycle Taxi Rider (Boda-Boda/Okada),1581,Tier 2 (ID Verified),Male,25-34,51.42955859,TRUE,Web
val_1568,Mpho Sithole,Delivery Rider,947,Tier 2 (ID Verified),Prefer Not to Say,25-34,90.17224549,FALSE,Mobile App (Android)
val_1569,Thandeka Mthembu,Delivery Rider,444,Tier 0 (Unverified),Prefer Not to Say,55+,5.424366695,FALSE,Mobile App (Android)
val_1570,Ngozi Eze,Logistics Driver (Truck/Van),164,Tier 2 (ID Verified),Non-Binary,45-54,63.78932008,TRUE,Mobile App (Android)
val_1571,David Mwangi,On-Demand Handyman,1346,Tier 0 (Unverified),Prefer Not to Say,45-54,72.12729898,FALSE,Mobile App (Android)
val_1572,Adwoa Acheampong,Ride-Hailing Driver,1482,Tier 0 (Unverified),Non-Binary,18-24,70.40116993,FALSE,USSD
val_1573,Thabo Nkosi,On-Demand Handyman,1605,Tier 1 (Phone Verified),Non-Binary,55+,15.01704185,TRUE,USSD
val_1574,Amara Nwosu,Delivery Rider,1773,Tier 1 (Phone Verified),Male,18-24,90.72785317,TRUE,USSD
val_1575,Samuel Kamau,Mobile Money Agent,1487,Tier 3 (Address + Income Verified),Male,55+,32.22713327,TRUE,USSD
val_1576,Ama Owusu,Ride-Hailing Driver,1435,Tier 0 (Unverified),Male,55+,5.174202339,TRUE,Agent
val_1577,Nomvula Khumalo,Motorcycle Taxi Rider (Boda-Boda/Okada),1482,Tier 1 (Phone Verified),Male,35-44,8.322093448,FALSE,Mobile App (Android)
val_1578,Babatunde Fashola,Motorcycle Taxi Rider (Boda-Boda/Okada),1823,Tier 2 (ID Verified),Prefer Not to Say,55+,45.75773818,FALSE,Agent
val_1579,Yaw Darko,Mobile Money Agent,845,Tier 0 (Unverified),Male,55+,3.998200208,TRUE,USSD
val_1580,Grace Wanjiku,Mobile Money Agent,1385,Tier 3 (Address + Income Verified),Male,35-44,77.95525178,TRUE,Web
val_1581,Yusuf Musa,Market Trader,1497,Tier 2 (ID Verified),Prefer Not to Say,45-54,86.5823506,FALSE,Mobile App (iOS)
val_1582,Kwame Asante,On-Demand Handyman,212,Tier 3 (Address + Income Verified),Female,35-44,1.337317502,TRUE,Mobile App (iOS)
val_1583,Kevin Odhiambo,Agricultural Day Labourer,1261,Tier 3 (Address + Income Verified),Prefer Not to Say,35-44,81.00135033,FALSE,Web
val_1584,Akosua Sarpong,Agricultural Day Labourer,618,Tier 0 (Unverified),Prefer Not to Say,25-34,98.12064691,TRUE,WhatsApp Bot
val_1585,Samuel Kamau,Domestic Worker,241,Tier 1 (Phone Verified),Non-Binary,45-54,3.036816111,FALSE,Web
val_1586,Thabo Nkosi,Domestic Worker,311,Tier 2 (ID Verified),Prefer Not to Say,25-34,72.49672446,FALSE,Mobile App (iOS)
val_1587,Ngozi Eze,E-commerce Reseller,208,Tier 0 (Unverified),Prefer Not to Say,18-24,99.90940788,FALSE,Mobile App (iOS)
val_1588,Lungelo Zulu,Food Delivery Courier,1639,Tier 1 (Phone Verified),Male,25-34,79.71185863,TRUE,Mobile App (iOS)
val_1589,Aisha Bello,E-commerce Reseller,1409,Tier 2 (ID Verified),Male,18-24,50.5357003,TRUE,USSD
val_1590,Adwoa Acheampong,Ride-Hailing Driver,186,Tier 3 (Address + Income Verified),Female,55+,88.48229721,TRUE,Mobile App (iOS)
val_1591,Esther Njeri,Tutor / Private Instructor,1142,Tier 1 (Phone Verified),Non-Binary,25-34,70.79324249,TRUE,Web
val_1592,Faith Achieng,Market Trader,1205,Tier 3 (Address + Income Verified),Prefer Not to Say,45-54,29.24516505,FALSE,Mobile App (Android)
val_1593,Chukwuemeka Okonkwo,Informal Vendor,948,Tier 2 (ID Verified),Male,35-44,22.43197821,FALSE,Mobile App (iOS)
val_1594,Kojo Ofori,Tutor / Private Instructor,1106,Tier 0 (Unverified),Male,25-34,51.25443927,TRUE,USSD
val_1595,Emeka Obi,E-commerce Reseller,1656,Tier 1 (Phone Verified),Female,25-34,37.2990524,TRUE,Mobile App (Android)
val_1596,Nana Adjei,Logistics Driver (Truck/Van),947,Tier 3 (Address + Income Verified),Female,55+,32.94679908,TRUE,USSD
val_1597,Adwoa Acheampong,E-commerce Reseller,1204,Tier 0 (Unverified),Prefer Not to Say,35-44,17.79248167,FALSE,Mobile App (iOS)
val_1598,Zanele Mokoena,Motorcycle Taxi Rider (Boda-Boda/Okada),1042,Tier 0 (Unverified),Female,35-44,84.52860032,TRUE,Mobile App (Android)
val_1599,Kojo Ofori,Ride-Hailing Driver,723,Tier 1 (Phone Verified),Prefer Not to Say,45-54,70.50145006,TRUE,WhatsApp Bot
val_1600,Samuel Kamau,Delivery Rider,1626,Tier 3 (Address + Income Verified),Male,55+,33.13214697,TRUE,Agent
val_1601,Adwoa Acheampong,Tutor / Private Instructor,755,Tier 2 (ID Verified),Male,45-54,23.76670816,TRUE,Mobile App (iOS)
val_1602,Zanele Mokoena,E-commerce Reseller,1460,Tier 0 (Unverified),Prefer Not to Say,35-44,12.8137913,FALSE,Agent
val_1603,Samuel Kamau,Freelance Creative,1105,Tier 1 (Phone Verified),Male,55+,11.25129547,FALSE,WhatsApp Bot
val_1604,Babatunde Fashola,Mobile Money Agent,1250,Tier 3 (Address + Income Verified),Male,55+,62.54781852,FALSE,Mobile App (Android)
val_1605,Palesa Motsepe,Food Delivery Courier,1388,Tier 0 (Unverified),Non-Binary,55+,10.88171781,FALSE,Mobile App (Android)
val_1606,Amara Nwosu,Online Freelancer (Tech/Design),1343,Tier 2 (ID Verified),Male,18-24,96.0212624,FALSE,Agent
val_1607,Abena Boateng,Tutor / Private Instructor,1030,Tier 1 (Phone Verified),Male,55+,27.91351016,FALSE,USSD
val_1608,Chidinma Okeke,Motorcycle Taxi Rider (Boda-Boda/Okada),1123,Tier 3 (Address + Income Verified),Female,18-24,2.580486058,TRUE,Agent
val_1609,Amara Nwosu,Agricultural Day Labourer,928,Tier 3 (Address + Income Verified),Non-Binary,45-54,85.53297238,TRUE,USSD
val_1610,Nomvula Khumalo,Market Trader,619,Tier 3 (Address + Income Verified),Non-Binary,45-54,36.75873959,FALSE,WhatsApp Bot
val_1611,Amara Nwosu,Ride-Hailing Driver,1327,Tier 0 (Unverified),Non-Binary,25-34,34.2965883,FALSE,Web
val_1612,Nana Adjei,Online Freelancer (Tech/Design),1604,Tier 1 (Phone Verified),Male,18-24,11.86206118,FALSE,USSD
val_1613,Efua Antwi,Ride-Hailing Driver,1287,Tier 2 (ID Verified),Female,55+,66.04220582,FALSE,Agent
val_1614,Tunde Adeyemi,Food Delivery Courier,1409,Tier 1 (Phone Verified),Female,55+,35.87933716,TRUE,Mobile App (Android)
val_1615,Emeka Obi,Ride-Hailing Driver,1516,Tier 2 (ID Verified),Female,18-24,82.29945296,FALSE,Agent
val_1616,Nomvula Khumalo,E-commerce Reseller,670,Tier 2 (ID Verified),Non-Binary,45-54,63.06183036,TRUE,Agent
val_1617,Kwame Asante,Domestic Worker,114,Tier 1 (Phone Verified),Male,18-24,87.99123526,TRUE,WhatsApp Bot
val_1618,Babatunde Fashola,Freelance Creative,616,Tier 0 (Unverified),Non-Binary,35-44,62.2561158,FALSE,Mobile App (Android)
val_1619,Thandeka Mthembu,Motorcycle Taxi Rider (Boda-Boda/Okada),1378,Tier 3 (Address + Income Verified),Prefer Not to Say,25-34,77.92782297,TRUE,Agent
val_1620,Brian Otieno,Motorcycle Taxi Rider (Boda-Boda/Okada),1489,Tier 3 (Address + Income Verified),Non-Binary,45-54,69.65392849,TRUE,WhatsApp Bot
val_1621,Chukwuemeka Okonkwo,Tutor / Private Instructor,938,Tier 3 (Address + Income Verified),Female,35-44,46.25924246,FALSE,USSD
val_1622,Mpho Sithole,Logistics Driver (Truck/Van),1421,Tier 1 (Phone Verified),Female,35-44,68.8673992,FALSE,Mobile App (Android)
val_1623,Chukwuemeka Okonkwo,Tutor / Private Instructor,136,Tier 1 (Phone Verified),Non-Binary,45-54,66.36170176,FALSE,Web
val_1624,Kofi Mensah,E-commerce Reseller,1176,Tier 1 (Phone Verified),Non-Binary,35-44,0.670361993,TRUE,USSD
val_1625,Thandeka Mthembu,Domestic Worker,1239,Tier 0 (Unverified),Female,18-24,69.86379387,TRUE,Mobile App (Android)
val_1626,Abena Boateng,Informal Vendor,927,Tier 0 (Unverified),Male,35-44,26.21595018,FALSE,WhatsApp Bot
val_1627,Abena Boateng,On-Demand Handyman,1308,Tier 1 (Phone Verified),Non-Binary,45-54,54.1822822,TRUE,Agent
val_1628,Faith Achieng,Mobile Money Agent,897,Tier 3 (Address + Income Verified),Non-Binary,35-44,11.13323884,TRUE,USSD
val_1629,Amara Nwosu,Freelance Creative,956,Tier 0 (Unverified),Male,18-24,2.302250157,FALSE,WhatsApp Bot
val_1630,Kofi Mensah,E-commerce Reseller,1102,Tier 2 (ID Verified),Non-Binary,18-24,1.511970878,FALSE,Agent
val_1631,Palesa Motsepe,Ride-Hailing Driver,1449,Tier 2 (ID Verified),Male,25-34,15.81945124,FALSE,Mobile App (iOS)
val_1632,Ngozi Eze,Delivery Rider,454,Tier 1 (Phone Verified),Non-Binary,45-54,1.989250661,TRUE,WhatsApp Bot
val_1633,Palesa Motsepe,Informal Vendor,548,Tier 3 (Address + Income Verified),Non-Binary,25-34,13.23974209,FALSE,Mobile App (Android)
val_1634,Kevin Odhiambo,Online Freelancer (Tech/Design),764,Tier 0 (Unverified),Male,55+,55.91736054,FALSE,Mobile App (iOS)
val_1635,Ama Owusu,Motorcycle Taxi Rider (Boda-Boda/Okada),368,Tier 3 (Address + Income Verified),Non-Binary,25-34,40.02728316,FALSE,Agent
val_1636,Emeka Obi,Motorcycle Taxi Rider (Boda-Boda/Okada),610,Tier 2 (ID Verified),Male,35-44,98.07481226,TRUE,Mobile App (Android)
val_1637,Yaw Darko,Motorcycle Taxi Rider (Boda-Boda/Okada),640,Tier 1 (Phone Verified),Female,45-54,80.86943602,FALSE,USSD
val_1638,Fatima Abdullahi,Informal Vendor,573,Tier 3 (Address + Income Verified),Non-Binary,45-54,14.67757545,FALSE,USSD
val_1639,Brian Otieno,Freelance Creative,748,Tier 1 (Phone Verified),Female,18-24,41.67893935,FALSE,Mobile App (Android)
val_1640,Kojo Ofori,Freelance Creative,921,Tier 3 (Address + Income Verified),Prefer Not to Say,18-24,43.09707966,TRUE,USSD
val_1641,Tunde Adeyemi,Ride-Hailing Driver,1270,Tier 0 (Unverified),Prefer Not to Say,18-24,36.2116779,FALSE,Agent
val_1642,Mary Wairimu,Tutor / Private Instructor,553,Tier 0 (Unverified),Prefer Not to Say,55+,49.55897807,FALSE,WhatsApp Bot
val_1643,Abena Boateng,Mobile Money Agent,1543,Tier 2 (ID Verified),Male,18-24,66.98745454,TRUE,Mobile App (Android)
val_1644,Amara Nwosu,Informal Vendor,875,Tier 3 (Address + Income Verified),Male,18-24,64.08897157,TRUE,USSD
val_1645,Grace Wanjiku,Agricultural Day Labourer,1316,Tier 0 (Unverified),Male,45-54,35.70991641,FALSE,USSD
val_1646,Esther Njeri,Delivery Rider,209,Tier 3 (Address + Income Verified),Non-Binary,45-54,70.50456231,TRUE,USSD
val_1647,Nana Adjei,Logistics Driver (Truck/Van),317,Tier 3 (Address + Income Verified),Female,55+,28.94853987,FALSE,Agent
val_1648,Thandeka Mthembu,Domestic Worker,828,Tier 1 (Phone Verified),Non-Binary,25-34,83.54678442,TRUE,Mobile App (iOS)
val_1649,Zanele Mokoena,On-Demand Handyman,668,Tier 3 (Address + Income Verified),Female,45-54,96.43720433,TRUE,Mobile App (iOS)
val_1650,Fatima Abdullahi,Food Delivery Courier,905,Tier 3 (Address + Income Verified),Male,18-24,29.47366544,FALSE,Web
val_1651,Chukwuemeka Okonkwo,Logistics Driver (Truck/Van),289,Tier 0 (Unverified),Non-Binary,35-44,78.46885528,TRUE,Mobile App (iOS)
val_1652,Tunde Adeyemi,Online Freelancer (Tech/Design),864,Tier 3 (Address + Income Verified),Non-Binary,18-24,81.34258039,FALSE,Agent
val_1653,Abena Boateng,Mobile Money Agent,1253,Tier 2 (ID Verified),Non-Binary,55+,49.07633745,FALSE,WhatsApp Bot
val_1654,Emeka Obi,Motorcycle Taxi Rider (Boda-Boda/Okada),1330,Tier 0 (Unverified),Female,35-44,8.774731165,FALSE,Mobile App (Android)
val_1655,Chidinma Okeke,Logistics Driver (Truck/Van),453,Tier 2 (ID Verified),Non-Binary,25-34,78.61818901,FALSE,USSD
val_1656,Zanele Mokoena,Online Freelancer (Tech/Design),628,Tier 2 (ID Verified),Prefer Not to Say,55+,40.74782382,FALSE,Mobile App (Android)
val_1657,Lungelo Zulu,E-commerce Reseller,959,Tier 3 (Address + Income Verified),Non-Binary,18-24,20.80712755,TRUE,USSD
val_1658,Zanele Mokoena,Domestic Worker,945,Tier 3 (Address + Income Verified),Prefer Not to Say,45-54,62.66502326,FALSE,Web
val_1659,Brian Otieno,Food Delivery Courier,1445,Tier 1 (Phone Verified),Female,35-44,43.69381057,FALSE,WhatsApp Bot
val_1660,Yaw Darko,Motorcycle Taxi Rider (Boda-Boda/Okada),712,Tier 1 (Phone Verified),Male,45-54,8.757244868,TRUE,Agent
val_1661,Yaw Darko,Tutor / Private Instructor,1225,Tier 0 (Unverified),Prefer Not to Say,25-34,98.36746291,TRUE,USSD
val_1662,Fatima Abdullahi,E-commerce Reseller,1613,Tier 0 (Unverified),Female,55+,24.46618702,TRUE,WhatsApp Bot
val_1663,Kofi Mensah,Freelance Creative,544,Tier 2 (ID Verified),Male,35-44,51.09650555,TRUE,WhatsApp Bot
val_1664,Ama Owusu,Agricultural Day Labourer,1502,Tier 3 (Address + Income Verified),Male,35-44,66.72882617,TRUE,Mobile App (iOS)
val_1665,Faith Achieng,Ride-Hailing Driver,607,Tier 0 (Unverified),Female,35-44,11.50893644,TRUE,Web
val_1666,Sipho Dlamini,Motorcycle Taxi Rider (Boda-Boda/Okada),610,Tier 2 (ID Verified),Male,25-34,73.94100939,FALSE,Agent
val_1667,Efua Antwi,Food Delivery Courier,1193,Tier 2 (ID Verified),Non-Binary,25-34,64.82888298,TRUE,Agent
val_1668,Ama Owusu,Mobile Money Agent,1135,Tier 0 (Unverified),Non-Binary,18-24,49.37528973,FALSE,Mobile App (iOS)
val_1669,Adwoa Acheampong,Market Trader,1003,Tier 0 (Unverified),Female,35-44,52.83299917,TRUE,Mobile App (Android)
val_1670,Sipho Dlamini,Delivery Rider,422,Tier 1 (Phone Verified),Male,35-44,95.47950274,FALSE,Mobile App (Android)
val_1671,Kofi Mensah,Market Trader,176,Tier 2 (ID Verified),Male,25-34,91.08978373,FALSE,Mobile App (iOS)
val_1672,Brian Otieno,Market Trader,1659,Tier 1 (Phone Verified),Prefer Not to Say,55+,11.19833239,FALSE,Web
val_1673,Sipho Dlamini,E-commerce Reseller,1595,Tier 3 (Address + Income Verified),Female,18-24,36.87520531,FALSE,Web
val_1674,Kojo Ofori,Domestic Worker,1619,Tier 1 (Phone Verified),Male,55+,51.67714318,TRUE,USSD
val_1675,Thandeka Mthembu,Online Freelancer (Tech/Design),936,Tier 0 (Unverified),Non-Binary,55+,91.99758459,FALSE,USSD
val_1676,Amara Nwosu,Logistics Driver (Truck/Van),1615,Tier 0 (Unverified),Prefer Not to Say,18-24,81.65633295,TRUE,Mobile App (iOS)
val_1677,Kevin Odhiambo,Freelance Creative,864,Tier 1 (Phone Verified),Male,45-54,38.6482703,FALSE,Web
val_1678,Mpho Sithole,Online Freelancer (Tech/Design),137,Tier 1 (Phone Verified),Prefer Not to Say,25-34,88.62104055,FALSE,Agent
val_1679,Kwame Asante,E-commerce Reseller,362,Tier 2 (ID Verified),Non-Binary,18-24,37.81577956,FALSE,Web
val_1680,Bongani Ndlovu,Delivery Rider,497,Tier 1 (Phone Verified),Female,55+,27.11929358,TRUE,Web
val_1681,Chukwuemeka Okonkwo,Market Trader,688,Tier 0 (Unverified),Prefer Not to Say,18-24,60.98926266,TRUE,Web
val_1682,Aisha Bello,Informal Vendor,1714,Tier 0 (Unverified),Female,25-34,35.59017548,FALSE,Agent
val_1683,Nomvula Khumalo,Logistics Driver (Truck/Van),607,Tier 2 (ID Verified),Non-Binary,18-24,62.24075599,TRUE,USSD
val_1684,David Mwangi,Market Trader,1118,Tier 1 (Phone Verified),Male,18-24,40.9684075,FALSE,Mobile App (Android)
val_1685,Kwame Asante,Delivery Rider,494,Tier 2 (ID Verified),Male,18-24,79.57691396,TRUE,Web
val_1686,Mary Wairimu,Delivery Rider,1174,Tier 3 (Address + Income Verified),Prefer Not to Say,55+,95.43109734,TRUE,Mobile App (Android)
val_1687,Kevin Odhiambo,Motorcycle Taxi Rider (Boda-Boda/Okada),1036,Tier 1 (Phone Verified),Prefer Not to Say,18-24,27.03091789,FALSE,Web
val_1688,Bongani Ndlovu,Agricultural Day Labourer,274,Tier 2 (ID Verified),Male,45-54,51.00100842,TRUE,Mobile App (iOS)
val_1689,Ngozi Eze,E-commerce Reseller,844,Tier 3 (Address + Income Verified),Male,18-24,72.44324353,TRUE,USSD
val_1690,Sipho Dlamini,Mobile Money Agent,192,Tier 0 (Unverified),Non-Binary,55+,15.85190952,TRUE,Web
val_1691,Palesa Motsepe,Agricultural Day Labourer,1623,Tier 2 (ID Verified),Prefer Not to Say,55+,79.59061481,FALSE,WhatsApp Bot
val_1692,Nana Adjei,Logistics Driver (Truck/Van),1285,Tier 1 (Phone Verified),Non-Binary,45-54,58.29719616,FALSE,Mobile App (iOS)
val_1693,Faith Achieng,Informal Vendor,1718,Tier 2 (ID Verified),Non-Binary,55+,14.97405239,FALSE,USSD
val_1694,Emeka Obi,Delivery Rider,1598,Tier 2 (ID Verified),Female,25-34,86.82295868,FALSE,Mobile App (iOS)
val_1695,Efua Antwi,Domestic Worker,400,Tier 0 (Unverified),Male,45-54,42.67012595,FALSE,WhatsApp Bot
val_1696,James Kipkoech,Online Freelancer (Tech/Design),1291,Tier 0 (Unverified),Prefer Not to Say,25-34,17.66193459,TRUE,Mobile App (Android)
val_1697,Amara Nwosu,Informal Vendor,182,Tier 0 (Unverified),Prefer Not to Say,45-54,19.53963643,TRUE,USSD
val_1698,David Mwangi,Freelance Creative,1754,Tier 0 (Unverified),Female,55+,78.55063998,FALSE,Web
val_1699,Lerato Molefe,Market Trader,1434,Tier 0 (Unverified),Non-Binary,45-54,93.57161606,TRUE,Mobile App (Android)
val_1700,Brian Otieno,Online Freelancer (Tech/Design),1242,Tier 2 (ID Verified),Male,25-34,37.82499223,TRUE,USSD
val_1701,Fatima Abdullahi,Ride-Hailing Driver,1816,Tier 3 (Address + Income Verified),Female,45-54,7.882807531,TRUE,Web
val_1702,Efua Antwi,E-commerce Reseller,1546,Tier 1 (Phone Verified),Male,55+,10.08230795,FALSE,Mobile App (iOS)
val_1703,Fatima Abdullahi,Motorcycle Taxi Rider (Boda-Boda/Okada),1576,Tier 3 (Address + Income Verified),Female,55+,65.44785092,FALSE,USSD
val_1704,Mpho Sithole,Online Freelancer (Tech/Design),182,Tier 2 (ID Verified),Male,45-54,37.07517106,TRUE,USSD
val_1705,Lungelo Zulu,Ride-Hailing Driver,43,Tier 3 (Address + Income Verified),Non-Binary,45-54,42.61314973,FALSE,Mobile App (Android)
val_1706,Thandeka Mthembu,Ride-Hailing Driver,1754,Tier 2 (ID Verified),Male,45-54,33.70473781,FALSE,USSD
val_1707,Mpho Sithole,Freelance Creative,458,Tier 0 (Unverified),Non-Binary,45-54,46.5538566,FALSE,USSD
val_1708,Chidinma Okeke,Food Delivery Courier,778,Tier 2 (ID Verified),Non-Binary,18-24,64.35494529,FALSE,Mobile App (iOS)
val_1709,Yusuf Musa,E-commerce Reseller,79,Tier 2 (ID Verified),Prefer Not to Say,55+,54.11391639,FALSE,Web
val_1710,Esther Njeri,Freelance Creative,1137,Tier 2 (ID Verified),Male,18-24,16.42414242,TRUE,Mobile App (iOS)
val_1711,James Kipkoech,Market Trader,1498,Tier 3 (Address + Income Verified),Female,35-44,49.12886519,FALSE,USSD
val_1712,Palesa Motsepe,Domestic Worker,1537,Tier 0 (Unverified),Male,25-34,46.06130591,FALSE,WhatsApp Bot
val_1713,Adwoa Acheampong,Domestic Worker,1061,Tier 2 (ID Verified),Non-Binary,25-34,54.57372481,TRUE,Agent
val_1714,Akosua Sarpong,Tutor / Private Instructor,1207,Tier 3 (Address + Income Verified),Male,25-34,11.0670031,TRUE,WhatsApp Bot
val_1715,Palesa Motsepe,E-commerce Reseller,938,Tier 0 (Unverified),Non-Binary,18-24,15.3527123,TRUE,Agent
val_1716,Akosua Sarpong,Domestic Worker,814,Tier 1 (Phone Verified),Prefer Not to Say,35-44,53.02441781,FALSE,Mobile App (iOS)
val_1717,Faith Achieng,Agricultural Day Labourer,1012,Tier 3 (Address + Income Verified),Non-Binary,35-44,27.54350425,TRUE,Agent
val_1718,Kevin Odhiambo,Delivery Rider,1708,Tier 0 (Unverified),Male,35-44,62.90316887,FALSE,USSD
val_1719,Kwame Asante,Agricultural Day Labourer,460,Tier 0 (Unverified),Female,18-24,37.27513827,TRUE,Mobile App (iOS)
val_1720,Ngozi Eze,Logistics Driver (Truck/Van),858,Tier 3 (Address + Income Verified),Non-Binary,45-54,22.07347477,FALSE,Mobile App (iOS)
val_1721,Adwoa Acheampong,Freelance Creative,1098,Tier 0 (Unverified),Female,18-24,65.63947883,TRUE,Mobile App (Android)
val_1722,Nana Adjei,Delivery Rider,1041,Tier 2 (ID Verified),Female,55+,39.39076696,TRUE,WhatsApp Bot
val_1723,Adwoa Acheampong,Market Trader,55,Tier 3 (Address + Income Verified),Prefer Not to Say,18-24,15.76124705,FALSE,WhatsApp Bot
val_1724,Ama Owusu,Freelance Creative,524,Tier 1 (Phone Verified),Prefer Not to Say,18-24,80.88089793,TRUE,Mobile App (iOS)
val_1725,Nomvula Khumalo,Domestic Worker,1179,Tier 1 (Phone Verified),Female,25-34,43.17587119,TRUE,Web
val_1726,Bongani Ndlovu,Logistics Driver (Truck/Van),1267,Tier 1 (Phone Verified),Female,35-44,91.50703397,FALSE,Mobile App (Android)
val_1727,Kofi Mensah,Domestic Worker,1341,Tier 1 (Phone Verified),Male,55+,19.34009285,TRUE,WhatsApp Bot
val_1728,Mary Wairimu,Motorcycle Taxi Rider (Boda-Boda/Okada),1810,Tier 1 (Phone Verified),Female,35-44,87.63502346,TRUE,Web
val_1729,Babatunde Fashola,Freelance Creative,1228,Tier 2 (ID Verified),Non-Binary,25-34,81.59099707,TRUE,Web
val_1730,Nomvula Khumalo,Agricultural Day Labourer,1058,Tier 3 (Address + Income Verified),Non-Binary,55+,10.39158241,FALSE,Agent
val_1731,Mpho Sithole,Freelance Creative,606,Tier 3 (Address + Income Verified),Female,25-34,53.16813157,TRUE,Web
val_1732,Efua Antwi,Domestic Worker,676,Tier 3 (Address + Income Verified),Male,55+,65.36828601,FALSE,Agent
val_1733,Lungelo Zulu,Agricultural Day Labourer,1508,Tier 0 (Unverified),Male,35-44,49.54821947,TRUE,WhatsApp Bot
val_1734,Lungelo Zulu,Freelance Creative,855,Tier 1 (Phone Verified),Male,25-34,39.02630842,FALSE,Agent
val_1735,Nomvula Khumalo,On-Demand Handyman,1306,Tier 3 (Address + Income Verified),Male,25-34,94.38421274,TRUE,Mobile App (iOS)
val_1736,Kwame Asante,Market Trader,226,Tier 2 (ID Verified),Male,18-24,70.08208597,TRUE,Mobile App (Android)
val_1737,Ngozi Eze,Delivery Rider,234,Tier 1 (Phone Verified),Non-Binary,45-54,96.58698776,TRUE,WhatsApp Bot
val_1738,Chukwuemeka Okonkwo,Market Trader,393,Tier 1 (Phone Verified),Prefer Not to Say,35-44,84.62303109,FALSE,USSD
val_1739,Yusuf Musa,Mobile Money Agent,356,Tier 0 (Unverified),Prefer Not to Say,45-54,81.71313982,FALSE,USSD
val_1740,Mary Wairimu,Ride-Hailing Driver,1108,Tier 1 (Phone Verified),Non-Binary,45-54,72.56322903,FALSE,USSD
val_1741,Adwoa Acheampong,Online Freelancer (Tech/Design),1163,Tier 1 (Phone Verified),Female,18-24,64.60792421,TRUE,USSD
val_1742,James Kipkoech,E-commerce Reseller,1018,Tier 1 (Phone Verified),Prefer Not to Say,55+,88.68620911,TRUE,Mobile App (Android)
val_1743,Chukwuemeka Okonkwo,Ride-Hailing Driver,528,Tier 2 (ID Verified),Male,35-44,61.34097727,TRUE,Mobile App (iOS)
val_1744,Yusuf Musa,Online Freelancer (Tech/Design),1053,Tier 1 (Phone Verified),Non-Binary,45-54,7.528840093,TRUE,Mobile App (Android)
val_1745,Thandeka Mthembu,Logistics Driver (Truck/Van),218,Tier 0 (Unverified),Prefer Not to Say,18-24,58.2563519,TRUE,Mobile App (iOS)
val_1746,Thandeka Mthembu,Ride-Hailing Driver,863,Tier 3 (Address + Income Verified),Non-Binary,45-54,10.28351516,FALSE,Mobile App (iOS)
val_1747,Faith Achieng,Delivery Rider,282,Tier 1 (Phone Verified),Female,45-54,94.93010701,TRUE,Mobile App (iOS)
val_1748,Thabo Nkosi,Market Trader,140,Tier 1 (Phone Verified),Non-Binary,25-34,64.66689761,TRUE,USSD
val_1749,Kojo Ofori,E-commerce Reseller,302,Tier 2 (ID Verified),Prefer Not to Say,55+,55.56462834,FALSE,Agent
val_1750,Bongani Ndlovu,Agricultural Day Labourer,202,Tier 2 (ID Verified),Male,45-54,19.78211327,TRUE,Mobile App (Android)
val_1751,Palesa Motsepe,Mobile Money Agent,872,Tier 2 (ID Verified),Non-Binary,55+,51.57670499,TRUE,Agent
val_1752,Akosua Sarpong,On-Demand Handyman,996,Tier 0 (Unverified),Male,55+,34.25310038,FALSE,USSD
val_1753,Faith Achieng,Ride-Hailing Driver,1109,Tier 2 (ID Verified),Male,25-34,67.5386168,FALSE,WhatsApp Bot
val_1754,Akosua Sarpong,On-Demand Handyman,802,Tier 0 (Unverified),Prefer Not to Say,55+,60.44097975,FALSE,Web
val_1755,Samuel Kamau,Online Freelancer (Tech/Design),322,Tier 3 (Address + Income Verified),Female,45-54,49.930709,FALSE,Mobile App (iOS)
val_1756,Esther Njeri,E-commerce Reseller,38,Tier 1 (Phone Verified),Male,18-24,25.27410014,TRUE,Mobile App (iOS)
val_1757,Yaw Darko,Mobile Money Agent,1301,Tier 1 (Phone Verified),Female,45-54,52.57431304,FALSE,Mobile App (Android)
val_1758,Kofi Mensah,Freelance Creative,1794,Tier 1 (Phone Verified),Male,35-44,46.16968857,FALSE,WhatsApp Bot
val_1759,Abena Boateng,Tutor / Private Instructor,513,Tier 1 (Phone Verified),Prefer Not to Say,55+,85.12658775,TRUE,Web
val_1760,Faith Achieng,Ride-Hailing Driver,373,Tier 2 (ID Verified),Prefer Not to Say,18-24,89.43373414,FALSE,Mobile App (iOS)
val_1761,Kevin Odhiambo,Freelance Creative,568,Tier 1 (Phone Verified),Male,25-34,75.92491541,TRUE,Agent
val_1762,Chukwuemeka Okonkwo,Delivery Rider,391,Tier 0 (Unverified),Male,25-34,31.96399566,FALSE,USSD
val_1763,Yaw Darko,Logistics Driver (Truck/Van),408,Tier 2 (ID Verified),Prefer Not to Say,35-44,3.808951042,TRUE,Web
val_1764,Abena Boateng,E-commerce Reseller,903,Tier 1 (Phone Verified),Prefer Not to Say,45-54,92.53359592,FALSE,Agent
val_1765,Bongani Ndlovu,Online Freelancer (Tech/Design),1433,Tier 0 (Unverified),Prefer Not to Say,25-34,99.20122517,FALSE,Mobile App (Android)
val_1766,Kwame Asante,On-Demand Handyman,1300,Tier 3 (Address + Income Verified),Non-Binary,45-54,12.70207623,FALSE,Web
val_1767,James Kipkoech,Domestic Worker,1752,Tier 1 (Phone Verified),Prefer Not to Say,18-24,68.56160238,TRUE,USSD
val_1768,Tunde Adeyemi,E-commerce Reseller,652,Tier 2 (ID Verified),Female,25-34,42.51465355,TRUE,Mobile App (iOS)
val_1769,Fatima Abdullahi,Food Delivery Courier,899,Tier 0 (Unverified),Prefer Not to Say,45-54,14.85204048,FALSE,WhatsApp Bot
val_1770,Esther Njeri,Domestic Worker,694,Tier 1 (Phone Verified),Prefer Not to Say,25-34,99.8101311,TRUE,Web
val_1771,Faith Achieng,Agricultural Day Labourer,76,Tier 1 (Phone Verified),Male,35-44,93.32288545,TRUE,USSD
val_1772,David Mwangi,Tutor / Private Instructor,709,Tier 0 (Unverified),Male,45-54,98.26088763,FALSE,Agent
val_1773,Faith Achieng,Domestic Worker,475,Tier 3 (Address + Income Verified),Non-Binary,25-34,14.38962544,TRUE,Web
val_1774,Sipho Dlamini,Tutor / Private Instructor,874,Tier 1 (Phone Verified),Prefer Not to Say,55+,49.19245253,TRUE,Agent
val_1775,Amara Nwosu,Tutor / Private Instructor,288,Tier 2 (ID Verified),Prefer Not to Say,55+,89.57741633,TRUE,Mobile App (Android)
val_1776,Esther Njeri,E-commerce Reseller,1354,Tier 2 (ID Verified),Male,55+,67.51584458,FALSE,Web
val_1777,Emeka Obi,Mobile Money Agent,1538,Tier 1 (Phone Verified),Female,35-44,43.46018033,TRUE,Mobile App (iOS)
val_1778,Samuel Kamau,Delivery Rider,1754,Tier 2 (ID Verified),Prefer Not to Say,25-34,51.66942409,TRUE,WhatsApp Bot
val_1779,Efua Antwi,Freelance Creative,154,Tier 2 (ID Verified),Male,55+,3.86016047,FALSE,WhatsApp Bot
val_1780,Aisha Bello,Online Freelancer (Tech/Design),214,Tier 0 (Unverified),Non-Binary,45-54,61.15171768,TRUE,WhatsApp Bot
val_1781,Esther Njeri,Delivery Rider,1764,Tier 2 (ID Verified),Female,45-54,85.97155167,FALSE,Mobile App (iOS)
val_1782,Chukwuemeka Okonkwo,Market Trader,1548,Tier 0 (Unverified),Male,18-24,0.279362654,FALSE,Web
val_1783,Lerato Molefe,Agricultural Day Labourer,1074,Tier 1 (Phone Verified),Male,55+,15.99646776,TRUE,USSD
val_1784,Adwoa Acheampong,Food Delivery Courier,587,Tier 1 (Phone Verified),Non-Binary,35-44,51.7990122,FALSE,Web
val_1785,Chidinma Okeke,Tutor / Private Instructor,945,Tier 1 (Phone Verified),Prefer Not to Say,45-54,56.0964326,TRUE,Web
val_1786,Fatima Abdullahi,On-Demand Handyman,978,Tier 0 (Unverified),Male,55+,34.33523452,FALSE,Web
val_1787,Ngozi Eze,Ride-Hailing Driver,1547,Tier 2 (ID Verified),Female,18-24,2.793447999,FALSE,USSD
val_1788,James Kipkoech,Food Delivery Courier,966,Tier 1 (Phone Verified),Male,18-24,74.36000955,TRUE,Mobile App (iOS)
val_1789,Sipho Dlamini,Informal Vendor,50,Tier 0 (Unverified),Non-Binary,18-24,24.29251182,TRUE,Mobile App (Android)
val_1790,Abena Boateng,Logistics Driver (Truck/Van),1277,Tier 0 (Unverified),Prefer Not to Say,45-54,64.45773019,TRUE,WhatsApp Bot
val_1791,Palesa Motsepe,Online Freelancer (Tech/Design),1419,Tier 2 (ID Verified),Prefer Not to Say,55+,55.91467411,FALSE,Agent
val_1792,Esther Njeri,Logistics Driver (Truck/Van),544,Tier 2 (ID Verified),Female,18-24,43.08380825,TRUE,Agent
val_1793,Grace Wanjiku,Motorcycle Taxi Rider (Boda-Boda/Okada),212,Tier 2 (ID Verified),Female,18-24,59.02895033,TRUE,Mobile App (iOS)
val_1794,Lydia Chebet,Agricultural Day Labourer,259,Tier 2 (ID Verified),Female,35-44,69.5038744,FALSE,USSD
val_1795,Yusuf Musa,Motorcycle Taxi Rider (Boda-Boda/Okada),1535,Tier 3 (Address + Income Verified),Prefer Not to Say,25-34,57.22443179,FALSE,Agent
val_1796,Thandeka Mthembu,Motorcycle Taxi Rider (Boda-Boda/Okada),817,Tier 3 (Address + Income Verified),Female,18-24,55.75254321,FALSE,Agent
val_1797,Fatima Abdullahi,Agricultural Day Labourer,966,Tier 3 (Address + Income Verified),Male,45-54,43.60777469,FALSE,Mobile App (iOS)
val_1798,Lydia Chebet,E-commerce Reseller,1754,Tier 3 (Address + Income Verified),Prefer Not to Say,55+,43.00345225,TRUE,Agent
val_1799,Kwame Asante,On-Demand Handyman,111,Tier 3 (Address + Income Verified),Male,25-34,49.0965985,TRUE,Mobile App (iOS)
val_1800,Tunde Adeyemi,Logistics Driver (Truck/Van),376,Tier 1 (Phone Verified),Prefer Not to Say,18-24,45.20779122,TRUE,Agent
val_1801,James Kipkoech,Motorcycle Taxi Rider (Boda-Boda/Okada),1521,Tier 2 (ID Verified),Male,25-34,43.90245843,FALSE,Mobile App (iOS)
val_1802,James Kipkoech,E-commerce Reseller,986,Tier 2 (ID Verified),Non-Binary,18-24,21.03700712,FALSE,Web
val_1803,Brian Otieno,Logistics Driver (Truck/Van),49,Tier 0 (Unverified),Female,35-44,72.48379211,FALSE,WhatsApp Bot
val_1804,Amara Nwosu,Mobile Money Agent,1283,Tier 2 (ID Verified),Non-Binary,18-24,13.29524689,FALSE,Mobile App (iOS)
val_1805,Aisha Bello,E-commerce Reseller,252,Tier 2 (ID Verified),Female,25-34,90.87104227,TRUE,USSD
val_1806,Chukwuemeka Okonkwo,E-commerce Reseller,1428,Tier 2 (ID Verified),Female,18-24,62.48462108,FALSE,Web
val_1807,Lydia Chebet,Online Freelancer (Tech/Design),1456,Tier 3 (Address + Income Verified),Female,45-54,4.890067912,FALSE,WhatsApp Bot
val_1808,Ngozi Eze,Ride-Hailing Driver,1505,Tier 2 (ID Verified),Prefer Not to Say,35-44,65.89986997,FALSE,Web
val_1809,Lerato Molefe,Online Freelancer (Tech/Design),848,Tier 3 (Address + Income Verified),Male,18-24,36.15142615,TRUE,Mobile App (iOS)
val_1810,Chidinma Okeke,Logistics Driver (Truck/Van),489,Tier 3 (Address + Income Verified),Male,18-24,92.97648444,TRUE,Agent
val_1811,Nana Adjei,Logistics Driver (Truck/Van),1609,Tier 3 (Address + Income Verified),Male,35-44,93.60754865,TRUE,Mobile App (iOS)
val_1812,Nana Adjei,Mobile Money Agent,1020,Tier 1 (Phone Verified),Non-Binary,35-44,84.59283819,TRUE,Web
val_1813,Lydia Chebet,E-commerce Reseller,1160,Tier 0 (Unverified),Non-Binary,18-24,56.7848902,FALSE,Web
val_1814,Palesa Motsepe,Market Trader,249,Tier 1 (Phone Verified),Non-Binary,25-34,91.91776913,FALSE,Agent
val_1815,Babatunde Fashola,Food Delivery Courier,1138,Tier 2 (ID Verified),Male,45-54,64.98081891,FALSE,Mobile App (iOS)
val_1816,Chidinma Okeke,Online Freelancer (Tech/Design),1059,Tier 3 (Address + Income Verified),Prefer Not to Say,35-44,87.51290555,FALSE,Mobile App (Android)
val_1817,Brian Otieno,E-commerce Reseller,533,Tier 3 (Address + Income Verified),Prefer Not to Say,18-24,16.00531993,TRUE,Agent
val_1818,Amara Nwosu,Agricultural Day Labourer,1400,Tier 2 (ID Verified),Prefer Not to Say,25-34,90.41803134,FALSE,Mobile App (iOS)
val_1819,Grace Wanjiku,Motorcycle Taxi Rider (Boda-Boda/Okada),244,Tier 2 (ID Verified),Prefer Not to Say,18-24,66.15906946,FALSE,WhatsApp Bot
val_1820,Samuel Kamau,Informal Vendor,1313,Tier 3 (Address + Income Verified),Female,55+,30.32739231,TRUE,USSD
val_1821,Sipho Dlamini,On-Demand Handyman,1755,Tier 2 (ID Verified),Non-Binary,55+,99.78135272,TRUE,WhatsApp Bot
val_1822,Samuel Kamau,Tutor / Private Instructor,1035,Tier 0 (Unverified),Female,25-34,68.68839674,FALSE,Web
val_1823,Palesa Motsepe,Delivery Rider,191,Tier 2 (ID Verified),Non-Binary,25-34,90.8416058,FALSE,Agent
val_1824,Sipho Dlamini,Domestic Worker,1010,Tier 1 (Phone Verified),Female,18-24,0.558552098,TRUE,WhatsApp Bot
val_1825,Mpho Sithole,E-commerce Reseller,965,Tier 2 (ID Verified),Non-Binary,45-54,55.23384095,TRUE,Web
val_1826,Babatunde Fashola,Domestic Worker,1008,Tier 2 (ID Verified),Prefer Not to Say,55+,71.25326236,FALSE,USSD
val_1827,Thandeka Mthembu,Ride-Hailing Driver,497,Tier 1 (Phone Verified),Non-Binary,25-34,1.373688912,FALSE,Mobile App (iOS)
val_1828,Yaw Darko,E-commerce Reseller,1143,Tier 1 (Phone Verified),Prefer Not to Say,45-54,76.25592251,FALSE,WhatsApp Bot
val_1829,Thandeka Mthembu,Freelance Creative,482,Tier 0 (Unverified),Prefer Not to Say,25-34,65.14481932,TRUE,Web
val_1830,David Mwangi,On-Demand Handyman,1018,Tier 1 (Phone Verified),Male,55+,27.47596536,TRUE,USSD
val_1831,Lerato Molefe,Food Delivery Courier,1085,Tier 3 (Address + Income Verified),Prefer Not to Say,25-34,68.89449463,TRUE,Mobile App (Android)
val_1832,Abena Boateng,Mobile Money Agent,1179,Tier 2 (ID Verified),Prefer Not to Say,18-24,13.0901039,FALSE,WhatsApp Bot
val_1833,Tunde Adeyemi,On-Demand Handyman,1457,Tier 3 (Address + Income Verified),Female,55+,82.40371988,FALSE,USSD
val_1834,Kevin Odhiambo,Ride-Hailing Driver,1611,Tier 3 (Address + Income Verified),Non-Binary,55+,86.62251173,FALSE,WhatsApp Bot
val_1835,Amara Nwosu,Informal Vendor,1419,Tier 3 (Address + Income Verified),Non-Binary,25-34,48.54769303,TRUE,Agent
val_1836,Bongani Ndlovu,Agricultural Day Labourer,1453,Tier 0 (Unverified),Prefer Not to Say,55+,50.74421679,FALSE,Web
val_1837,Samuel Kamau,Ride-Hailing Driver,1586,Tier 1 (Phone Verified),Prefer Not to Say,25-34,40.20543609,TRUE,Mobile App (Android)
val_1838,Yusuf Musa,Ride-Hailing Driver,442,Tier 0 (Unverified),Male,25-34,34.53339852,FALSE,Mobile App (iOS)
val_1839,Kofi Mensah,Logistics Driver (Truck/Van),534,Tier 0 (Unverified),Male,35-44,87.28982789,TRUE,Web
val_1840,Mary Wairimu,Freelance Creative,973,Tier 0 (Unverified),Male,45-54,30.48731758,FALSE,USSD
val_1841,Ngozi Eze,Logistics Driver (Truck/Van),850,Tier 1 (Phone Verified),Non-Binary,25-34,40.28500119,FALSE,USSD
val_1842,Thabo Nkosi,E-commerce Reseller,1282,Tier 0 (Unverified),Prefer Not to Say,45-54,29.99162964,FALSE,Agent
val_1843,Zanele Mokoena,Market Trader,17,Tier 3 (Address + Income Verified),Non-Binary,45-54,65.67127608,TRUE,USSD
val_1844,Adwoa Acheampong,Freelance Creative,253,Tier 2 (ID Verified),Male,18-24,81.42183311,FALSE,WhatsApp Bot
val_1845,Yaw Darko,On-Demand Handyman,1363,Tier 2 (ID Verified),Non-Binary,55+,16.43358269,FALSE,Web
val_1846,Kevin Odhiambo,Motorcycle Taxi Rider (Boda-Boda/Okada),1500,Tier 2 (ID Verified),Female,18-24,25.47425159,FALSE,Web
val_1847,Ama Owusu,Mobile Money Agent,552,Tier 3 (Address + Income Verified),Female,35-44,10.41077085,TRUE,Agent
val_1848,Kwame Asante,Market Trader,567,Tier 0 (Unverified),Prefer Not to Say,35-44,16.0183957,TRUE,Agent
val_1849,Emeka Obi,Delivery Rider,1025,Tier 1 (Phone Verified),Female,35-44,40.68816245,FALSE,WhatsApp Bot
val_1850,Ngozi Eze,Market Trader,871,Tier 1 (Phone Verified),Non-Binary,18-24,77.58762897,TRUE,USSD
val_1851,Brian Otieno,E-commerce Reseller,309,Tier 2 (ID Verified),Male,25-34,54.1617935,FALSE,Mobile App (Android)
val_1852,James Kipkoech,Agricultural Day Labourer,913,Tier 2 (ID Verified),Female,18-24,5.327627789,FALSE,Web
val_1853,Emeka Obi,Motorcycle Taxi Rider (Boda-Boda/Okada),1496,Tier 3 (Address + Income Verified),Non-Binary,55+,62.50867497,TRUE,USSD
val_1854,Babatunde Fashola,Online Freelancer (Tech/Design),1332,Tier 2 (ID Verified),Non-Binary,18-24,79.53041689,TRUE,Mobile App (Android)
val_1855,Lungelo Zulu,Online Freelancer (Tech/Design),1492,Tier 0 (Unverified),Prefer Not to Say,35-44,39.34678016,FALSE,USSD
val_1856,David Mwangi,Agricultural Day Labourer,1175,Tier 2 (ID Verified),Female,25-34,24.50126014,FALSE,USSD
val_1857,Abena Boateng,Online Freelancer (Tech/Design),1602,Tier 3 (Address + Income Verified),Prefer Not to Say,18-24,76.39377282,TRUE,Mobile App (iOS)
val_1858,Kwame Asante,Mobile Money Agent,456,Tier 2 (ID Verified),Prefer Not to Say,25-34,2.390623896,FALSE,Agent
val_1859,Adwoa Acheampong,Logistics Driver (Truck/Van),83,Tier 2 (ID Verified),Female,55+,81.55910244,TRUE,USSD
val_1860,Adwoa Acheampong,Agricultural Day Labourer,208,Tier 0 (Unverified),Male,35-44,80.42595815,TRUE,WhatsApp Bot
val_1861,Grace Wanjiku,Domestic Worker,1812,Tier 0 (Unverified),Female,55+,88.79859307,FALSE,Web
val_1862,Zanele Mokoena,Delivery Rider,1169,Tier 0 (Unverified),Non-Binary,55+,8.947994062,TRUE,Agent
val_1863,David Mwangi,Domestic Worker,452,Tier 0 (Unverified),Prefer Not to Say,35-44,10.77584819,FALSE,USSD
val_1864,Zanele Mokoena,Online Freelancer (Tech/Design),1559,Tier 1 (Phone Verified),Non-Binary,55+,87.27528239,TRUE,Agent
val_1865,Kevin Odhiambo,Tutor / Private Instructor,565,Tier 3 (Address + Income Verified),Non-Binary,25-34,47.52627672,FALSE,WhatsApp Bot
val_1866,Babatunde Fashola,Mobile Money Agent,1090,Tier 1 (Phone Verified),Male,35-44,39.23385074,FALSE,Mobile App (Android)
val_1867,Sipho Dlamini,Food Delivery Courier,455,Tier 2 (ID Verified),Non-Binary,45-54,57.32935651,FALSE,Agent
val_1868,Aisha Bello,Informal Vendor,173,Tier 3 (Address + Income Verified),Prefer Not to Say,35-44,5.858307016,FALSE,Agent
val_1869,Sipho Dlamini,Motorcycle Taxi Rider (Boda-Boda/Okada),488,Tier 3 (Address + Income Verified),Female,55+,64.37161699,TRUE,Web
val_1870,Aisha Bello,Delivery Rider,416,Tier 2 (ID Verified),Prefer Not to Say,18-24,94.50831536,TRUE,WhatsApp Bot
val_1871,Yusuf Musa,Domestic Worker,1009,Tier 3 (Address + Income Verified),Male,35-44,67.57198942,FALSE,USSD
val_1872,Yaw Darko,Tutor / Private Instructor,37,Tier 1 (Phone Verified),Prefer Not to Say,45-54,46.45351123,FALSE,USSD
val_1873,Bongani Ndlovu,Freelance Creative,437,Tier 1 (Phone Verified),Prefer Not to Say,25-34,96.08809886,TRUE,USSD
val_1874,Kevin Odhiambo,Mobile Money Agent,1036,Tier 1 (Phone Verified),Non-Binary,55+,68.85164139,FALSE,Mobile App (Android)
val_1875,Babatunde Fashola,Freelance Creative,719,Tier 3 (Address + Income Verified),Non-Binary,25-34,5.696043571,FALSE,Mobile App (iOS)
val_1876,Chidinma Okeke,Mobile Money Agent,1161,Tier 1 (Phone Verified),Prefer Not to Say,25-34,67.00465318,FALSE,WhatsApp Bot
val_1877,Palesa Motsepe,Ride-Hailing Driver,1197,Tier 3 (Address + Income Verified),Female,25-34,5.969586275,FALSE,Agent
val_1878,Adwoa Acheampong,Domestic Worker,1762,Tier 0 (Unverified),Male,45-54,30.72298828,FALSE,Web
val_1879,Babatunde Fashola,Domestic Worker,1526,Tier 0 (Unverified),Prefer Not to Say,18-24,61.56834804,TRUE,Agent
val_1880,Faith Achieng,Freelance Creative,416,Tier 2 (ID Verified),Male,18-24,21.56160162,FALSE,WhatsApp Bot
val_1881,Brian Otieno,Food Delivery Courier,1264,Tier 3 (Address + Income Verified),Non-Binary,45-54,3.818918459,FALSE,Mobile App (Android)
val_1882,Fatima Abdullahi,Informal Vendor,1145,Tier 2 (ID Verified),Female,25-34,61.79536888,FALSE,Web
val_1883,Zanele Mokoena,Delivery Rider,1085,Tier 1 (Phone Verified),Prefer Not to Say,18-24,28.58572829,FALSE,Mobile App (Android)
val_1884,Yaw Darko,Ride-Hailing Driver,1458,Tier 0 (Unverified),Prefer Not to Say,25-34,53.29642243,TRUE,Mobile App (Android)
val_1885,Fatima Abdullahi,Ride-Hailing Driver,269,Tier 1 (Phone Verified),Female,25-34,26.11455789,FALSE,WhatsApp Bot
val_1886,Nana Adjei,Online Freelancer (Tech/Design),685,Tier 1 (Phone Verified),Non-Binary,18-24,68.64288469,FALSE,USSD
val_1887,Kevin Odhiambo,Market Trader,1490,Tier 1 (Phone Verified),Female,55+,89.57013912,FALSE,Mobile App (Android)
val_1888,Tunde Adeyemi,Motorcycle Taxi Rider (Boda-Boda/Okada),1629,Tier 3 (Address + Income Verified),Female,18-24,8.65648028,FALSE,Mobile App (iOS)
val_1889,Mary Wairimu,Online Freelancer (Tech/Design),68,Tier 3 (Address + Income Verified),Prefer Not to Say,35-44,78.63186855,FALSE,USSD
val_1890,Fatima Abdullahi,Delivery Rider,860,Tier 3 (Address + Income Verified),Female,25-34,15.60950551,TRUE,Web
val_1891,Chidinma Okeke,Market Trader,482,Tier 0 (Unverified),Prefer Not to Say,25-34,32.94097872,FALSE,Mobile App (iOS)
val_1892,Palesa Motsepe,Ride-Hailing Driver,306,Tier 0 (Unverified),Non-Binary,18-24,35.73652958,FALSE,Mobile App (iOS)
val_1893,Kojo Ofori,Agricultural Day Labourer,104,Tier 1 (Phone Verified),Prefer Not to Say,55+,20.6309989,FALSE,Mobile App (Android)
val_1894,Amara Nwosu,Agricultural Day Labourer,982,Tier 2 (ID Verified),Non-Binary,55+,7.523434086,TRUE,WhatsApp Bot
val_1895,Lungelo Zulu,Informal Vendor,1218,Tier 2 (ID Verified),Prefer Not to Say,18-24,76.84864803,FALSE,Mobile App (iOS)
val_1896,Kofi Mensah,Food Delivery Courier,970,Tier 1 (Phone Verified),Female,18-24,79.36275393,TRUE,Web
val_1897,Lungelo Zulu,Freelance Creative,672,Tier 0 (Unverified),Female,55+,99.68332904,TRUE,Agent
val_1898,Adwoa Acheampong,Tutor / Private Instructor,1408,Tier 1 (Phone Verified),Female,35-44,93.4604249,TRUE,WhatsApp Bot
val_1899,Esther Njeri,Logistics Driver (Truck/Van),1190,Tier 3 (Address + Income Verified),Male,18-24,43.46424234,TRUE,Agent
val_1900,Ama Owusu,Ride-Hailing Driver,1658,Tier 3 (Address + Income Verified),Male,18-24,13.33880145,FALSE,WhatsApp Bot
val_1901,Ama Owusu,Agricultural Day Labourer,633,Tier 3 (Address + Income Verified),Female,35-44,1.070000802,FALSE,Web
val_1902,Kojo Ofori,Logistics Driver (Truck/Van),436,Tier 2 (ID Verified),Prefer Not to Say,35-44,53.15175385,TRUE,USSD
val_1903,Chidinma Okeke,Domestic Worker,832,Tier 0 (Unverified),Prefer Not to Say,45-54,86.05664108,FALSE,USSD
val_1904,Esther Njeri,On-Demand Handyman,925,Tier 3 (Address + Income Verified),Non-Binary,18-24,26.79037396,FALSE,Web
val_1905,Chidinma Okeke,Ride-Hailing Driver,836,Tier 0 (Unverified),Female,25-34,19.8941368,FALSE,USSD
val_1906,Grace Wanjiku,Ride-Hailing Driver,1519,Tier 1 (Phone Verified),Non-Binary,25-34,43.89533718,TRUE,Mobile App (Android)
val_1907,Emeka Obi,Ride-Hailing Driver,83,Tier 3 (Address + Income Verified),Prefer Not to Say,35-44,89.3532801,TRUE,Web
val_1908,Aisha Bello,Delivery Rider,963,Tier 2 (ID Verified),Male,25-34,45.16738318,FALSE,Mobile App (iOS)
val_1909,Bongani Ndlovu,Tutor / Private Instructor,785,Tier 0 (Unverified),Prefer Not to Say,25-34,72.2712906,TRUE,Mobile App (Android)
val_1910,Tunde Adeyemi,On-Demand Handyman,385,Tier 2 (ID Verified),Prefer Not to Say,55+,46.25262102,FALSE,Mobile App (Android)
val_1911,Palesa Motsepe,Informal Vendor,1170,Tier 0 (Unverified),Prefer Not to Say,35-44,37.29588814,FALSE,Mobile App (Android)
val_1912,Chukwuemeka Okonkwo,Freelance Creative,1463,Tier 1 (Phone Verified),Male,35-44,44.09120545,TRUE,WhatsApp Bot
val_1913,Nomvula Khumalo,Tutor / Private Instructor,997,Tier 3 (Address + Income Verified),Prefer Not to Say,18-24,76.84005327,TRUE,Mobile App (iOS)
val_1914,Esther Njeri,Delivery Rider,155,Tier 1 (Phone Verified),Non-Binary,18-24,75.44060559,FALSE,WhatsApp Bot
val_1915,Kwame Asante,Online Freelancer (Tech/Design),137,Tier 3 (Address + Income Verified),Non-Binary,45-54,43.17581786,TRUE,Web
val_1916,Grace Wanjiku,Ride-Hailing Driver,769,Tier 2 (ID Verified),Male,55+,26.76174254,TRUE,Mobile App (Android)
val_1917,Lydia Chebet,Ride-Hailing Driver,1219,Tier 2 (ID Verified),Female,35-44,13.91270391,TRUE,USSD
val_1918,James Kipkoech,Motorcycle Taxi Rider (Boda-Boda/Okada),572,Tier 2 (ID Verified),Female,18-24,0.136969438,FALSE,WhatsApp Bot
val_1919,Ama Owusu,Informal Vendor,563,Tier 2 (ID Verified),Prefer Not to Say,35-44,11.32575831,FALSE,WhatsApp Bot
val_1920,Faith Achieng,Food Delivery Courier,1570,Tier 0 (Unverified),Female,25-34,16.46552652,TRUE,USSD
val_1921,Ama Owusu,Mobile Money Agent,26,Tier 3 (Address + Income Verified),Male,18-24,68.9937791,FALSE,Mobile App (Android)
val_1922,Zanele Mokoena,E-commerce Reseller,145,Tier 1 (Phone Verified),Prefer Not to Say,18-24,81.79158769,TRUE,Web
val_1923,Mary Wairimu,Informal Vendor,284,Tier 2 (ID Verified),Male,35-44,73.69456662,TRUE,WhatsApp Bot
val_1924,David Mwangi,Market Trader,1796,Tier 2 (ID Verified),Prefer Not to Say,35-44,72.32327672,TRUE,WhatsApp Bot
val_1925,Amara Nwosu,Ride-Hailing Driver,908,Tier 2 (ID Verified),Prefer Not to Say,35-44,99.43206147,FALSE,Mobile App (Android)
val_1926,David Mwangi,Market Trader,289,Tier 1 (Phone Verified),Female,45-54,96.25977393,FALSE,WhatsApp Bot
val_1927,Amara Nwosu,Freelance Creative,566,Tier 3 (Address + Income Verified),Non-Binary,25-34,26.88471951,TRUE,Web
val_1928,Fatima Abdullahi,Agricultural Day Labourer,1770,Tier 0 (Unverified),Prefer Not to Say,25-34,14.51007495,TRUE,Mobile App (iOS)
val_1929,Lerato Molefe,Informal Vendor,1267,Tier 2 (ID Verified),Non-Binary,45-54,15.32982379,FALSE,Mobile App (iOS)
val_1930,Ngozi Eze,Motorcycle Taxi Rider (Boda-Boda/Okada),408,Tier 2 (ID Verified),Non-Binary,18-24,89.56066707,TRUE,Web
val_1931,Lydia Chebet,Informal Vendor,439,Tier 2 (ID Verified),Male,18-24,10.2346848,FALSE,WhatsApp Bot
val_1932,Zanele Mokoena,Motorcycle Taxi Rider (Boda-Boda/Okada),136,Tier 0 (Unverified),Non-Binary,55+,34.01441689,TRUE,WhatsApp Bot
val_1933,Lerato Molefe,On-Demand Handyman,1411,Tier 1 (Phone Verified),Non-Binary,25-34,53.03465284,FALSE,Mobile App (iOS)
val_1934,Amara Nwosu,Market Trader,250,Tier 0 (Unverified),Non-Binary,18-24,61.34505037,FALSE,Mobile App (Android)
val_1935,Emeka Obi,Freelance Creative,523,Tier 2 (ID Verified),Prefer Not to Say,45-54,59.57326378,TRUE,WhatsApp Bot
val_1936,David Mwangi,E-commerce Reseller,636,Tier 2 (ID Verified),Prefer Not to Say,35-44,78.64077221,FALSE,Mobile App (Android)
val_1937,Kofi Mensah,Freelance Creative,1133,Tier 2 (ID Verified),Non-Binary,18-24,57.16932635,TRUE,Web
val_1938,Lerato Molefe,Informal Vendor,1107,Tier 3 (Address + Income Verified),Female,55+,85.10465393,TRUE,Agent
val_1939,Yusuf Musa,Tutor / Private Instructor,1459,Tier 1 (Phone Verified),Female,25-34,8.463022407,TRUE,Agent
val_1940,Emeka Obi,Logistics Driver (Truck/Van),542,Tier 1 (Phone Verified),Male,45-54,85.89654536,TRUE,Mobile App (Android)
val_1941,Brian Otieno,Mobile Money Agent,704,Tier 1 (Phone Verified),Non-Binary,45-54,59.00031608,FALSE,Mobile App (Android)
val_1942,Lungelo Zulu,E-commerce Reseller,709,Tier 0 (Unverified),Female,55+,22.29325659,TRUE,Agent
val_1943,Aisha Bello,Mobile Money Agent,85,Tier 3 (Address + Income Verified),Prefer Not to Say,45-54,97.77431887,TRUE,Mobile App (Android)
val_1944,Faith Achieng,Informal Vendor,1346,Tier 3 (Address + Income Verified),Prefer Not to Say,45-54,93.97342737,FALSE,Web
val_1945,Babatunde Fashola,Domestic Worker,977,Tier 1 (Phone Verified),Prefer Not to Say,18-24,84.57258217,TRUE,WhatsApp Bot
val_1946,Emeka Obi,E-commerce Reseller,868,Tier 3 (Address + Income Verified),Prefer Not to Say,55+,91.15961356,FALSE,USSD
val_1947,Mpho Sithole,Mobile Money Agent,1817,Tier 0 (Unverified),Female,18-24,38.2141721,TRUE,WhatsApp Bot
val_1948,Chukwuemeka Okonkwo,Market Trader,326,Tier 0 (Unverified),Female,25-34,22.78048724,FALSE,Mobile App (Android)
val_1949,Samuel Kamau,Domestic Worker,1769,Tier 1 (Phone Verified),Non-Binary,35-44,18.29038617,FALSE,USSD
val_1950,Mpho Sithole,Agricultural Day Labourer,1242,Tier 1 (Phone Verified),Female,25-34,87.37599685,FALSE,WhatsApp Bot
val_1951,Yaw Darko,Mobile Money Agent,403,Tier 0 (Unverified),Female,35-44,82.66313489,FALSE,Mobile App (Android)
val_1952,Tunde Adeyemi,Logistics Driver (Truck/Van),1238,Tier 2 (ID Verified),Non-Binary,18-24,98.09383833,FALSE,Agent
val_1953,James Kipkoech,Logistics Driver (Truck/Van),1379,Tier 3 (Address + Income Verified),Female,35-44,84.82521015,TRUE,USSD
val_1954,Lerato Molefe,Mobile Money Agent,661,Tier 1 (Phone Verified),Prefer Not to Say,25-34,63.23659139,TRUE,USSD
val_1955,Kevin Odhiambo,Online Freelancer (Tech/Design),629,Tier 1 (Phone Verified),Male,45-54,14.22817509,FALSE,Mobile App (Android)
val_1956,Ama Owusu,Delivery Rider,1525,Tier 0 (Unverified),Female,35-44,16.48475384,TRUE,Agent
val_1957,Ama Owusu,Online Freelancer (Tech/Design),292,Tier 1 (Phone Verified),Non-Binary,45-54,47.36995268,TRUE,Mobile App (Android)
val_1958,Nana Adjei,Freelance Creative,24,Tier 3 (Address + Income Verified),Prefer Not to Say,18-24,76.77955311,TRUE,Mobile App (Android)
val_1959,Fatima Abdullahi,Domestic Worker,1215,Tier 3 (Address + Income Verified),Non-Binary,55+,17.32753902,FALSE,WhatsApp Bot
val_1960,Zanele Mokoena,Freelance Creative,1655,Tier 0 (Unverified),Male,25-34,91.55175079,FALSE,Mobile App (Android)
val_1961,Thandeka Mthembu,Mobile Money Agent,914,Tier 0 (Unverified),Female,25-34,68.37907305,FALSE,USSD
val_1962,Amara Nwosu,Market Trader,246,Tier 3 (Address + Income Verified),Prefer Not to Say,35-44,31.23090904,TRUE,USSD
val_1963,Thabo Nkosi,Agricultural Day Labourer,984,Tier 0 (Unverified),Female,18-24,88.57595922,FALSE,WhatsApp Bot
val_1964,Thabo Nkosi,Motorcycle Taxi Rider (Boda-Boda/Okada),459,Tier 2 (ID Verified),Female,55+,59.86303682,FALSE,Mobile App (iOS)
val_1965,Adwoa Acheampong,Logistics Driver (Truck/Van),1510,Tier 3 (Address + Income Verified),Male,25-34,73.3158482,FALSE,WhatsApp Bot
val_1966,David Mwangi,Online Freelancer (Tech/Design),1117,Tier 3 (Address + Income Verified),Non-Binary,55+,38.54422063,TRUE,Web
val_1967,James Kipkoech,Domestic Worker,614,Tier 2 (ID Verified),Male,18-24,39.35505393,FALSE,Mobile App (Android)
val_1968,Zanele Mokoena,Domestic Worker,1140,Tier 1 (Phone Verified),Female,55+,1.261757048,TRUE,Web
val_1969,Emeka Obi,Agricultural Day Labourer,1218,Tier 3 (Address + Income Verified),Non-Binary,25-34,53.79020228,TRUE,Mobile App (iOS)
val_1970,Zanele Mokoena,Delivery Rider,1239,Tier 2 (ID Verified),Prefer Not to Say,45-54,76.07968058,TRUE,Agent
val_1971,Mpho Sithole,Informal Vendor,668,Tier 3 (Address + Income Verified),Male,55+,96.88245136,FALSE,Agent
val_1972,Efua Antwi,Food Delivery Courier,1041,Tier 2 (ID Verified),Female,18-24,89.22268367,TRUE,Web
val_1973,Esther Njeri,Agricultural Day Labourer,78,Tier 3 (Address + Income Verified),Male,25-34,8.699109135,FALSE,Mobile App (Android)
val_1974,Kofi Mensah,Freelance Creative,736,Tier 3 (Address + Income Verified),Female,55+,98.05201204,FALSE,USSD
val_1975,Tunde Adeyemi,Informal Vendor,690,Tier 0 (Unverified),Prefer Not to Say,18-24,14.9480689,TRUE,Web
val_1976,Bongani Ndlovu,Informal Vendor,976,Tier 1 (Phone Verified),Female,18-24,4.111429839,TRUE,WhatsApp Bot
val_1977,Esther Njeri,Food Delivery Courier,1734,Tier 3 (Address + Income Verified),Female,35-44,74.89298355,FALSE,Agent
val_1978,Tunde Adeyemi,On-Demand Handyman,1741,Tier 0 (Unverified),Female,18-24,90.58864503,FALSE,USSD
val_1979,Nomvula Khumalo,E-commerce Reseller,882,Tier 2 (ID Verified),Prefer Not to Say,55+,94.9782906,TRUE,USSD
val_1980,Nana Adjei,Freelance Creative,1179,Tier 1 (Phone Verified),Non-Binary,55+,82.49761078,TRUE,Agent
val_1981,Yaw Darko,Domestic Worker,197,Tier 0 (Unverified),Non-Binary,18-24,20.49062157,TRUE,WhatsApp Bot
val_1982,Tunde Adeyemi,Tutor / Private Instructor,880,Tier 2 (ID Verified),Prefer Not to Say,18-24,15.40029145,FALSE,Agent
val_1983,Sipho Dlamini,Ride-Hailing Driver,1255,Tier 3 (Address + Income Verified),Non-Binary,45-54,5.896847757,FALSE,Mobile App (Android)
val_1984,Akosua Sarpong,Tutor / Private Instructor,1246,Tier 3 (Address + Income Verified),Non-Binary,35-44,58.19690799,TRUE,Agent
val_1985,Nomvula Khumalo,Logistics Driver (Truck/Van),1759,Tier 1 (Phone Verified),Non-Binary,55+,48.72211762,TRUE,USSD
val_1986,Zanele Mokoena,E-commerce Reseller,851,Tier 0 (Unverified),Non-Binary,55+,10.92836084,TRUE,Mobile App (iOS)
val_1987,Yusuf Musa,On-Demand Handyman,1657,Tier 3 (Address + Income Verified),Male,35-44,46.48271187,FALSE,WhatsApp Bot
val_1988,Yusuf Musa,Market Trader,1787,Tier 3 (Address + Income Verified),Female,25-34,56.73235905,FALSE,Agent
val_1989,Mpho Sithole,Motorcycle Taxi Rider (Boda-Boda/Okada),1044,Tier 2 (ID Verified),Prefer Not to Say,45-54,72.29546435,TRUE,USSD
val_1990,Ama Owusu,Domestic Worker,167,Tier 2 (ID Verified),Male,45-54,41.419757,TRUE,Mobile App (Android)
val_1991,Mary Wairimu,Logistics Driver (Truck/Van),687,Tier 2 (ID Verified),Prefer Not to Say,35-44,31.83524471,FALSE,USSD
val_1992,Grace Wanjiku,Food Delivery Courier,1396,Tier 0 (Unverified),Non-Binary,25-34,66.56791982,FALSE,Mobile App (iOS)
val_1993,Akosua Sarpong,Agricultural Day Labourer,1060,Tier 0 (Unverified),Female,25-34,68.4223643,FALSE,Mobile App (Android)
val_1994,Sipho Dlamini,Informal Vendor,1709,Tier 0 (Unverified),Male,35-44,27.04285567,TRUE,WhatsApp Bot
val_1995,Chukwuemeka Okonkwo,Informal Vendor,1489,Tier 3 (Address + Income Verified),Prefer Not to Say,35-44,1.982308224,FALSE,Mobile App (Android)
val_1996,Kofi Mensah,Market Trader,115,Tier 0 (Unverified),Male,35-44,94.56905697,FALSE,USSD
val_1997,Thandeka Mthembu,Market Trader,1572,Tier 2 (ID Verified),Non-Binary,18-24,75.52864065,FALSE,Mobile App (iOS)
val_1998,Grace Wanjiku,Mobile Money Agent,652,Tier 1 (Phone Verified),Male,55+,20.11043345,TRUE,Web
val_1999,Grace Wanjiku,Logistics Driver (Truck/Van),1495,Tier 0 (Unverified),Prefer Not to Say,45-54,56.5665651,TRUE,Web
val_2000,Palesa Motsepe,Online Freelancer (Tech/Design),927,Tier 3 (Address + Income Verified),Male,55+,59.49475307,TRUE,WhatsApp Bot
val_2001,Tunde Adeyemi,Mobile Money Agent,831,Tier 0 (Unverified),Prefer Not to Say,55+,12.5988632,TRUE,Mobile App (iOS)
val_2002,Faith Achieng,Tutor / Private Instructor,132,Tier 3 (Address + Income Verified),Non-Binary,45-54,19.16570873,FALSE,Agent
val_2003,James Kipkoech,Domestic Worker,217,Tier 3 (Address + Income Verified),Male,25-34,95.67065165,FALSE,Agent
val_2004,Nomvula Khumalo,Market Trader,1087,Tier 3 (Address + Income Verified),Non-Binary,45-54,50.801086,FALSE,USSD
val_2005,Amara Nwosu,Ride-Hailing Driver,1039,Tier 0 (Unverified),Prefer Not to Say,35-44,19.14422194,FALSE,USSD
val_2006,Mary Wairimu,On-Demand Handyman,1013,Tier 3 (Address + Income Verified),Male,55+,79.75747541,TRUE,Web
val_2007,Emeka Obi,On-Demand Handyman,285,Tier 2 (ID Verified),Prefer Not to Say,25-34,47.05733025,FALSE,Mobile App (iOS)
val_2008,Nomvula Khumalo,Tutor / Private Instructor,931,Tier 1 (Phone Verified),Prefer Not to Say,18-24,63.84120833,FALSE,Web
val_2009,Akosua Sarpong,Agricultural Day Labourer,111,Tier 2 (ID Verified),Non-Binary,18-24,29.75015336,FALSE,WhatsApp Bot
val_2010,Lydia Chebet,Ride-Hailing Driver,263,Tier 1 (Phone Verified),Female,18-24,5.790409826,TRUE,Mobile App (Android)
val_2011,Faith Achieng,Domestic Worker,910,Tier 1 (Phone Verified),Male,45-54,16.49442236,TRUE,Web
val_2012,Emeka Obi,Informal Vendor,1126,Tier 1 (Phone Verified),Female,18-24,97.30369031,TRUE,Mobile App (Android)
val_2013,Mpho Sithole,E-commerce Reseller,1196,Tier 2 (ID Verified),Prefer Not to Say,18-24,62.35884358,TRUE,Web
val_2014,Akosua Sarpong,Mobile Money Agent,1793,Tier 2 (ID Verified),Non-Binary,25-34,83.10851986,FALSE,USSD
val_2015,Samuel Kamau,Logistics Driver (Truck/Van),1559,Tier 0 (Unverified),Non-Binary,45-54,2.151955792,FALSE,Mobile App (Android)
val_2016,Kevin Odhiambo,On-Demand Handyman,693,Tier 0 (Unverified),Prefer Not to Say,35-44,76.54625012,TRUE,Mobile App (iOS)
val_2017,Adwoa Acheampong,Agricultural Day Labourer,1429,Tier 3 (Address + Income Verified),Female,25-34,48.49520665,FALSE,Mobile App (iOS)
val_2018,Kojo Ofori,Mobile Money Agent,174,Tier 2 (ID Verified),Male,25-34,66.53078769,FALSE,USSD
val_2019,James Kipkoech,Freelance Creative,1565,Tier 3 (Address + Income Verified),Prefer Not to Say,55+,35.82050403,FALSE,WhatsApp Bot
val_2020,Samuel Kamau,E-commerce Reseller,706,Tier 1 (Phone Verified),Non-Binary,35-44,62.08688268,FALSE,USSD
val_2021,Nana Adjei,Tutor / Private Instructor,1387,Tier 1 (Phone Verified),Non-Binary,25-34,3.561976779,FALSE,WhatsApp Bot
val_2022,Nana Adjei,On-Demand Handyman,1772,Tier 1 (Phone Verified),Non-Binary,45-54,4.558871254,TRUE,Mobile App (Android)
val_2023,Abena Boateng,Agricultural Day Labourer,1284,Tier 2 (ID Verified),Prefer Not to Say,25-34,79.88364099,FALSE,Web
val_2024,Tunde Adeyemi,Motorcycle Taxi Rider (Boda-Boda/Okada),1680,Tier 3 (Address + Income Verified),Prefer Not to Say,25-34,12.44652678,TRUE,Web
val_2025,James Kipkoech,Tutor / Private Instructor,18,Tier 2 (ID Verified),Non-Binary,45-54,1.398393459,FALSE,Mobile App (iOS)
val_2026,Yaw Darko,Food Delivery Courier,311,Tier 1 (Phone Verified),Prefer Not to Say,25-34,91.24564896,FALSE,Agent
val_2027,Lerato Molefe,Tutor / Private Instructor,1143,Tier 3 (Address + Income Verified),Female,35-44,26.55317627,TRUE,USSD
val_2028,Ama Owusu,Mobile Money Agent,987,Tier 2 (ID Verified),Non-Binary,45-54,58.23821633,FALSE,WhatsApp Bot
val_2029,Esther Njeri,Online Freelancer (Tech/Design),219,Tier 1 (Phone Verified),Prefer Not to Say,25-34,83.89169705,FALSE,USSD
val_2030,Kofi Mensah,Online Freelancer (Tech/Design),1311,Tier 0 (Unverified),Male,18-24,74.59070794,TRUE,Agent
val_2031,Fatima Abdullahi,Informal Vendor,107,Tier 2 (ID Verified),Non-Binary,55+,4.662782081,TRUE,USSD
val_2032,Ngozi Eze,Online Freelancer (Tech/Design),1809,Tier 2 (ID Verified),Non-Binary,25-34,56.09487009,TRUE,Web
val_2033,Efua Antwi,On-Demand Handyman,285,Tier 3 (Address + Income Verified),Non-Binary,25-34,54.17978671,TRUE,Mobile App (iOS)
val_2034,Thandeka Mthembu,Logistics Driver (Truck/Van),813,Tier 0 (Unverified),Prefer Not to Say,35-44,35.00801782,TRUE,Mobile App (iOS)
val_2035,Zanele Mokoena,Delivery Rider,1503,Tier 0 (Unverified),Female,18-24,75.35629814,FALSE,USSD
val_2036,Abena Boateng,Motorcycle Taxi Rider (Boda-Boda/Okada),938,Tier 3 (Address + Income Verified),Male,18-24,96.4005658,FALSE,Mobile App (Android)
val_2037,Aisha Bello,Domestic Worker,1358,Tier 2 (ID Verified),Male,35-44,14.71866539,TRUE,Mobile App (iOS)
val_2038,Thandeka Mthembu,Logistics Driver (Truck/Van),1284,Tier 0 (Unverified),Prefer Not to Say,55+,14.52240037,TRUE,Web
val_2039,Mary Wairimu,Informal Vendor,1732,Tier 0 (Unverified),Non-Binary,35-44,73.47360195,TRUE,Agent
val_2040,Grace Wanjiku,E-commerce Reseller,847,Tier 1 (Phone Verified),Non-Binary,35-44,45.44164102,TRUE,Mobile App (Android)
val_2041,Palesa Motsepe,E-commerce Reseller,1787,Tier 2 (ID Verified),Female,45-54,79.52189306,FALSE,Agent
val_2042,Adwoa Acheampong,On-Demand Handyman,943,Tier 0 (Unverified),Female,55+,14.10776096,TRUE,Mobile App (Android)
val_2043,Adwoa Acheampong,Online Freelancer (Tech/Design),1631,Tier 1 (Phone Verified),Prefer Not to Say,55+,3.985754414,FALSE,Agent
val_2044,Grace Wanjiku,Logistics Driver (Truck/Van),1337,Tier 2 (ID Verified),Non-Binary,18-24,69.79340749,FALSE,Agent
val_2045,Thandeka Mthembu,Motorcycle Taxi Rider (Boda-Boda/Okada),242,Tier 3 (Address + Income Verified),Prefer Not to Say,35-44,99.4711053,TRUE,Mobile App (Android)
val_2046,James Kipkoech,Domestic Worker,1175,Tier 1 (Phone Verified),Prefer Not to Say,35-44,9.47982103,TRUE,Mobile App (Android)
val_2047,Ama Owusu,Market Trader,1603,Tier 1 (Phone Verified),Prefer Not to Say,25-34,86.43378895,FALSE,Agent
val_2048,Sipho Dlamini,Informal Vendor,234,Tier 1 (Phone Verified),Non-Binary,55+,38.52897408,FALSE,Agent
val_2049,Nana Adjei,E-commerce Reseller,1531,Tier 0 (Unverified),Male,25-34,1.678954529,FALSE,WhatsApp Bot
val_2050,Emeka Obi,Tutor / Private Instructor,192,Tier 0 (Unverified),Non-Binary,55+,51.0021793,TRUE,Mobile App (iOS)
val_2051,Samuel Kamau,Mobile Money Agent,1590,Tier 3 (Address + Income Verified),Non-Binary,18-24,27.88542071,TRUE,Mobile App (iOS)
val_2052,David Mwangi,Agricultural Day Labourer,1440,Tier 0 (Unverified),Non-Binary,45-54,69.34031415,FALSE,Mobile App (iOS)
val_2053,Bongani Ndlovu,Motorcycle Taxi Rider (Boda-Boda/Okada),276,Tier 3 (Address + Income Verified),Male,45-54,28.78306224,FALSE,WhatsApp Bot
val_2054,Kojo Ofori,Online Freelancer (Tech/Design),1326,Tier 0 (Unverified),Prefer Not to Say,35-44,48.17001234,TRUE,Mobile App (Android)
val_2055,David Mwangi,Delivery Rider,213,Tier 2 (ID Verified),Prefer Not to Say,18-24,20.05652513,FALSE,Mobile App (iOS)
val_2056,Adwoa Acheampong,Market Trader,1037,Tier 3 (Address + Income Verified),Female,18-24,82.8101758,TRUE,Mobile App (iOS)
val_2057,Adwoa Acheampong,Logistics Driver (Truck/Van),1686,Tier 2 (ID Verified),Female,45-54,92.54314619,FALSE,Agent
val_2058,Faith Achieng,Tutor / Private Instructor,376,Tier 2 (ID Verified),Male,55+,40.33357542,FALSE,Web
val_2059,Kevin Odhiambo,E-commerce Reseller,317,Tier 1 (Phone Verified),Prefer Not to Say,35-44,44.88800326,FALSE,Mobile App (iOS)
val_2060,Palesa Motsepe,E-commerce Reseller,772,Tier 2 (ID Verified),Male,18-24,98.26836732,FALSE,Mobile App (Android)
val_2061,Kofi Mensah,Ride-Hailing Driver,673,Tier 2 (ID Verified),Female,45-54,14.21154767,FALSE,Web
val_2062,Amara Nwosu,Tutor / Private Instructor,88,Tier 1 (Phone Verified),Female,35-44,80.86195146,FALSE,Mobile App (Android)
val_2063,Kojo Ofori,Ride-Hailing Driver,832,Tier 0 (Unverified),Female,18-24,56.72786059,FALSE,WhatsApp Bot
val_2064,Abena Boateng,Ride-Hailing Driver,473,Tier 3 (Address + Income Verified),Non-Binary,25-34,88.07344209,TRUE,Agent
val_2065,Kwame Asante,E-commerce Reseller,227,Tier 0 (Unverified),Prefer Not to Say,25-34,29.24285448,TRUE,Mobile App (iOS)
val_2066,Adwoa Acheampong,Ride-Hailing Driver,504,Tier 3 (Address + Income Verified),Prefer Not to Say,55+,29.61579662,TRUE,Mobile App (Android)
val_2067,Mpho Sithole,Delivery Rider,37,Tier 3 (Address + Income Verified),Non-Binary,55+,32.58199481,FALSE,Web
val_2068,Esther Njeri,On-Demand Handyman,1670,Tier 0 (Unverified),Male,18-24,1.663108232,FALSE,Agent
val_2069,Kevin Odhiambo,Agricultural Day Labourer,1815,Tier 2 (ID Verified),Prefer Not to Say,35-44,16.98928991,FALSE,WhatsApp Bot
val_2070,Fatima Abdullahi,Freelance Creative,671,Tier 2 (ID Verified),Female,18-24,99.45866411,FALSE,Web
val_2071,Akosua Sarpong,Informal Vendor,1600,Tier 0 (Unverified),Prefer Not to Say,35-44,24.89485738,TRUE,Web
val_2072,Kevin Odhiambo,On-Demand Handyman,842,Tier 3 (Address + Income Verified),Female,18-24,1.991709776,FALSE,USSD
val_2073,Esther Njeri,Food Delivery Courier,1665,Tier 0 (Unverified),Non-Binary,45-54,27.8540314,FALSE,USSD
val_2074,Efua Antwi,Agricultural Day Labourer,316,Tier 0 (Unverified),Female,18-24,40.8390168,TRUE,Agent
val_2075,Kevin Odhiambo,Domestic Worker,519,Tier 3 (Address + Income Verified),Female,55+,54.77872793,FALSE,USSD
val_2076,James Kipkoech,Logistics Driver (Truck/Van),1350,Tier 2 (ID Verified),Male,25-34,6.856601987,TRUE,WhatsApp Bot
val_2077,Mary Wairimu,Delivery Rider,401,Tier 0 (Unverified),Non-Binary,25-34,79.04289197,TRUE,WhatsApp Bot
val_2078,Brian Otieno,Food Delivery Courier,1503,Tier 0 (Unverified),Female,55+,82.55012682,FALSE,Agent
val_2079,Amara Nwosu,Freelance Creative,777,Tier 1 (Phone Verified),Prefer Not to Say,55+,21.31605789,TRUE,Web
val_2080,Zanele Mokoena,Market Trader,737,Tier 0 (Unverified),Female,18-24,79.84181882,FALSE,Mobile App (iOS)
val_2081,Ngozi Eze,Online Freelancer (Tech/Design),827,Tier 0 (Unverified),Prefer Not to Say,18-24,36.14269074,FALSE,WhatsApp Bot
val_2082,Samuel Kamau,Agricultural Day Labourer,1456,Tier 2 (ID Verified),Female,55+,42.31101779,FALSE,USSD
val_2083,Nana Adjei,Domestic Worker,10,Tier 0 (Unverified),Female,55+,93.63882543,TRUE,Mobile App (Android)
val_2084,Amara Nwosu,Domestic Worker,1370,Tier 1 (Phone Verified),Male,35-44,89.1904391,FALSE,Web
val_2085,Nana Adjei,Online Freelancer (Tech/Design),1422,Tier 1 (Phone Verified),Non-Binary,18-24,37.51107132,FALSE,Web
val_2086,Adwoa Acheampong,Mobile Money Agent,1499,Tier 3 (Address + Income Verified),Male,18-24,48.81103057,TRUE,Mobile App (Android)
val_2087,Nana Adjei,Food Delivery Courier,1819,Tier 3 (Address + Income Verified),Female,25-34,28.6523788,TRUE,Web
val_2088,Samuel Kamau,Delivery Rider,1428,Tier 3 (Address + Income Verified),Prefer Not to Say,45-54,51.54342583,TRUE,Mobile App (iOS)
val_2089,Chukwuemeka Okonkwo,Freelance Creative,965,Tier 1 (Phone Verified),Non-Binary,18-24,68.19079028,FALSE,WhatsApp Bot
val_2090,Palesa Motsepe,On-Demand Handyman,851,Tier 2 (ID Verified),Non-Binary,45-54,9.266769728,TRUE,Mobile App (Android)
val_2091,Esther Njeri,E-commerce Reseller,708,Tier 2 (ID Verified),Prefer Not to Say,55+,91.98411262,FALSE,Web
val_2092,Thabo Nkosi,Mobile Money Agent,1510,Tier 3 (Address + Income Verified),Prefer Not to Say,18-24,71.88739681,FALSE,Mobile App (Android)
val_2093,Fatima Abdullahi,E-commerce Reseller,717,Tier 2 (ID Verified),Prefer Not to Say,55+,9.675268316,TRUE,USSD
val_2094,Emeka Obi,Tutor / Private Instructor,1045,Tier 3 (Address + Income Verified),Non-Binary,55+,86.8988992,TRUE,Web
val_2095,Nomvula Khumalo,Tutor / Private Instructor,175,Tier 2 (ID Verified),Female,25-34,74.36828662,FALSE,Web
val_2096,Bongani Ndlovu,Delivery Rider,579,Tier 3 (Address + Income Verified),Male,18-24,31.31268168,FALSE,Mobile App (Android)
val_2097,Lungelo Zulu,Motorcycle Taxi Rider (Boda-Boda/Okada),486,Tier 2 (ID Verified),Female,25-34,52.14330883,TRUE,Agent
val_2098,Sipho Dlamini,Food Delivery Courier,794,Tier 2 (ID Verified),Non-Binary,25-34,86.01306592,FALSE,WhatsApp Bot
val_2099,Chidinma Okeke,Logistics Driver (Truck/Van),916,Tier 2 (ID Verified),Female,25-34,96.81256231,TRUE,Mobile App (iOS)
val_2100,Mpho Sithole,Mobile Money Agent,1308,Tier 1 (Phone Verified),Non-Binary,55+,28.10773959,TRUE,Agent
val_2101,Nana Adjei,Logistics Driver (Truck/Van),788,Tier 2 (ID Verified),Male,18-24,65.05581823,FALSE,Mobile App (Android)
val_2102,Emeka Obi,On-Demand Handyman,274,Tier 1 (Phone Verified),Male,25-34,86.0246924,FALSE,Agent
val_2103,Amara Nwosu,Domestic Worker,995,Tier 2 (ID Verified),Female,45-54,98.81668488,TRUE,WhatsApp Bot
val_2104,Lungelo Zulu,Freelance Creative,99,Tier 1 (Phone Verified),Male,18-24,7.071848865,TRUE,Agent
val_2105,Grace Wanjiku,Market Trader,1550,Tier 3 (Address + Income Verified),Prefer Not to Say,18-24,50.36219658,FALSE,USSD
val_2106,Sipho Dlamini,Delivery Rider,1407,Tier 2 (ID Verified),Female,25-34,87.36657618,TRUE,Web
val_2107,Amara Nwosu,E-commerce Reseller,411,Tier 2 (ID Verified),Female,55+,0.31581243,FALSE,Mobile App (iOS)
val_2108,Grace Wanjiku,Freelance Creative,480,Tier 0 (Unverified),Female,55+,43.72352196,TRUE,USSD
val_2109,Grace Wanjiku,Freelance Creative,50,Tier 3 (Address + Income Verified),Female,55+,58.41987241,TRUE,Agent
val_2110,Grace Wanjiku,Ride-Hailing Driver,665,Tier 3 (Address + Income Verified),Prefer Not to Say,55+,52.64903086,FALSE,Mobile App (Android)
val_2111,Nana Adjei,Informal Vendor,69,Tier 0 (Unverified),Non-Binary,18-24,73.27726863,TRUE,WhatsApp Bot
val_2112,Mpho Sithole,Tutor / Private Instructor,1709,Tier 1 (Phone Verified),Male,35-44,6.552208695,TRUE,WhatsApp Bot
val_2113,Mpho Sithole,E-commerce Reseller,244,Tier 2 (ID Verified),Male,35-44,78.54167236,FALSE,Web
val_2114,Adwoa Acheampong,Domestic Worker,1204,Tier 3 (Address + Income Verified),Male,18-24,28.31705361,FALSE,Agent
val_2115,Yusuf Musa,Online Freelancer (Tech/Design),1041,Tier 2 (ID Verified),Female,55+,82.42293865,TRUE,Mobile App (Android)
val_2116,Lerato Molefe,E-commerce Reseller,432,Tier 1 (Phone Verified),Non-Binary,45-54,41.94879268,FALSE,USSD
val_2117,Ama Owusu,On-Demand Handyman,1475,Tier 1 (Phone Verified),Prefer Not to Say,55+,4.29185918,FALSE,USSD
val_2118,Ama Owusu,Mobile Money Agent,198,Tier 3 (Address + Income Verified),Female,25-34,96.39147657,TRUE,Mobile App (iOS)
val_2119,Kojo Ofori,E-commerce Reseller,1619,Tier 3 (Address + Income Verified),Male,45-54,78.05492905,TRUE,Mobile App (Android)
val_2120,Sipho Dlamini,E-commerce Reseller,1351,Tier 3 (Address + Income Verified),Male,18-24,34.78160323,FALSE,WhatsApp Bot
val_2121,Lerato Molefe,Agricultural Day Labourer,1159,Tier 1 (Phone Verified),Female,18-24,27.00273682,FALSE,Mobile App (Android)
val_2122,Abena Boateng,On-Demand Handyman,1606,Tier 1 (Phone Verified),Female,45-54,58.89637285,FALSE,Mobile App (Android)
val_2123,Yaw Darko,E-commerce Reseller,736,Tier 0 (Unverified),Non-Binary,18-24,98.72946028,TRUE,Web
val_2124,Adwoa Acheampong,Motorcycle Taxi Rider (Boda-Boda/Okada),514,Tier 3 (Address + Income Verified),Male,25-34,29.01668242,FALSE,WhatsApp Bot
val_2125,Brian Otieno,Online Freelancer (Tech/Design),282,Tier 3 (Address + Income Verified),Male,45-54,94.82711167,TRUE,Mobile App (iOS)
val_2126,Samuel Kamau,Online Freelancer (Tech/Design),1687,Tier 0 (Unverified),Non-Binary,35-44,33.03871196,FALSE,USSD
val_2127,Akosua Sarpong,Delivery Rider,732,Tier 0 (Unverified),Female,25-34,70.40977653,FALSE,USSD
val_2128,Tunde Adeyemi,Freelance Creative,1514,Tier 2 (ID Verified),Female,25-34,38.17343578,FALSE,Agent
val_2129,Samuel Kamau,Tutor / Private Instructor,606,Tier 1 (Phone Verified),Male,45-54,8.505222401,TRUE,WhatsApp Bot
val_2130,Kojo Ofori,Freelance Creative,1743,Tier 1 (Phone Verified),Male,55+,93.61893656,FALSE,Mobile App (iOS)
val_2131,Thandeka Mthembu,Logistics Driver (Truck/Van),1588,Tier 1 (Phone Verified),Female,45-54,16.39279947,FALSE,USSD
val_2132,Kwame Asante,Informal Vendor,562,Tier 2 (ID Verified),Female,25-34,94.4691468,FALSE,Mobile App (iOS)
val_2133,Faith Achieng,Logistics Driver (Truck/Van),888,Tier 3 (Address + Income Verified),Prefer Not to Say,35-44,10.33068259,TRUE,USSD
val_2134,Mary Wairimu,Ride-Hailing Driver,1449,Tier 3 (Address + Income Verified),Prefer Not to Say,18-24,26.6947445,FALSE,Mobile App (iOS)
val_2135,Efua Antwi,E-commerce Reseller,413,Tier 1 (Phone Verified),Female,18-24,92.09234987,TRUE,Mobile App (iOS)
val_2136,Ama Owusu,Domestic Worker,43,Tier 3 (Address + Income Verified),Female,25-34,65.85408629,FALSE,Web
val_2137,Chukwuemeka Okonkwo,Logistics Driver (Truck/Van),527,Tier 2 (ID Verified),Female,25-34,18.94834358,TRUE,USSD
val_2138,Ama Owusu,Food Delivery Courier,1078,Tier 0 (Unverified),Non-Binary,55+,59.20933115,FALSE,Mobile App (iOS)
val_2139,Kevin Odhiambo,Freelance Creative,249,Tier 3 (Address + Income Verified),Female,55+,18.0391208,FALSE,Mobile App (Android)
val_2140,Kojo Ofori,Delivery Rider,608,Tier 1 (Phone Verified),Prefer Not to Say,18-24,87.44420677,TRUE,Mobile App (iOS)
val_2141,Palesa Motsepe,Informal Vendor,1677,Tier 2 (ID Verified),Prefer Not to Say,25-34,4.982860734,FALSE,WhatsApp Bot
val_2142,Lerato Molefe,Tutor / Private Instructor,137,Tier 2 (ID Verified),Female,18-24,52.97776978,TRUE,Web
val_2143,Yaw Darko,Delivery Rider,91,Tier 3 (Address + Income Verified),Male,18-24,6.347302583,TRUE,WhatsApp Bot
val_2144,David Mwangi,Food Delivery Courier,773,Tier 3 (Address + Income Verified),Male,25-34,69.50227511,TRUE,USSD
val_2145,Mary Wairimu,Freelance Creative,23,Tier 3 (Address + Income Verified),Prefer Not to Say,55+,93.57972352,FALSE,Web
val_2146,Fatima Abdullahi,Online Freelancer (Tech/Design),50,Tier 2 (ID Verified),Female,18-24,83.10664497,TRUE,WhatsApp Bot
val_2147,Bongani Ndlovu,Mobile Money Agent,334,Tier 1 (Phone Verified),Female,45-54,37.17278252,FALSE,Web
val_2148,Zanele Mokoena,Freelance Creative,186,Tier 1 (Phone Verified),Non-Binary,25-34,23.69049055,TRUE,Web
val_2149,Lungelo Zulu,Freelance Creative,1480,Tier 3 (Address + Income Verified),Prefer Not to Say,35-44,12.10274924,TRUE,USSD
val_2150,Esther Njeri,Domestic Worker,224,Tier 0 (Unverified),Female,55+,87.36239874,FALSE,Web
val_2151,Samuel Kamau,Market Trader,955,Tier 2 (ID Verified),Female,55+,8.110912905,TRUE,WhatsApp Bot
val_2152,Lungelo Zulu,Delivery Rider,1287,Tier 2 (ID Verified),Prefer Not to Say,55+,62.88291916,FALSE,Mobile App (Android)
val_2153,Ama Owusu,Logistics Driver (Truck/Van),1142,Tier 0 (Unverified),Male,35-44,36.72674695,TRUE,Mobile App (iOS)
val_2154,Kojo Ofori,Mobile Money Agent,1193,Tier 2 (ID Verified),Prefer Not to Say,18-24,99.57783184,FALSE,Mobile App (iOS)
val_2155,Lydia Chebet,Food Delivery Courier,653,Tier 1 (Phone Verified),Non-Binary,55+,50.88233135,TRUE,USSD
val_2156,Mary Wairimu,Agricultural Day Labourer,1623,Tier 1 (Phone Verified),Male,55+,54.87909497,TRUE,USSD
val_2157,Akosua Sarpong,Informal Vendor,125,Tier 2 (ID Verified),Male,55+,91.7888785,FALSE,Mobile App (Android)
val_2158,Thabo Nkosi,Delivery Rider,195,Tier 0 (Unverified),Non-Binary,35-44,96.96369033,FALSE,USSD
val_2159,Esther Njeri,Motorcycle Taxi Rider (Boda-Boda/Okada),1563,Tier 0 (Unverified),Prefer Not to Say,25-34,58.36364611,FALSE,Agent
val_2160,Thabo Nkosi,Ride-Hailing Driver,124,Tier 1 (Phone Verified),Male,18-24,79.61820747,FALSE,USSD
val_2161,Chidinma Okeke,Informal Vendor,350,Tier 2 (ID Verified),Non-Binary,25-34,63.47667491,TRUE,USSD
val_2162,Kevin Odhiambo,On-Demand Handyman,316,Tier 0 (Unverified),Prefer Not to Say,25-34,42.7400464,FALSE,Agent
val_2163,Mpho Sithole,Informal Vendor,60,Tier 1 (Phone Verified),Non-Binary,25-34,5.731535727,FALSE,Mobile App (Android)
val_2164,Lerato Molefe,On-Demand Handyman,213,Tier 1 (Phone Verified),Non-Binary,55+,71.77438735,TRUE,Mobile App (iOS)
val_2165,Mpho Sithole,Mobile Money Agent,1045,Tier 2 (ID Verified),Male,45-54,70.02627724,TRUE,Mobile App (iOS)
val_2166,Samuel Kamau,Domestic Worker,1207,Tier 1 (Phone Verified),Non-Binary,25-34,11.67023067,TRUE,Mobile App (iOS)
val_2167,Zanele Mokoena,Agricultural Day Labourer,152,Tier 0 (Unverified),Non-Binary,45-54,23.0068875,FALSE,Mobile App (iOS)
val_2168,Bongani Ndlovu,Market Trader,1720,Tier 2 (ID Verified),Male,45-54,73.21281869,TRUE,USSD
val_2169,Thandeka Mthembu,Online Freelancer (Tech/Design),174,Tier 3 (Address + Income Verified),Female,35-44,14.97119776,FALSE,USSD
val_2170,Chukwuemeka Okonkwo,Online Freelancer (Tech/Design),1254,Tier 2 (ID Verified),Prefer Not to Say,55+,69.09350344,TRUE,Mobile App (iOS)
val_2171,Adwoa Acheampong,Logistics Driver (Truck/Van),1461,Tier 1 (Phone Verified),Prefer Not to Say,55+,71.79771912,TRUE,Agent
val_2172,Thandeka Mthembu,Tutor / Private Instructor,950,Tier 1 (Phone Verified),Male,35-44,35.33438559,FALSE,Web
val_2173,Sipho Dlamini,Market Trader,897,Tier 0 (Unverified),Non-Binary,35-44,25.81818498,FALSE,Mobile App (Android)
val_2174,Chidinma Okeke,Motorcycle Taxi Rider (Boda-Boda/Okada),199,Tier 0 (Unverified),Non-Binary,25-34,37.30394111,FALSE,USSD
val_2175,Sipho Dlamini,E-commerce Reseller,440,Tier 1 (Phone Verified),Non-Binary,45-54,35.91966214,TRUE,Agent
val_2176,Babatunde Fashola,Informal Vendor,1553,Tier 2 (ID Verified),Non-Binary,55+,60.70198057,FALSE,WhatsApp Bot
val_2177,Lydia Chebet,Informal Vendor,636,Tier 1 (Phone Verified),Prefer Not to Say,45-54,74.38482997,FALSE,Mobile App (Android)
val_2178,Akosua Sarpong,Market Trader,62,Tier 3 (Address + Income Verified),Female,25-34,86.17526349,FALSE,USSD
val_2179,James Kipkoech,Freelance Creative,1331,Tier 2 (ID Verified),Non-Binary,35-44,2.9992284,TRUE,Mobile App (iOS)
val_2180,Efua Antwi,Mobile Money Agent,1248,Tier 0 (Unverified),Non-Binary,45-54,72.65515574,FALSE,Agent
val_2181,Chidinma Okeke,Logistics Driver (Truck/Van),121,Tier 2 (ID Verified),Non-Binary,18-24,31.41860183,FALSE,Agent
val_2182,Yaw Darko,Ride-Hailing Driver,93,Tier 2 (ID Verified),Prefer Not to Say,35-44,83.86420107,FALSE,USSD
val_2183,Akosua Sarpong,Freelance Creative,212,Tier 0 (Unverified),Male,45-54,7.571695974,FALSE,Agent
val_2184,Akosua Sarpong,Food Delivery Courier,92,Tier 1 (Phone Verified),Prefer Not to Say,35-44,55.11745102,TRUE,Mobile App (iOS)
val_2185,Grace Wanjiku,Logistics Driver (Truck/Van),1125,Tier 3 (Address + Income Verified),Non-Binary,45-54,54.86735898,FALSE,USSD
val_2186,Samuel Kamau,E-commerce Reseller,242,Tier 1 (Phone Verified),Prefer Not to Say,55+,32.65114622,FALSE,WhatsApp Bot
val_2187,Brian Otieno,Motorcycle Taxi Rider (Boda-Boda/Okada),1108,Tier 1 (Phone Verified),Female,18-24,97.03065974,FALSE,Agent
val_2188,James Kipkoech,Food Delivery Courier,321,Tier 0 (Unverified),Female,35-44,10.69231512,TRUE,Mobile App (Android)
val_2189,Abena Boateng,Ride-Hailing Driver,1775,Tier 0 (Unverified),Male,45-54,13.63972335,FALSE,Web
val_2190,David Mwangi,E-commerce Reseller,1325,Tier 1 (Phone Verified),Prefer Not to Say,55+,64.42595982,TRUE,Web
val_2191,Kevin Odhiambo,Tutor / Private Instructor,683,Tier 3 (Address + Income Verified),Prefer Not to Say,35-44,51.42992246,TRUE,Mobile App (Android)
val_2192,Grace Wanjiku,Domestic Worker,782,Tier 3 (Address + Income Verified),Female,55+,26.44671286,TRUE,WhatsApp Bot
val_2193,Yusuf Musa,Online Freelancer (Tech/Design),118,Tier 2 (ID Verified),Male,25-34,30.42717965,FALSE,Agent
val_2194,Nana Adjei,Informal Vendor,100,Tier 3 (Address + Income Verified),Non-Binary,35-44,15.70233087,TRUE,Mobile App (Android)
val_2195,Thabo Nkosi,Online Freelancer (Tech/Design),981,Tier 2 (ID Verified),Non-Binary,55+,86.77641389,TRUE,Mobile App (iOS)
val_2196,Grace Wanjiku,Freelance Creative,41,Tier 2 (ID Verified),Non-Binary,35-44,56.95188731,TRUE,Mobile App (Android)
val_2197,Lungelo Zulu,Tutor / Private Instructor,1165,Tier 1 (Phone Verified),Male,25-34,24.48345762,FALSE,WhatsApp Bot
val_2198,Kofi Mensah,Food Delivery Courier,698,Tier 0 (Unverified),Prefer Not to Say,35-44,39.34207577,FALSE,Mobile App (Android)
val_2199,Emeka Obi,Mobile Money Agent,254,Tier 1 (Phone Verified),Female,45-54,90.66850543,FALSE,Mobile App (iOS)
val_2200,David Mwangi,Agricultural Day Labourer,978,Tier 3 (Address + Income Verified),Non-Binary,55+,88.68411617,FALSE,USSD
val_2201,Chukwuemeka Okonkwo,Freelance Creative,1009,Tier 2 (ID Verified),Prefer Not to Say,45-54,6.910669111,TRUE,WhatsApp Bot
val_2202,Aisha Bello,Food Delivery Courier,1362,Tier 3 (Address + Income Verified),Non-Binary,18-24,65.41001383,FALSE,Mobile App (Android)
val_2203,Esther Njeri,Motorcycle Taxi Rider (Boda-Boda/Okada),361,Tier 0 (Unverified),Male,18-24,15.2971171,TRUE,Agent
val_2204,James Kipkoech,Ride-Hailing Driver,999,Tier 0 (Unverified),Prefer Not to Say,55+,21.08833655,TRUE,Mobile App (iOS)
val_2205,Nomvula Khumalo,E-commerce Reseller,1542,Tier 1 (Phone Verified),Non-Binary,35-44,86.42075922,TRUE,Agent
val_2206,Amara Nwosu,Tutor / Private Instructor,493,Tier 1 (Phone Verified),Prefer Not to Say,25-34,89.51903175,FALSE,Agent
val_2207,Zanele Mokoena,Food Delivery Courier,1525,Tier 3 (Address + Income Verified),Non-Binary,25-34,8.269191589,TRUE,Mobile App (Android)
val_2208,Chidinma Okeke,Mobile Money Agent,1320,Tier 1 (Phone Verified),Prefer Not to Say,18-24,87.39233295,FALSE,Mobile App (iOS)
val_2209,Amara Nwosu,Tutor / Private Instructor,784,Tier 2 (ID Verified),Prefer Not to Say,18-24,72.84935528,FALSE,Agent
val_2210,Efua Antwi,Informal Vendor,1612,Tier 2 (ID Verified),Male,45-54,77.57103633,FALSE,Mobile App (Android)
val_2211,Sipho Dlamini,Ride-Hailing Driver,1765,Tier 1 (Phone Verified),Male,45-54,79.18153276,TRUE,USSD
val_2212,Yaw Darko,E-commerce Reseller,432,Tier 3 (Address + Income Verified),Male,35-44,50.72332717,FALSE,Mobile App (Android)
val_2213,Babatunde Fashola,Delivery Rider,1789,Tier 0 (Unverified),Prefer Not to Say,18-24,94.6907643,FALSE,Mobile App (iOS)
val_2214,Babatunde Fashola,Food Delivery Courier,4,Tier 0 (Unverified),Male,45-54,20.0359604,TRUE,Mobile App (Android)
val_2215,Faith Achieng,Food Delivery Courier,236,Tier 2 (ID Verified),Female,55+,50.49651075,TRUE,Mobile App (Android)
val_2216,James Kipkoech,On-Demand Handyman,78,Tier 2 (ID Verified),Prefer Not to Say,55+,31.85525799,TRUE,Web
val_2217,Thandeka Mthembu,Delivery Rider,671,Tier 1 (Phone Verified),Female,25-34,82.24312428,TRUE,Web
val_2218,Grace Wanjiku,Food Delivery Courier,1710,Tier 3 (Address + Income Verified),Male,45-54,8.270071213,FALSE,WhatsApp Bot
val_2219,Fatima Abdullahi,Food Delivery Courier,1096,Tier 0 (Unverified),Female,25-34,43.36784869,TRUE,Web
val_2220,Bongani Ndlovu,Market Trader,1125,Tier 1 (Phone Verified),Male,55+,77.34776562,FALSE,Mobile App (iOS)
val_2221,Emeka Obi,On-Demand Handyman,154,Tier 0 (Unverified),Female,55+,31.23409116,TRUE,WhatsApp Bot
val_2222,Aisha Bello,Market Trader,942,Tier 0 (Unverified),Non-Binary,25-34,24.04762843,FALSE,WhatsApp Bot
val_2223,Kevin Odhiambo,Freelance Creative,698,Tier 2 (ID Verified),Non-Binary,35-44,26.25491548,FALSE,Mobile App (Android)
val_2224,Kevin Odhiambo,E-commerce Reseller,875,Tier 2 (ID Verified),Non-Binary,25-34,71.35901074,TRUE,Mobile App (Android)
val_2225,Yaw Darko,On-Demand Handyman,476,Tier 2 (ID Verified),Male,45-54,28.67826758,TRUE,WhatsApp Bot
val_2226,Palesa Motsepe,Ride-Hailing Driver,368,Tier 3 (Address + Income Verified),Prefer Not to Say,25-34,40.26835455,TRUE,WhatsApp Bot
val_2227,Bongani Ndlovu,Online Freelancer (Tech/Design),1738,Tier 0 (Unverified),Female,45-54,54.56680874,FALSE,WhatsApp Bot
val_2228,Grace Wanjiku,Online Freelancer (Tech/Design),1019,Tier 2 (ID Verified),Female,55+,94.07600789,FALSE,Mobile App (iOS)
val_2229,Thandeka Mthembu,On-Demand Handyman,751,Tier 0 (Unverified),Non-Binary,55+,79.43475599,FALSE,WhatsApp Bot
val_2230,Akosua Sarpong,Domestic Worker,134,Tier 3 (Address + Income Verified),Male,18-24,18.52816642,TRUE,Web
val_2231,Tunde Adeyemi,Agricultural Day Labourer,1392,Tier 2 (ID Verified),Female,18-24,88.30842325,TRUE,Web
val_2232,Bongani Ndlovu,Mobile Money Agent,862,Tier 3 (Address + Income Verified),Female,55+,84.47674332,FALSE,Agent
val_2233,Amara Nwosu,Market Trader,706,Tier 2 (ID Verified),Male,18-24,74.52245196,TRUE,Mobile App (Android)
val_2234,Abena Boateng,Market Trader,1217,Tier 1 (Phone Verified),Prefer Not to Say,35-44,51.69059748,TRUE,Web
val_2235,Nomvula Khumalo,Delivery Rider,240,Tier 2 (ID Verified),Female,55+,6.981495526,TRUE,WhatsApp Bot
val_2236,Chidinma Okeke,Logistics Driver (Truck/Van),973,Tier 3 (Address + Income Verified),Male,35-44,71.15052414,FALSE,WhatsApp Bot
val_2237,Brian Otieno,Freelance Creative,1576,Tier 0 (Unverified),Female,18-24,51.83421704,TRUE,Agent
val_2238,Lydia Chebet,Freelance Creative,847,Tier 3 (Address + Income Verified),Prefer Not to Say,55+,30.97749258,FALSE,USSD
val_2239,Palesa Motsepe,Tutor / Private Instructor,0,Tier 2 (ID Verified),Non-Binary,45-54,0.993800002,FALSE,Web
val_2240,Yusuf Musa,E-commerce Reseller,419,Tier 0 (Unverified),Non-Binary,25-34,23.10489808,TRUE,Mobile App (Android)
val_2241,Nana Adjei,On-Demand Handyman,102,Tier 3 (Address + Income Verified),Prefer Not to Say,45-54,60.56901776,TRUE,Mobile App (Android)
val_2242,James Kipkoech,Food Delivery Courier,913,Tier 0 (Unverified),Male,45-54,11.23065863,TRUE,USSD
val_2243,Babatunde Fashola,Freelance Creative,665,Tier 2 (ID Verified),Non-Binary,35-44,65.54187066,TRUE,USSD
val_2244,Kojo Ofori,Agricultural Day Labourer,241,Tier 0 (Unverified),Female,55+,81.96720888,FALSE,Mobile App (iOS)
val_2245,Zanele Mokoena,Mobile Money Agent,1254,Tier 0 (Unverified),Non-Binary,45-54,31.81783407,FALSE,Mobile App (Android)
val_2246,Abena Boateng,Delivery Rider,322,Tier 2 (ID Verified),Prefer Not to Say,25-34,8.198553945,TRUE,Mobile App (iOS)
val_2247,Fatima Abdullahi,Logistics Driver (Truck/Van),623,Tier 2 (ID Verified),Male,55+,13.96987904,TRUE,Agent
val_2248,Emeka Obi,Mobile Money Agent,1803,Tier 2 (ID Verified),Male,55+,35.79089325,FALSE,Agent
val_2249,Kevin Odhiambo,Agricultural Day Labourer,121,Tier 1 (Phone Verified),Prefer Not to Say,18-24,81.34342528,FALSE,Mobile App (iOS)
val_2250,Kwame Asante,Market Trader,452,Tier 3 (Address + Income Verified),Female,25-34,63.42787197,TRUE,Mobile App (iOS)
val_2251,Kofi Mensah,Domestic Worker,580,Tier 0 (Unverified),Female,45-54,86.78876481,FALSE,WhatsApp Bot
val_2252,Chidinma Okeke,Informal Vendor,928,Tier 3 (Address + Income Verified),Male,55+,99.44271126,TRUE,Mobile App (Android)
val_2253,Kwame Asante,Online Freelancer (Tech/Design),447,Tier 1 (Phone Verified),Female,45-54,20.25662029,FALSE,USSD
val_2254,Grace Wanjiku,Food Delivery Courier,1771,Tier 2 (ID Verified),Male,35-44,69.48214362,FALSE,Web
val_2255,Efua Antwi,Agricultural Day Labourer,9,Tier 3 (Address + Income Verified),Male,25-34,46.65167001,FALSE,USSD
val_2256,Nomvula Khumalo,Online Freelancer (Tech/Design),1731,Tier 1 (Phone Verified),Male,18-24,49.34780609,FALSE,Web
val_2257,Nana Adjei,On-Demand Handyman,976,Tier 1 (Phone Verified),Male,55+,32.55814036,TRUE,Mobile App (Android)
val_2258,Chukwuemeka Okonkwo,Delivery Rider,69,Tier 3 (Address + Income Verified),Prefer Not to Say,35-44,34.2512215,TRUE,WhatsApp Bot
val_2259,Thandeka Mthembu,Delivery Rider,212,Tier 3 (Address + Income Verified),Prefer Not to Say,35-44,67.62819484,TRUE,Mobile App (Android)
val_2260,Chukwuemeka Okonkwo,Food Delivery Courier,188,Tier 0 (Unverified),Prefer Not to Say,55+,62.08029172,TRUE,USSD
val_2261,Thandeka Mthembu,Motorcycle Taxi Rider (Boda-Boda/Okada),524,Tier 2 (ID Verified),Male,18-24,31.85035706,FALSE,Mobile App (iOS)
val_2262,Aisha Bello,Informal Vendor,608,Tier 1 (Phone Verified),Female,25-34,11.85809188,TRUE,Mobile App (iOS)
val_2263,Kwame Asante,Tutor / Private Instructor,1170,Tier 2 (ID Verified),Female,55+,57.82412873,TRUE,Web
val_2264,Babatunde Fashola,E-commerce Reseller,568,Tier 1 (Phone Verified),Non-Binary,25-34,73.9396345,FALSE,Agent
val_2265,Ngozi Eze,Domestic Worker,1324,Tier 0 (Unverified),Male,55+,55.86217902,TRUE,WhatsApp Bot
val_2266,Efua Antwi,Informal Vendor,536,Tier 3 (Address + Income Verified),Male,55+,0.365067346,TRUE,Web
val_2267,Adwoa Acheampong,Mobile Money Agent,481,Tier 2 (ID Verified),Prefer Not to Say,18-24,28.23155125,FALSE,Mobile App (Android)
val_2268,Babatunde Fashola,E-commerce Reseller,502,Tier 1 (Phone Verified),Female,35-44,77.85793396,FALSE,USSD
val_2269,Thandeka Mthembu,Domestic Worker,601,Tier 0 (Unverified),Prefer Not to Say,45-54,74.25482053,FALSE,Mobile App (Android)
val_2270,Samuel Kamau,Freelance Creative,1529,Tier 0 (Unverified),Male,35-44,1.041025254,FALSE,WhatsApp Bot
val_2271,Samuel Kamau,Ride-Hailing Driver,450,Tier 1 (Phone Verified),Prefer Not to Say,25-34,47.02962328,FALSE,Web
val_2272,Grace Wanjiku,Domestic Worker,498,Tier 2 (ID Verified),Non-Binary,18-24,43.73181727,FALSE,Web
val_2273,James Kipkoech,Logistics Driver (Truck/Van),1747,Tier 1 (Phone Verified),Prefer Not to Say,18-24,65.22813763,TRUE,Mobile App (Android)
val_2274,Fatima Abdullahi,Motorcycle Taxi Rider (Boda-Boda/Okada),1193,Tier 2 (ID Verified),Non-Binary,18-24,12.49800401,TRUE,Mobile App (iOS)
val_2275,Kevin Odhiambo,Food Delivery Courier,347,Tier 1 (Phone Verified),Prefer Not to Say,25-34,62.14152329,FALSE,Web
val_2276,Yusuf Musa,Food Delivery Courier,1585,Tier 0 (Unverified),Female,25-34,94.69180202,FALSE,WhatsApp Bot
val_2277,Tunde Adeyemi,Logistics Driver (Truck/Van),334,Tier 2 (ID Verified),Female,55+,37.17495346,TRUE,Agent
val_2278,David Mwangi,E-commerce Reseller,296,Tier 0 (Unverified),Male,35-44,33.73564177,TRUE,USSD
val_2279,Nana Adjei,Domestic Worker,812,Tier 0 (Unverified),Male,18-24,2.827351437,FALSE,WhatsApp Bot
val_2280,Sipho Dlamini,On-Demand Handyman,1262,Tier 0 (Unverified),Prefer Not to Say,18-24,5.739505896,TRUE,WhatsApp Bot
val_2281,David Mwangi,Freelance Creative,345,Tier 1 (Phone Verified),Female,18-24,93.15724469,TRUE,USSD
val_2282,Samuel Kamau,Agricultural Day Labourer,1375,Tier 2 (ID Verified),Male,25-34,97.55018465,FALSE,Mobile App (iOS)
val_2283,Nomvula Khumalo,Ride-Hailing Driver,286,Tier 3 (Address + Income Verified),Female,45-54,0.564170044,FALSE,WhatsApp Bot
val_2284,Efua Antwi,Motorcycle Taxi Rider (Boda-Boda/Okada),1427,Tier 0 (Unverified),Female,18-24,90.06796863,TRUE,WhatsApp Bot
val_2285,Zanele Mokoena,Logistics Driver (Truck/Van),175,Tier 0 (Unverified),Non-Binary,35-44,17.39600307,FALSE,WhatsApp Bot
val_2286,Mpho Sithole,On-Demand Handyman,848,Tier 0 (Unverified),Male,35-44,56.13587187,FALSE,WhatsApp Bot
val_2287,Thabo Nkosi,Delivery Rider,1168,Tier 1 (Phone Verified),Male,18-24,67.81409235,TRUE,USSD
val_2288,Bongani Ndlovu,Mobile Money Agent,484,Tier 0 (Unverified),Non-Binary,18-24,35.90587106,FALSE,USSD
val_2289,Kevin Odhiambo,Ride-Hailing Driver,1117,Tier 1 (Phone Verified),Male,25-34,52.89880918,FALSE,Mobile App (iOS)
val_2290,Faith Achieng,Agricultural Day Labourer,1257,Tier 3 (Address + Income Verified),Female,18-24,62.75421882,TRUE,Agent
val_2291,Samuel Kamau,Informal Vendor,1187,Tier 1 (Phone Verified),Non-Binary,45-54,19.39262994,TRUE,Mobile App (iOS)
val_2292,Chidinma Okeke,Freelance Creative,724,Tier 2 (ID Verified),Non-Binary,55+,99.42566216,FALSE,Mobile App (Android)
val_2293,Adwoa Acheampong,Market Trader,1412,Tier 2 (ID Verified),Male,45-54,20.38818356,TRUE,Mobile App (Android)
val_2294,Kojo Ofori,Food Delivery Courier,1336,Tier 0 (Unverified),Non-Binary,45-54,1.033846469,FALSE,Agent
val_2295,Thabo Nkosi,Market Trader,595,Tier 0 (Unverified),Male,45-54,94.42845921,TRUE,WhatsApp Bot
val_2296,Emeka Obi,Freelance Creative,1339,Tier 1 (Phone Verified),Male,55+,42.91277009,FALSE,Web
val_2297,Lydia Chebet,Food Delivery Courier,1677,Tier 1 (Phone Verified),Male,18-24,39.86197189,FALSE,Mobile App (Android)
val_2298,Yusuf Musa,Mobile Money Agent,1491,Tier 0 (Unverified),Non-Binary,55+,27.56713185,TRUE,USSD
val_2299,Palesa Motsepe,Logistics Driver (Truck/Van),1338,Tier 2 (ID Verified),Non-Binary,35-44,2.583192679,TRUE,Mobile App (Android)
val_2300,Brian Otieno,Informal Vendor,1399,Tier 1 (Phone Verified),Non-Binary,35-44,26.45681934,FALSE,Web
val_2301,Amara Nwosu,Freelance Creative,1469,Tier 1 (Phone Verified),Male,45-54,39.33003426,FALSE,USSD
val_2302,Kofi Mensah,Tutor / Private Instructor,527,Tier 2 (ID Verified),Female,35-44,52.03292489,TRUE,Web
val_2303,Palesa Motsepe,Food Delivery Courier,1316,Tier 3 (Address + Income Verified),Male,25-34,45.76442201,FALSE,Agent
val_2304,Mpho Sithole,Online Freelancer (Tech/Design),364,Tier 3 (Address + Income Verified),Female,18-24,87.90362077,TRUE,Agent
val_2305,Ngozi Eze,Freelance Creative,654,Tier 3 (Address + Income Verified),Male,18-24,91.13298619,FALSE,WhatsApp Bot
val_2306,Esther Njeri,Domestic Worker,1706,Tier 1 (Phone Verified),Non-Binary,18-24,31.71549218,TRUE,Agent
val_2307,Emeka Obi,Food Delivery Courier,516,Tier 0 (Unverified),Prefer Not to Say,25-34,95.95545939,TRUE,Agent
val_2308,Samuel Kamau,Informal Vendor,1540,Tier 0 (Unverified),Prefer Not to Say,45-54,86.49341721,FALSE,Mobile App (iOS)
val_2309,Ama Owusu,Freelance Creative,771,Tier 1 (Phone Verified),Male,25-34,92.76348165,FALSE,Agent
val_2310,Grace Wanjiku,Online Freelancer (Tech/Design),383,Tier 1 (Phone Verified),Male,35-44,70.63308824,FALSE,Mobile App (iOS)
val_2311,Tunde Adeyemi,Motorcycle Taxi Rider (Boda-Boda/Okada),177,Tier 0 (Unverified),Male,18-24,19.82718433,TRUE,USSD
val_2312,Kwame Asante,E-commerce Reseller,1001,Tier 0 (Unverified),Prefer Not to Say,35-44,19.52277927,TRUE,USSD
val_2313,Tunde Adeyemi,Delivery Rider,824,Tier 0 (Unverified),Prefer Not to Say,55+,90.86515631,TRUE,Web
val_2314,Chidinma Okeke,Online Freelancer (Tech/Design),933,Tier 2 (ID Verified),Male,25-34,50.70454599,TRUE,Agent
val_2315,Chukwuemeka Okonkwo,Mobile Money Agent,78,Tier 1 (Phone Verified),Prefer Not to Say,35-44,89.04673072,FALSE,Mobile App (iOS)
val_2316,Ngozi Eze,Agricultural Day Labourer,489,Tier 0 (Unverified),Non-Binary,55+,72.05478792,TRUE,Web
val_2317,Mary Wairimu,Online Freelancer (Tech/Design),7,Tier 2 (ID Verified),Male,45-54,21.25123043,FALSE,Mobile App (iOS)
val_2318,Lungelo Zulu,Domestic Worker,552,Tier 3 (Address + Income Verified),Female,25-34,38.47598201,TRUE,Mobile App (Android)
val_2319,Sipho Dlamini,Ride-Hailing Driver,1700,Tier 1 (Phone Verified),Female,18-24,96.7825215,TRUE,Agent
val_2320,Ngozi Eze,Food Delivery Courier,278,Tier 1 (Phone Verified),Prefer Not to Say,55+,1.958276144,TRUE,Mobile App (iOS)
val_2321,Aisha Bello,Food Delivery Courier,1258,Tier 1 (Phone Verified),Male,45-54,71.45838631,TRUE,WhatsApp Bot
val_2322,Esther Njeri,Online Freelancer (Tech/Design),10,Tier 1 (Phone Verified),Male,18-24,97.87796971,TRUE,Web
val_2323,Nana Adjei,Online Freelancer (Tech/Design),1025,Tier 1 (Phone Verified),Non-Binary,35-44,10.41469459,TRUE,Web
val_2324,Adwoa Acheampong,E-commerce Reseller,1681,Tier 3 (Address + Income Verified),Female,55+,27.19928549,FALSE,Web
val_2325,Thabo Nkosi,Online Freelancer (Tech/Design),622,Tier 3 (Address + Income Verified),Female,55+,54.70131207,TRUE,Web
val_2326,Esther Njeri,Food Delivery Courier,360,Tier 1 (Phone Verified),Prefer Not to Say,18-24,84.37649277,FALSE,Web
val_2327,Emeka Obi,Agricultural Day Labourer,1041,Tier 3 (Address + Income Verified),Prefer Not to Say,35-44,50.65118698,TRUE,Mobile App (iOS)
val_2328,Aisha Bello,Market Trader,509,Tier 3 (Address + Income Verified),Non-Binary,55+,5.959604699,FALSE,Web
val_2329,Amara Nwosu,Food Delivery Courier,1628,Tier 0 (Unverified),Prefer Not to Say,45-54,12.71843233,TRUE,USSD
val_2330,Tunde Adeyemi,Food Delivery Courier,1550,Tier 1 (Phone Verified),Prefer Not to Say,35-44,37.59433688,TRUE,Agent
val_2331,Lungelo Zulu,Mobile Money Agent,1191,Tier 2 (ID Verified),Non-Binary,25-34,32.25406738,TRUE,Agent
val_2332,Brian Otieno,Market Trader,1166,Tier 1 (Phone Verified),Prefer Not to Say,45-54,21.96786312,FALSE,USSD
val_2333,Thabo Nkosi,Food Delivery Courier,1100,Tier 1 (Phone Verified),Male,35-44,84.01287362,TRUE,Agent
val_2334,Kofi Mensah,Market Trader,1342,Tier 1 (Phone Verified),Male,35-44,2.688168375,TRUE,USSD
val_2335,Ama Owusu,Motorcycle Taxi Rider (Boda-Boda/Okada),840,Tier 2 (ID Verified),Prefer Not to Say,55+,82.93442478,FALSE,Web
val_2336,James Kipkoech,Tutor / Private Instructor,1770,Tier 1 (Phone Verified),Male,25-34,92.16801736,FALSE,Agent
val_2337,Thabo Nkosi,Market Trader,631,Tier 2 (ID Verified),Non-Binary,45-54,63.01110246,FALSE,Agent
val_2338,Aisha Bello,Motorcycle Taxi Rider (Boda-Boda/Okada),16,Tier 0 (Unverified),Female,18-24,62.53503986,TRUE,Agent
val_2339,Ngozi Eze,Domestic Worker,1275,Tier 3 (Address + Income Verified),Prefer Not to Say,45-54,14.9017713,FALSE,Mobile App (Android)
val_2340,Kevin Odhiambo,Online Freelancer (Tech/Design),1209,Tier 0 (Unverified),Non-Binary,35-44,56.83177382,FALSE,Agent
val_2341,Faith Achieng,Market Trader,1791,Tier 0 (Unverified),Male,55+,37.51743939,TRUE,Mobile App (Android)
val_2342,Ama Owusu,Logistics Driver (Truck/Van),721,Tier 0 (Unverified),Female,25-34,22.90497615,TRUE,Web
val_2343,Adwoa Acheampong,On-Demand Handyman,775,Tier 1 (Phone Verified),Non-Binary,55+,58.33295559,FALSE,USSD
val_2344,Abena Boateng,Informal Vendor,1026,Tier 2 (ID Verified),Prefer Not to Say,35-44,0.119046706,FALSE,USSD
val_2345,Brian Otieno,Freelance Creative,716,Tier 3 (Address + Income Verified),Prefer Not to Say,25-34,27.64127915,TRUE,Web
val_2346,Esther Njeri,Ride-Hailing Driver,1433,Tier 1 (Phone Verified),Prefer Not to Say,18-24,65.60420243,FALSE,USSD
val_2347,Sipho Dlamini,Market Trader,781,Tier 0 (Unverified),Prefer Not to Say,18-24,45.50406105,FALSE,WhatsApp Bot
val_2348,Yusuf Musa,Online Freelancer (Tech/Design),1430,Tier 1 (Phone Verified),Prefer Not to Say,25-34,14.56405405,FALSE,USSD
val_2349,Kwame Asante,Informal Vendor,777,Tier 0 (Unverified),Non-Binary,35-44,0.131811175,TRUE,Agent
val_2350,Ama Owusu,Informal Vendor,411,Tier 1 (Phone Verified),Female,55+,27.04393141,FALSE,WhatsApp Bot
val_2351,Sipho Dlamini,Online Freelancer (Tech/Design),1808,Tier 2 (ID Verified),Non-Binary,55+,54.9059306,FALSE,Web
val_2352,Kojo Ofori,Market Trader,961,Tier 0 (Unverified),Prefer Not to Say,45-54,53.45455651,TRUE,Agent
val_2353,James Kipkoech,Freelance Creative,1290,Tier 3 (Address + Income Verified),Female,35-44,13.10718994,TRUE,Web
val_2354,Samuel Kamau,Online Freelancer (Tech/Design),1079,Tier 0 (Unverified),Prefer Not to Say,45-54,61.3697143,TRUE,Web
val_2355,David Mwangi,Domestic Worker,655,Tier 2 (ID Verified),Non-Binary,25-34,99.89243782,FALSE,USSD
val_2356,Kevin Odhiambo,Freelance Creative,1775,Tier 3 (Address + Income Verified),Male,25-34,58.48669063,FALSE,Mobile App (Android)
val_2357,Yusuf Musa,Freelance Creative,678,Tier 3 (Address + Income Verified),Prefer Not to Say,35-44,52.76381757,TRUE,Mobile App (Android)
val_2358,Akosua Sarpong,Online Freelancer (Tech/Design),1813,Tier 2 (ID Verified),Prefer Not to Say,55+,62.26331236,FALSE,Mobile App (Android)
val_2359,Yusuf Musa,Ride-Hailing Driver,786,Tier 2 (ID Verified),Non-Binary,18-24,87.96708903,FALSE,Mobile App (Android)
val_2360,Akosua Sarpong,Ride-Hailing Driver,41,Tier 0 (Unverified),Male,18-24,94.59993447,TRUE,Agent
val_2361,Sipho Dlamini,Informal Vendor,67,Tier 0 (Unverified),Male,18-24,4.103351575,FALSE,WhatsApp Bot
val_2362,Lerato Molefe,Ride-Hailing Driver,1777,Tier 1 (Phone Verified),Prefer Not to Say,25-34,20.49938029,TRUE,Agent
val_2363,Babatunde Fashola,Delivery Rider,963,Tier 2 (ID Verified),Male,18-24,11.5764064,TRUE,USSD
val_2364,Sipho Dlamini,Tutor / Private Instructor,707,Tier 2 (ID Verified),Female,18-24,77.23537857,TRUE,Web
val_2365,Ngozi Eze,Mobile Money Agent,1481,Tier 3 (Address + Income Verified),Non-Binary,18-24,4.556285895,FALSE,Agent
val_2366,Esther Njeri,Agricultural Day Labourer,1126,Tier 1 (Phone Verified),Male,25-34,90.2634947,FALSE,Web
val_2367,Fatima Abdullahi,E-commerce Reseller,1206,Tier 3 (Address + Income Verified),Prefer Not to Say,45-54,2.05553649,TRUE,Mobile App (iOS)
val_2368,Emeka Obi,Motorcycle Taxi Rider (Boda-Boda/Okada),1251,Tier 1 (Phone Verified),Non-Binary,18-24,60.25468129,TRUE,Mobile App (iOS)
val_2369,Fatima Abdullahi,Delivery Rider,362,Tier 0 (Unverified),Male,25-34,27.5576194,FALSE,Agent
val_2370,Aisha Bello,Informal Vendor,161,Tier 2 (ID Verified),Female,55+,47.05635249,TRUE,Web
val_2371,Thabo Nkosi,Motorcycle Taxi Rider (Boda-Boda/Okada),1329,Tier 0 (Unverified),Female,18-24,44.1885914,TRUE,Mobile App (Android)
val_2372,Tunde Adeyemi,Domestic Worker,39,Tier 1 (Phone Verified),Male,55+,74.88932707,TRUE,Agent
val_2373,Faith Achieng,Market Trader,1313,Tier 3 (Address + Income Verified),Prefer Not to Say,35-44,49.66421011,FALSE,WhatsApp Bot
val_2374,Efua Antwi,Market Trader,237,Tier 3 (Address + Income Verified),Female,45-54,42.12208301,FALSE,USSD
val_2375,Thandeka Mthembu,Tutor / Private Instructor,479,Tier 1 (Phone Verified),Non-Binary,25-34,73.02771026,FALSE,Mobile App (Android)
val_2376,Lungelo Zulu,On-Demand Handyman,1292,Tier 0 (Unverified),Non-Binary,25-34,92.58069193,TRUE,Agent
val_2377,Amara Nwosu,On-Demand Handyman,1137,Tier 0 (Unverified),Male,25-34,79.39224015,TRUE,WhatsApp Bot
val_2378,Thandeka Mthembu,Market Trader,1427,Tier 0 (Unverified),Non-Binary,18-24,73.67170315,FALSE,WhatsApp Bot
val_2379,Nana Adjei,Market Trader,1115,Tier 3 (Address + Income Verified),Female,25-34,48.77220811,FALSE,Agent
val_2380,Fatima Abdullahi,Agricultural Day Labourer,87,Tier 3 (Address + Income Verified),Male,55+,90.02157983,FALSE,Agent
val_2381,Mary Wairimu,Ride-Hailing Driver,1533,Tier 2 (ID Verified),Female,18-24,48.63134574,FALSE,Mobile App (iOS)
val_2382,Mpho Sithole,Food Delivery Courier,393,Tier 2 (ID Verified),Non-Binary,35-44,93.02857853,FALSE,Mobile App (iOS)
val_2383,Faith Achieng,On-Demand Handyman,248,Tier 1 (Phone Verified),Male,45-54,80.29222624,FALSE,Web
val_2384,Fatima Abdullahi,On-Demand Handyman,1604,Tier 0 (Unverified),Prefer Not to Say,18-24,15.02602356,TRUE,Agent
val_2385,Palesa Motsepe,Motorcycle Taxi Rider (Boda-Boda/Okada),355,Tier 0 (Unverified),Non-Binary,18-24,4.699217273,TRUE,Agent
val_2386,Lerato Molefe,Informal Vendor,978,Tier 2 (ID Verified),Female,35-44,74.08556869,FALSE,WhatsApp Bot
val_2387,Thandeka Mthembu,Domestic Worker,887,Tier 0 (Unverified),Non-Binary,25-34,68.58391616,TRUE,USSD
val_2388,Lerato Molefe,Food Delivery Courier,1405,Tier 0 (Unverified),Female,55+,60.20888796,TRUE,WhatsApp Bot
val_2389,Lungelo Zulu,Informal Vendor,80,Tier 3 (Address + Income Verified),Non-Binary,18-24,97.623928,TRUE,Web
val_2390,James Kipkoech,Tutor / Private Instructor,194,Tier 2 (ID Verified),Male,18-24,54.54030478,FALSE,Agent
val_2391,Fatima Abdullahi,Mobile Money Agent,758,Tier 1 (Phone Verified),Non-Binary,25-34,34.78998671,TRUE,Agent
val_2392,Yaw Darko,Freelance Creative,864,Tier 0 (Unverified),Male,25-34,56.49658508,FALSE,Agent
val_2393,Yusuf Musa,Freelance Creative,1439,Tier 0 (Unverified),Male,18-24,2.841175251,TRUE,Agent
val_2394,James Kipkoech,Domestic Worker,1106,Tier 1 (Phone Verified),Female,45-54,57.92642346,FALSE,Mobile App (iOS)
val_2395,Nana Adjei,Ride-Hailing Driver,271,Tier 1 (Phone Verified),Male,25-34,90.2430205,FALSE,Web
val_2396,Bongani Ndlovu,E-commerce Reseller,1787,Tier 2 (ID Verified),Female,35-44,0.433006852,TRUE,Mobile App (Android)
val_2397,Grace Wanjiku,Ride-Hailing Driver,839,Tier 0 (Unverified),Male,25-34,84.53038122,FALSE,Agent
val_2398,Brian Otieno,Ride-Hailing Driver,1761,Tier 0 (Unverified),Male,18-24,80.19288941,FALSE,Agent
val_2399,Adwoa Acheampong,Mobile Money Agent,1807,Tier 0 (Unverified),Male,18-24,10.61031298,FALSE,Mobile App (iOS)
val_2400,Chukwuemeka Okonkwo,Informal Vendor,94,Tier 1 (Phone Verified),Prefer Not to Say,18-24,84.68304931,FALSE,Web
val_2401,Kofi Mensah,Online Freelancer (Tech/Design),923,Tier 1 (Phone Verified),Non-Binary,55+,76.35452657,TRUE,Mobile App (Android)
val_2402,Adwoa Acheampong,Motorcycle Taxi Rider (Boda-Boda/Okada),770,Tier 0 (Unverified),Male,25-34,49.10464576,TRUE,Agent
val_2403,Kofi Mensah,Food Delivery Courier,909,Tier 2 (ID Verified),Male,25-34,24.52139384,TRUE,Mobile App (Android)
val_2404,Faith Achieng,Mobile Money Agent,565,Tier 1 (Phone Verified),Prefer Not to Say,35-44,28.81004158,TRUE,Mobile App (Android)
val_2405,Zanele Mokoena,Domestic Worker,1020,Tier 0 (Unverified),Non-Binary,18-24,61.22749255,FALSE,Agent
val_2406,David Mwangi,Tutor / Private Instructor,898,Tier 2 (ID Verified),Prefer Not to Say,45-54,24.63039994,FALSE,WhatsApp Bot
val_2407,Kojo Ofori,Agricultural Day Labourer,339,Tier 1 (Phone Verified),Male,35-44,32.53556757,FALSE,Mobile App (Android)
val_2408,James Kipkoech,Domestic Worker,526,Tier 1 (Phone Verified),Female,45-54,93.08384312,TRUE,USSD
val_2409,Aisha Bello,Ride-Hailing Driver,268,Tier 1 (Phone Verified),Male,18-24,72.93286165,FALSE,USSD
val_2410,Ama Owusu,Motorcycle Taxi Rider (Boda-Boda/Okada),1540,Tier 0 (Unverified),Female,18-24,73.60740497,FALSE,Mobile App (iOS)
val_2411,Aisha Bello,Delivery Rider,1236,Tier 1 (Phone Verified),Male,45-54,95.59364221,FALSE,Web
val_2412,Bongani Ndlovu,On-Demand Handyman,707,Tier 2 (ID Verified),Male,25-34,0.57940198,TRUE,Web
val_2413,Yaw Darko,Freelance Creative,722,Tier 0 (Unverified),Non-Binary,18-24,24.44858434,TRUE,Mobile App (Android)
val_2414,David Mwangi,Food Delivery Courier,144,Tier 2 (ID Verified),Prefer Not to Say,35-44,65.7973963,FALSE,WhatsApp Bot
val_2415,Lydia Chebet,Agricultural Day Labourer,529,Tier 0 (Unverified),Non-Binary,35-44,43.82715339,FALSE,USSD
val_2416,Yaw Darko,Logistics Driver (Truck/Van),1687,Tier 2 (ID Verified),Prefer Not to Say,55+,11.28049481,TRUE,Agent
val_2417,Brian Otieno,Mobile Money Agent,57,Tier 0 (Unverified),Prefer Not to Say,55+,78.12336861,FALSE,WhatsApp Bot
val_2418,Grace Wanjiku,Online Freelancer (Tech/Design),266,Tier 0 (Unverified),Prefer Not to Say,35-44,4.707253408,FALSE,Web
val_2419,Kevin Odhiambo,Informal Vendor,1544,Tier 1 (Phone Verified),Male,18-24,54.38511122,TRUE,Web
val_2420,Brian Otieno,Agricultural Day Labourer,950,Tier 2 (ID Verified),Female,45-54,56.24643315,FALSE,Mobile App (Android)
val_2421,Sipho Dlamini,Online Freelancer (Tech/Design),59,Tier 2 (ID Verified),Non-Binary,25-34,63.59613196,FALSE,Web
val_2422,Babatunde Fashola,Delivery Rider,894,Tier 1 (Phone Verified),Prefer Not to Say,55+,31.56263027,TRUE,Mobile App (iOS)
val_2423,Zanele Mokoena,Informal Vendor,1369,Tier 0 (Unverified),Prefer Not to Say,45-54,2.360094123,TRUE,Mobile App (iOS)
val_2424,Esther Njeri,Tutor / Private Instructor,630,Tier 1 (Phone Verified),Non-Binary,25-34,88.89832861,FALSE,Agent
val_2425,Kofi Mensah,Tutor / Private Instructor,697,Tier 3 (Address + Income Verified),Female,55+,92.92047948,TRUE,Agent
val_2426,Emeka Obi,Domestic Worker,1152,Tier 0 (Unverified),Female,35-44,48.19887269,TRUE,Mobile App (Android)
val_2427,Faith Achieng,Informal Vendor,1093,Tier 2 (ID Verified),Male,25-34,2.064035348,TRUE,WhatsApp Bot
val_2428,Sipho Dlamini,Online Freelancer (Tech/Design),1648,Tier 1 (Phone Verified),Female,18-24,58.08711602,TRUE,WhatsApp Bot
val_2429,Brian Otieno,Logistics Driver (Truck/Van),452,Tier 0 (Unverified),Male,45-54,31.59298517,FALSE,Mobile App (Android)
val_2430,Amara Nwosu,Online Freelancer (Tech/Design),504,Tier 2 (ID Verified),Prefer Not to Say,25-34,18.24855768,TRUE,Mobile App (Android)
val_2431,Kwame Asante,Logistics Driver (Truck/Van),283,Tier 0 (Unverified),Male,18-24,16.89526564,FALSE,USSD
val_2432,Emeka Obi,Market Trader,1214,Tier 1 (Phone Verified),Female,18-24,17.92554403,TRUE,Mobile App (iOS)
val_2433,Samuel Kamau,Agricultural Day Labourer,973,Tier 0 (Unverified),Prefer Not to Say,45-54,33.08410006,TRUE,Mobile App (Android)
val_2434,James Kipkoech,Mobile Money Agent,633,Tier 2 (ID Verified),Prefer Not to Say,55+,28.06202157,TRUE,WhatsApp Bot
val_2435,Kofi Mensah,Logistics Driver (Truck/Van),1270,Tier 0 (Unverified),Female,25-34,83.64248325,FALSE,WhatsApp Bot
val_2436,Akosua Sarpong,Logistics Driver (Truck/Van),687,Tier 0 (Unverified),Female,25-34,49.53147074,FALSE,Web
val_2437,Efua Antwi,Tutor / Private Instructor,356,Tier 2 (ID Verified),Non-Binary,45-54,42.76474925,FALSE,Mobile App (Android)
val_2438,Zanele Mokoena,Domestic Worker,985,Tier 3 (Address + Income Verified),Prefer Not to Say,18-24,14.58335571,TRUE,Web
val_2439,Tunde Adeyemi,E-commerce Reseller,796,Tier 0 (Unverified),Prefer Not to Say,18-24,87.58907931,TRUE,Mobile App (iOS)
val_2440,David Mwangi,Delivery Rider,740,Tier 1 (Phone Verified),Non-Binary,45-54,5.482220579,TRUE,Mobile App (Android)
val_2441,Chukwuemeka Okonkwo,On-Demand Handyman,811,Tier 3 (Address + Income Verified),Female,35-44,23.95313589,TRUE,Agent
val_2442,Chukwuemeka Okonkwo,Domestic Worker,1669,Tier 1 (Phone Verified),Female,18-24,62.14722757,TRUE,USSD
val_2443,Yusuf Musa,E-commerce Reseller,394,Tier 1 (Phone Verified),Non-Binary,25-34,70.2312428,TRUE,WhatsApp Bot
val_2444,Abena Boateng,Agricultural Day Labourer,503,Tier 3 (Address + Income Verified),Prefer Not to Say,18-24,80.11565748,TRUE,USSD
val_2445,Palesa Motsepe,Logistics Driver (Truck/Van),1031,Tier 2 (ID Verified),Male,45-54,41.02913015,TRUE,Mobile App (Android)
val_2446,Sipho Dlamini,Delivery Rider,85,Tier 1 (Phone Verified),Prefer Not to Say,45-54,34.67400866,TRUE,Mobile App (Android)
val_2447,Akosua Sarpong,Mobile Money Agent,266,Tier 3 (Address + Income Verified),Female,45-54,28.8551618,FALSE,Agent
val_2448,Nomvula Khumalo,Agricultural Day Labourer,1034,Tier 2 (ID Verified),Male,18-24,56.80946711,TRUE,Web
val_2449,Emeka Obi,Logistics Driver (Truck/Van),930,Tier 2 (ID Verified),Male,55+,34.86356151,FALSE,WhatsApp Bot
val_2450,Zanele Mokoena,Informal Vendor,1192,Tier 1 (Phone Verified),Female,25-34,32.80942407,FALSE,Mobile App (iOS)
val_2451,Palesa Motsepe,Informal Vendor,207,Tier 3 (Address + Income Verified),Male,55+,1.689085344,TRUE,Mobile App (Android)
val_2452,Ngozi Eze,Logistics Driver (Truck/Van),1559,Tier 3 (Address + Income Verified),Male,55+,94.83159875,TRUE,USSD
val_2453,James Kipkoech,Tutor / Private Instructor,886,Tier 3 (Address + Income Verified),Female,35-44,6.059424432,FALSE,Agent
val_2454,Zanele Mokoena,On-Demand Handyman,283,Tier 2 (ID Verified),Prefer Not to Say,45-54,27.08715183,TRUE,WhatsApp Bot
val_2455,Lydia Chebet,Food Delivery Courier,568,Tier 1 (Phone Verified),Non-Binary,45-54,92.14196273,TRUE,USSD
val_2456,Zanele Mokoena,Domestic Worker,415,Tier 0 (Unverified),Male,45-54,73.53481953,FALSE,WhatsApp Bot
val_2457,Bongani Ndlovu,Agricultural Day Labourer,825,Tier 0 (Unverified),Non-Binary,18-24,57.81398042,TRUE,Mobile App (Android)
val_2458,James Kipkoech,Motorcycle Taxi Rider (Boda-Boda/Okada),857,Tier 3 (Address + Income Verified),Female,18-24,66.08139132,FALSE,WhatsApp Bot
val_2459,Tunde Adeyemi,Informal Vendor,792,Tier 1 (Phone Verified),Non-Binary,55+,9.706005281,TRUE,USSD
val_2460,Esther Njeri,Domestic Worker,841,Tier 0 (Unverified),Male,45-54,80.86473437,TRUE,WhatsApp Bot
val_2461,Yusuf Musa,Tutor / Private Instructor,1657,Tier 0 (Unverified),Male,45-54,25.01067618,TRUE,Mobile App (Android)
val_2462,James Kipkoech,Food Delivery Courier,1751,Tier 0 (Unverified),Female,25-34,95.62139779,FALSE,Mobile App (Android)
val_2463,Abena Boateng,Online Freelancer (Tech/Design),894,Tier 2 (ID Verified),Prefer Not to Say,35-44,23.13746038,TRUE,Mobile App (Android)
val_2464,James Kipkoech,Mobile Money Agent,1758,Tier 2 (ID Verified),Non-Binary,25-34,62.53644162,FALSE,USSD
val_2465,Fatima Abdullahi,Domestic Worker,1494,Tier 1 (Phone Verified),Male,35-44,54.5324492,TRUE,Web
val_2466,Samuel Kamau,On-Demand Handyman,1497,Tier 2 (ID Verified),Prefer Not to Say,45-54,14.3103094,TRUE,USSD
val_2467,Efua Antwi,Domestic Worker,412,Tier 1 (Phone Verified),Prefer Not to Say,45-54,36.29271678,TRUE,Mobile App (iOS)
val_2468,Aisha Bello,Online Freelancer (Tech/Design),800,Tier 3 (Address + Income Verified),Non-Binary,25-34,78.12927547,FALSE,WhatsApp Bot
val_2469,Yusuf Musa,Delivery Rider,642,Tier 3 (Address + Income Verified),Non-Binary,55+,21.2588074,TRUE,Mobile App (iOS)
val_2470,Palesa Motsepe,Agricultural Day Labourer,176,Tier 0 (Unverified),Male,18-24,96.28573148,FALSE,Web
val_2471,Ngozi Eze,Tutor / Private Instructor,137,Tier 1 (Phone Verified),Non-Binary,55+,29.54836386,FALSE,Web
val_2472,Kevin Odhiambo,Food Delivery Courier,1136,Tier 3 (Address + Income Verified),Prefer Not to Say,45-54,62.67216595,FALSE,Web
val_2473,Yusuf Musa,Food Delivery Courier,768,Tier 2 (ID Verified),Female,35-44,61.88670396,TRUE,WhatsApp Bot
val_2474,Babatunde Fashola,E-commerce Reseller,1507,Tier 3 (Address + Income Verified),Male,25-34,47.07782422,TRUE,USSD
val_2475,Kevin Odhiambo,Agricultural Day Labourer,1221,Tier 1 (Phone Verified),Prefer Not to Say,25-34,65.53604642,TRUE,Mobile App (Android)
val_2476,Kwame Asante,Tutor / Private Instructor,155,Tier 0 (Unverified),Non-Binary,25-34,74.35769438,FALSE,Mobile App (Android)
val_2477,Fatima Abdullahi,Informal Vendor,1530,Tier 3 (Address + Income Verified),Non-Binary,55+,61.90029713,TRUE,USSD
val_2478,Ngozi Eze,Informal Vendor,905,Tier 3 (Address + Income Verified),Non-Binary,18-24,55.99946193,FALSE,USSD
val_2479,Amara Nwosu,Mobile Money Agent,1033,Tier 2 (ID Verified),Male,45-54,60.66274081,FALSE,USSD
val_2480,Nana Adjei,On-Demand Handyman,1763,Tier 1 (Phone Verified),Male,55+,40.19559204,TRUE,WhatsApp Bot
val_2481,Lungelo Zulu,Food Delivery Courier,1168,Tier 0 (Unverified),Prefer Not to Say,35-44,7.087316713,TRUE,WhatsApp Bot
val_2482,Fatima Abdullahi,Mobile Money Agent,40,Tier 2 (ID Verified),Prefer Not to Say,45-54,15.96983792,TRUE,Agent
val_2483,Samuel Kamau,Delivery Rider,323,Tier 2 (ID Verified),Male,35-44,60.6704043,FALSE,WhatsApp Bot
val_2484,Esther Njeri,Ride-Hailing Driver,778,Tier 2 (ID Verified),Non-Binary,35-44,92.71738924,TRUE,Mobile App (iOS)
val_2485,David Mwangi,Logistics Driver (Truck/Van),67,Tier 0 (Unverified),Non-Binary,45-54,2.574054857,TRUE,Mobile App (iOS)
val_2486,Chidinma Okeke,Logistics Driver (Truck/Van),305,Tier 2 (ID Verified),Female,55+,54.40351971,TRUE,WhatsApp Bot
val_2487,Tunde Adeyemi,E-commerce Reseller,1445,Tier 2 (ID Verified),Non-Binary,45-54,25.2061433,TRUE,USSD
val_2488,Ama Owusu,Ride-Hailing Driver,260,Tier 3 (Address + Income Verified),Prefer Not to Say,55+,56.17399055,FALSE,USSD
val_2489,David Mwangi,Motorcycle Taxi Rider (Boda-Boda/Okada),305,Tier 2 (ID Verified),Prefer Not to Say,35-44,74.96573577,FALSE,Agent
val_2490,Esther Njeri,Motorcycle Taxi Rider (Boda-Boda/Okada),921,Tier 2 (ID Verified),Male,45-54,73.54531322,FALSE,Mobile App (Android)
val_2491,Brian Otieno,Agricultural Day Labourer,166,Tier 1 (Phone Verified),Female,55+,72.48857978,FALSE,Web
val_2492,Bongani Ndlovu,Food Delivery Courier,466,Tier 2 (ID Verified),Prefer Not to Say,25-34,77.89234659,TRUE,Agent
val_2493,Yaw Darko,Food Delivery Courier,1711,Tier 2 (ID Verified),Male,55+,7.261068682,FALSE,Mobile App (Android)
val_2494,Kevin Odhiambo,Logistics Driver (Truck/Van),1153,Tier 3 (Address + Income Verified),Prefer Not to Say,45-54,50.95778339,FALSE,USSD
val_2495,Yusuf Musa,Online Freelancer (Tech/Design),1759,Tier 3 (Address + Income Verified),Female,35-44,26.17784854,TRUE,USSD
val_2496,Thabo Nkosi,Informal Vendor,646,Tier 0 (Unverified),Non-Binary,45-54,92.1270561,FALSE,Mobile App (iOS)
val_2497,Palesa Motsepe,Freelance Creative,1125,Tier 3 (Address + Income Verified),Female,18-24,78.2879222,TRUE,Mobile App (Android)
val_2498,Aisha Bello,Domestic Worker,435,Tier 3 (Address + Income Verified),Prefer Not to Say,45-54,10.75448474,TRUE,USSD
val_2499,Bongani Ndlovu,Food Delivery Courier,691,Tier 2 (ID Verified),Non-Binary,35-44,24.3246129,FALSE,Web
val_2500,Efua Antwi,Logistics Driver (Truck/Van),318,Tier 2 (ID Verified),Non-Binary,55+,45.52202555,FALSE,WhatsApp Bot
val_2501,Ngozi Eze,Motorcycle Taxi Rider (Boda-Boda/Okada),1521,Tier 2 (ID Verified),Female,45-54,96.29086218,TRUE,WhatsApp Bot
val_2502,Sipho Dlamini,Informal Vendor,336,Tier 1 (Phone Verified),Male,35-44,10.96731841,FALSE,USSD
val_2503,Babatunde Fashola,E-commerce Reseller,373,Tier 1 (Phone Verified),Prefer Not to Say,35-44,56.79723685,FALSE,Mobile App (Android)
val_2504,Tunde Adeyemi,Informal Vendor,846,Tier 3 (Address + Income Verified),Female,35-44,34.12875132,FALSE,Mobile App (iOS)
val_2505,Babatunde Fashola,Mobile Money Agent,784,Tier 3 (Address + Income Verified),Male,55+,64.63403417,FALSE,WhatsApp Bot
val_2506,James Kipkoech,Delivery Rider,573,Tier 0 (Unverified),Prefer Not to Say,45-54,64.8706727,TRUE,Agent
val_2507,Yaw Darko,Informal Vendor,651,Tier 3 (Address + Income Verified),Male,18-24,24.05914867,TRUE,Mobile App (iOS)
val_2508,Kevin Odhiambo,On-Demand Handyman,538,Tier 1 (Phone Verified),Non-Binary,35-44,78.58094003,TRUE,WhatsApp Bot
val_2509,Babatunde Fashola,Mobile Money Agent,1666,Tier 0 (Unverified),Female,25-34,9.126247133,FALSE,Agent
val_2510,Fatima Abdullahi,Market Trader,1059,Tier 3 (Address + Income Verified),Prefer Not to Say,18-24,81.81388711,TRUE,WhatsApp Bot
val_2511,Lungelo Zulu,Market Trader,1679,Tier 0 (Unverified),Male,55+,21.19668586,TRUE,WhatsApp Bot
val_2512,Lerato Molefe,E-commerce Reseller,1801,Tier 0 (Unverified),Prefer Not to Say,55+,58.95792985,FALSE,WhatsApp Bot
val_2513,Sipho Dlamini,Food Delivery Courier,1188,Tier 1 (Phone Verified),Male,55+,34.73097269,TRUE,Agent
val_2514,Babatunde Fashola,Freelance Creative,1507,Tier 1 (Phone Verified),Prefer Not to Say,25-34,60.97798266,TRUE,Mobile App (iOS)
val_2515,Thabo Nkosi,Freelance Creative,202,Tier 0 (Unverified),Female,35-44,26.74178483,FALSE,USSD
val_2516,Efua Antwi,Ride-Hailing Driver,1733,Tier 0 (Unverified),Male,45-54,56.8963672,FALSE,Web
val_2517,Ama Owusu,Online Freelancer (Tech/Design),880,Tier 1 (Phone Verified),Female,18-24,0.819826021,TRUE,Mobile App (Android)
val_2518,Amara Nwosu,Food Delivery Courier,1302,Tier 0 (Unverified),Male,18-24,37.44544576,FALSE,USSD
val_2519,Thandeka Mthembu,Delivery Rider,447,Tier 0 (Unverified),Female,35-44,82.63893791,TRUE,Web
val_2520,Mary Wairimu,Delivery Rider,174,Tier 3 (Address + Income Verified),Non-Binary,45-54,46.30065865,TRUE,Mobile App (iOS)
val_2521,Aisha Bello,Tutor / Private Instructor,1615,Tier 2 (ID Verified),Non-Binary,35-44,49.9261099,FALSE,Agent
val_2522,Yusuf Musa,E-commerce Reseller,820,Tier 0 (Unverified),Non-Binary,25-34,62.15768379,TRUE,Web
val_2523,Kevin Odhiambo,Freelance Creative,252,Tier 0 (Unverified),Prefer Not to Say,35-44,43.42095988,TRUE,Mobile App (Android)
val_2524,Tunde Adeyemi,Mobile Money Agent,1202,Tier 3 (Address + Income Verified),Female,55+,86.70767277,TRUE,Web
val_2525,Samuel Kamau,Motorcycle Taxi Rider (Boda-Boda/Okada),99,Tier 1 (Phone Verified),Non-Binary,25-34,40.33246698,TRUE,Agent
val_2526,James Kipkoech,Freelance Creative,822,Tier 0 (Unverified),Male,35-44,94.25524342,TRUE,Agent
val_2527,Bongani Ndlovu,Food Delivery Courier,1286,Tier 2 (ID Verified),Female,25-34,87.69380233,TRUE,Mobile App (Android)
val_2528,Ngozi Eze,Logistics Driver (Truck/Van),1315,Tier 3 (Address + Income Verified),Non-Binary,25-34,42.10877827,FALSE,Web
val_2529,Abena Boateng,Ride-Hailing Driver,827,Tier 1 (Phone Verified),Male,45-54,36.58008746,TRUE,Mobile App (Android)
val_2530,Mpho Sithole,Mobile Money Agent,675,Tier 2 (ID Verified),Female,25-34,67.66280189,FALSE,Agent
val_2531,Thabo Nkosi,Informal Vendor,1530,Tier 1 (Phone Verified),Male,45-54,75.53067487,TRUE,Web
val_2532,Mpho Sithole,Logistics Driver (Truck/Van),337,Tier 0 (Unverified),Prefer Not to Say,18-24,18.58615773,FALSE,USSD
val_2533,Emeka Obi,E-commerce Reseller,136,Tier 3 (Address + Income Verified),Non-Binary,45-54,24.10452032,FALSE,Mobile App (iOS)
val_2534,Thabo Nkosi,Food Delivery Courier,286,Tier 3 (Address + Income Verified),Non-Binary,18-24,14.62525166,FALSE,Web
val_2535,Thandeka Mthembu,Market Trader,1462,Tier 3 (Address + Income Verified),Non-Binary,25-34,76.06918782,TRUE,Mobile App (Android)
val_2536,Esther Njeri,Food Delivery Courier,858,Tier 0 (Unverified),Male,55+,71.4401865,TRUE,USSD
val_2537,Lydia Chebet,On-Demand Handyman,68,Tier 2 (ID Verified),Male,25-34,18.90538143,FALSE,Mobile App (iOS)
val_2538,Ama Owusu,Freelance Creative,308,Tier 2 (ID Verified),Female,45-54,53.68747862,FALSE,Mobile App (iOS)
val_2539,Lydia Chebet,On-Demand Handyman,51,Tier 0 (Unverified),Male,25-34,76.42393592,TRUE,WhatsApp Bot
val_2540,Grace Wanjiku,On-Demand Handyman,1487,Tier 3 (Address + Income Verified),Female,55+,94.70286627,TRUE,Web
val_2541,Lerato Molefe,Tutor / Private Instructor,842,Tier 0 (Unverified),Female,55+,17.85226541,TRUE,Mobile App (Android)
val_2542,Lerato Molefe,Market Trader,124,Tier 1 (Phone Verified),Prefer Not to Say,55+,30.43297799,FALSE,Mobile App (Android)
val_2543,Faith Achieng,Tutor / Private Instructor,404,Tier 3 (Address + Income Verified),Female,25-34,34.83397836,FALSE,Mobile App (Android)
val_2544,Thabo Nkosi,Mobile Money Agent,1125,Tier 2 (ID Verified),Male,25-34,62.49773591,FALSE,WhatsApp Bot
val_2545,Faith Achieng,Agricultural Day Labourer,1084,Tier 2 (ID Verified),Prefer Not to Say,45-54,13.64188502,FALSE,Mobile App (iOS)
val_2546,Nomvula Khumalo,On-Demand Handyman,1496,Tier 1 (Phone Verified),Male,55+,19.34290693,TRUE,WhatsApp Bot
val_2547,Abena Boateng,Logistics Driver (Truck/Van),47,Tier 3 (Address + Income Verified),Male,35-44,78.04368374,TRUE,USSD
val_2548,James Kipkoech,E-commerce Reseller,126,Tier 0 (Unverified),Female,45-54,54.20536659,FALSE,Agent
val_2549,Amara Nwosu,Informal Vendor,64,Tier 2 (ID Verified),Male,55+,16.03862315,TRUE,USSD
val_2550,Nana Adjei,Market Trader,719,Tier 0 (Unverified),Prefer Not to Say,45-54,38.8432748,TRUE,Agent
val_2551,Samuel Kamau,E-commerce Reseller,1327,Tier 0 (Unverified),Female,25-34,13.44941953,FALSE,USSD
val_2552,Yusuf Musa,E-commerce Reseller,1210,Tier 2 (ID Verified),Prefer Not to Say,25-34,36.26900012,TRUE,USSD
val_2553,Fatima Abdullahi,Agricultural Day Labourer,383,Tier 1 (Phone Verified),Male,35-44,40.01992952,TRUE,USSD
val_2554,Thandeka Mthembu,On-Demand Handyman,1200,Tier 0 (Unverified),Non-Binary,35-44,11.21104116,FALSE,Web
val_2555,Babatunde Fashola,Motorcycle Taxi Rider (Boda-Boda/Okada),1198,Tier 3 (Address + Income Verified),Male,55+,5.983342619,TRUE,Agent
val_2556,Nomvula Khumalo,Logistics Driver (Truck/Van),349,Tier 1 (Phone Verified),Male,25-34,88.16018903,TRUE,Agent
val_2557,Lungelo Zulu,Informal Vendor,1369,Tier 3 (Address + Income Verified),Female,18-24,88.76480896,FALSE,Mobile App (Android)
val_2558,Aisha Bello,Motorcycle Taxi Rider (Boda-Boda/Okada),771,Tier 0 (Unverified),Prefer Not to Say,25-34,0.257887521,TRUE,Mobile App (Android)
val_2559,Abena Boateng,Tutor / Private Instructor,108,Tier 0 (Unverified),Female,35-44,64.12040964,FALSE,Mobile App (iOS)
val_2560,Abena Boateng,On-Demand Handyman,713,Tier 1 (Phone Verified),Prefer Not to Say,25-34,9.367900754,FALSE,WhatsApp Bot
val_2561,David Mwangi,Motorcycle Taxi Rider (Boda-Boda/Okada),1405,Tier 2 (ID Verified),Male,25-34,81.01416455,FALSE,Web
val_2562,Nana Adjei,E-commerce Reseller,1271,Tier 1 (Phone Verified),Female,25-34,87.95623922,TRUE,USSD
val_2563,Kevin Odhiambo,Logistics Driver (Truck/Van),490,Tier 0 (Unverified),Non-Binary,55+,61.66151554,TRUE,USSD
val_2564,Mary Wairimu,Freelance Creative,1382,Tier 2 (ID Verified),Female,35-44,61.31554572,TRUE,Mobile App (iOS)
val_2565,Mary Wairimu,Online Freelancer (Tech/Design),711,Tier 3 (Address + Income Verified),Non-Binary,45-54,37.14815091,FALSE,Mobile App (Android)
val_2566,Thabo Nkosi,Mobile Money Agent,840,Tier 0 (Unverified),Non-Binary,35-44,24.94689694,FALSE,Mobile App (iOS)
val_2567,Akosua Sarpong,Food Delivery Courier,158,Tier 1 (Phone Verified),Male,18-24,49.92708292,TRUE,WhatsApp Bot
val_2568,Faith Achieng,Market Trader,1820,Tier 1 (Phone Verified),Non-Binary,25-34,13.37172235,FALSE,Mobile App (Android)
val_2569,Bongani Ndlovu,E-commerce Reseller,1531,Tier 2 (ID Verified),Prefer Not to Say,55+,67.22248949,FALSE,Agent
val_2570,Thabo Nkosi,Agricultural Day Labourer,355,Tier 0 (Unverified),Prefer Not to Say,35-44,47.00868954,FALSE,Mobile App (iOS)
val_2571,Bongani Ndlovu,Online Freelancer (Tech/Design),1023,Tier 0 (Unverified),Female,45-54,17.7601506,TRUE,Agent
val_2572,Adwoa Acheampong,Delivery Rider,1424,Tier 0 (Unverified),Female,45-54,58.83142528,TRUE,Agent
val_2573,Faith Achieng,Tutor / Private Instructor,921,Tier 2 (ID Verified),Prefer Not to Say,35-44,79.53278366,FALSE,Agent
val_2574,Sipho Dlamini,E-commerce Reseller,384,Tier 0 (Unverified),Prefer Not to Say,35-44,58.87994617,FALSE,Mobile App (Android)
val_2575,Esther Njeri,Motorcycle Taxi Rider (Boda-Boda/Okada),1768,Tier 2 (ID Verified),Prefer Not to Say,25-34,52.96614117,FALSE,WhatsApp Bot
val_2576,Brian Otieno,Online Freelancer (Tech/Design),490,Tier 1 (Phone Verified),Prefer Not to Say,25-34,84.77174781,TRUE,Mobile App (Android)
val_2577,James Kipkoech,Market Trader,610,Tier 1 (Phone Verified),Female,18-24,1.0755385,TRUE,USSD
val_2578,Lerato Molefe,On-Demand Handyman,678,Tier 3 (Address + Income Verified),Male,25-34,61.67476278,TRUE,USSD
val_2579,Kofi Mensah,Agricultural Day Labourer,1626,Tier 3 (Address + Income Verified),Male,45-54,40.96921832,FALSE,USSD
val_2580,Faith Achieng,Ride-Hailing Driver,913,Tier 3 (Address + Income Verified),Female,55+,19.35661487,TRUE,Mobile App (iOS)
val_2581,James Kipkoech,Food Delivery Courier,1314,Tier 3 (Address + Income Verified),Prefer Not to Say,35-44,97.95778501,FALSE,Web
val_2582,Grace Wanjiku,Agricultural Day Labourer,1645,Tier 0 (Unverified),Female,45-54,40.38138291,TRUE,USSD
val_2583,Nana Adjei,Freelance Creative,1695,Tier 3 (Address + Income Verified),Female,55+,33.52628124,TRUE,USSD
val_2584,David Mwangi,Ride-Hailing Driver,1563,Tier 0 (Unverified),Prefer Not to Say,45-54,16.90084397,TRUE,Agent
val_2585,Kofi Mensah,Ride-Hailing Driver,1657,Tier 1 (Phone Verified),Male,25-34,99.77659512,TRUE,Agent
val_2586,David Mwangi,Logistics Driver (Truck/Van),1731,Tier 2 (ID Verified),Non-Binary,25-34,85.6051356,TRUE,Agent
val_2587,Samuel Kamau,Delivery Rider,1809,Tier 2 (ID Verified),Non-Binary,45-54,6.997241867,TRUE,USSD
val_2588,Lerato Molefe,Motorcycle Taxi Rider (Boda-Boda/Okada),1174,Tier 2 (ID Verified),Prefer Not to Say,25-34,56.57538761,TRUE,Mobile App (Android)
val_2589,Esther Njeri,Domestic Worker,240,Tier 2 (ID Verified),Female,25-34,14.74012109,FALSE,Mobile App (iOS)
val_2590,Tunde Adeyemi,Motorcycle Taxi Rider (Boda-Boda/Okada),206,Tier 1 (Phone Verified),Non-Binary,35-44,71.5781415,TRUE,Web
val_2591,Faith Achieng,On-Demand Handyman,1453,Tier 2 (ID Verified),Prefer Not to Say,45-54,48.40834293,FALSE,Agent
val_2592,Ama Owusu,Domestic Worker,577,Tier 1 (Phone Verified),Prefer Not to Say,25-34,11.03889642,TRUE,Web
val_2593,Ngozi Eze,On-Demand Handyman,1469,Tier 1 (Phone Verified),Non-Binary,18-24,55.70388913,TRUE,Agent
val_2594,Samuel Kamau,E-commerce Reseller,1706,Tier 2 (ID Verified),Non-Binary,45-54,91.06756511,FALSE,Mobile App (iOS)
val_2595,Emeka Obi,Informal Vendor,1176,Tier 2 (ID Verified),Prefer Not to Say,25-34,34.11946823,TRUE,Agent
val_2596,Kwame Asante,On-Demand Handyman,1395,Tier 1 (Phone Verified),Prefer Not to Say,45-54,5.080561476,FALSE,Mobile App (iOS)
val_2597,Kojo Ofori,Mobile Money Agent,509,Tier 0 (Unverified),Non-Binary,18-24,94.52071113,FALSE,USSD
val_2598,Lerato Molefe,Ride-Hailing Driver,793,Tier 1 (Phone Verified),Female,25-34,14.1799188,TRUE,Agent
val_2599,Faith Achieng,Freelance Creative,1762,Tier 1 (Phone Verified),Non-Binary,45-54,47.50520009,TRUE,Mobile App (Android)
val_2600,Lungelo Zulu,Motorcycle Taxi Rider (Boda-Boda/Okada),1491,Tier 0 (Unverified),Male,18-24,54.46771278,FALSE,Mobile App (Android)
val_2601,Yusuf Musa,Ride-Hailing Driver,373,Tier 0 (Unverified),Non-Binary,25-34,23.70874632,TRUE,Web
val_2602,Nomvula Khumalo,Freelance Creative,1709,Tier 3 (Address + Income Verified),Female,45-54,17.7418032,TRUE,USSD
val_2603,Kofi Mensah,Food Delivery Courier,912,Tier 1 (Phone Verified),Prefer Not to Say,45-54,11.31388806,TRUE,USSD
val_2604,Sipho Dlamini,Motorcycle Taxi Rider (Boda-Boda/Okada),1540,Tier 2 (ID Verified),Non-Binary,25-34,6.995528235,TRUE,Mobile App (iOS)
val_2605,Sipho Dlamini,Freelance Creative,952,Tier 0 (Unverified),Prefer Not to Say,18-24,50.81265477,FALSE,Agent
val_2606,Ama Owusu,E-commerce Reseller,1102,Tier 3 (Address + Income Verified),Prefer Not to Say,18-24,84.20207768,FALSE,WhatsApp Bot
val_2607,Brian Otieno,Delivery Rider,295,Tier 0 (Unverified),Prefer Not to Say,35-44,12.67587714,FALSE,Agent
val_2608,Ama Owusu,Freelance Creative,618,Tier 1 (Phone Verified),Male,45-54,70.06190284,FALSE,Mobile App (Android)
val_2609,Zanele Mokoena,Ride-Hailing Driver,1319,Tier 3 (Address + Income Verified),Prefer Not to Say,35-44,41.26207704,FALSE,Mobile App (iOS)
val_2610,Lerato Molefe,Ride-Hailing Driver,1538,Tier 0 (Unverified),Female,35-44,3.522423897,FALSE,Mobile App (iOS)
val_2611,Bongani Ndlovu,Delivery Rider,162,Tier 2 (ID Verified),Non-Binary,18-24,53.597231,TRUE,Mobile App (iOS)
val_2612,Fatima Abdullahi,Mobile Money Agent,140,Tier 3 (Address + Income Verified),Female,25-34,25.20082661,TRUE,Web
val_2613,Abena Boateng,On-Demand Handyman,1265,Tier 0 (Unverified),Female,18-24,60.5254093,FALSE,Web
val_2614,Babatunde Fashola,Informal Vendor,816,Tier 0 (Unverified),Prefer Not to Say,35-44,34.93230108,TRUE,Web
val_2615,Nana Adjei,On-Demand Handyman,1549,Tier 3 (Address + Income Verified),Prefer Not to Say,25-34,66.64523183,TRUE,Mobile App (iOS)
val_2616,Thandeka Mthembu,On-Demand Handyman,124,Tier 1 (Phone Verified),Non-Binary,18-24,91.85033629,TRUE,Mobile App (Android)
val_2617,Tunde Adeyemi,Tutor / Private Instructor,637,Tier 3 (Address + Income Verified),Male,45-54,24.45445621,FALSE,USSD
val_2618,Nana Adjei,Food Delivery Courier,64,Tier 3 (Address + Income Verified),Male,25-34,93.9840469,TRUE,Web
val_2619,Bongani Ndlovu,Informal Vendor,1295,Tier 3 (Address + Income Verified),Male,55+,20.43088603,TRUE,WhatsApp Bot
val_2620,Zanele Mokoena,Tutor / Private Instructor,1566,Tier 3 (Address + Income Verified),Prefer Not to Say,35-44,7.069488222,FALSE,USSD
val_2621,Faith Achieng,Domestic Worker,286,Tier 3 (Address + Income Verified),Female,18-24,19.27009874,FALSE,USSD
val_2622,Babatunde Fashola,Logistics Driver (Truck/Van),591,Tier 1 (Phone Verified),Male,45-54,81.49166995,TRUE,Mobile App (Android)
val_2623,Mpho Sithole,Delivery Rider,1544,Tier 3 (Address + Income Verified),Non-Binary,45-54,67.75562453,FALSE,Web
val_2624,Mpho Sithole,Online Freelancer (Tech/Design),75,Tier 1 (Phone Verified),Prefer Not to Say,55+,97.08341533,FALSE,Mobile App (Android)
val_2625,Abena Boateng,Domestic Worker,1738,Tier 2 (ID Verified),Non-Binary,45-54,70.98273104,FALSE,USSD
val_2626,Thandeka Mthembu,Food Delivery Courier,1619,Tier 0 (Unverified),Female,25-34,41.2631265,TRUE,Mobile App (iOS)
val_2627,Chukwuemeka Okonkwo,Ride-Hailing Driver,278,Tier 3 (Address + Income Verified),Male,45-54,89.24309741,TRUE,Mobile App (iOS)
val_2628,Yaw Darko,Agricultural Day Labourer,253,Tier 2 (ID Verified),Prefer Not to Say,45-54,95.81285182,TRUE,Mobile App (iOS)
val_2629,Aisha Bello,Mobile Money Agent,1263,Tier 3 (Address + Income Verified),Male,35-44,79.1654921,FALSE,Agent
val_2630,Bongani Ndlovu,Freelance Creative,18,Tier 1 (Phone Verified),Prefer Not to Say,45-54,55.66395858,TRUE,Mobile App (Android)
val_2631,Efua Antwi,Market Trader,923,Tier 1 (Phone Verified),Male,55+,82.57657813,FALSE,USSD
val_2632,Mpho Sithole,Tutor / Private Instructor,120,Tier 2 (ID Verified),Male,45-54,17.90447073,TRUE,USSD
val_2633,Kofi Mensah,Mobile Money Agent,970,Tier 3 (Address + Income Verified),Female,35-44,90.03500229,TRUE,Web
val_2634,Ngozi Eze,Motorcycle Taxi Rider (Boda-Boda/Okada),639,Tier 2 (ID Verified),Male,35-44,99.95589825,FALSE,Agent
val_2635,Aisha Bello,Freelance Creative,1290,Tier 3 (Address + Income Verified),Male,55+,66.51401665,TRUE,Mobile App (Android)
val_2636,Esther Njeri,Delivery Rider,1608,Tier 0 (Unverified),Male,55+,19.58890396,FALSE,WhatsApp Bot
val_2637,Adwoa Acheampong,Agricultural Day Labourer,892,Tier 3 (Address + Income Verified),Non-Binary,25-34,14.44366622,FALSE,Agent
val_2638,Emeka Obi,Logistics Driver (Truck/Van),1171,Tier 2 (ID Verified),Prefer Not to Say,18-24,95.94144056,TRUE,Web
val_2639,Lungelo Zulu,Logistics Driver (Truck/Van),1096,Tier 3 (Address + Income Verified),Male,55+,87.13528214,FALSE,Web
val_2640,Chidinma Okeke,On-Demand Handyman,1798,Tier 0 (Unverified),Non-Binary,25-34,74.86788516,FALSE,Mobile App (Android)
val_2641,Lydia Chebet,Informal Vendor,421,Tier 1 (Phone Verified),Female,55+,94.91192536,FALSE,Agent
val_2642,Yusuf Musa,Mobile Money Agent,436,Tier 0 (Unverified),Female,18-24,50.34037529,TRUE,Agent
val_2643,James Kipkoech,On-Demand Handyman,691,Tier 1 (Phone Verified),Female,55+,88.7746403,TRUE,Mobile App (iOS)
val_2644,James Kipkoech,Motorcycle Taxi Rider (Boda-Boda/Okada),1345,Tier 3 (Address + Income Verified),Prefer Not to Say,45-54,16.2820314,TRUE,Agent
val_2645,Chukwuemeka Okonkwo,Domestic Worker,1579,Tier 2 (ID Verified),Non-Binary,25-34,18.28097181,FALSE,Mobile App (iOS)
val_2646,Kofi Mensah,Domestic Worker,507,Tier 3 (Address + Income Verified),Non-Binary,18-24,51.23430457,TRUE,USSD
val_2647,Nomvula Khumalo,Ride-Hailing Driver,200,Tier 2 (ID Verified),Prefer Not to Say,55+,33.25096608,TRUE,USSD
val_2648,Bongani Ndlovu,Domestic Worker,1111,Tier 3 (Address + Income Verified),Non-Binary,18-24,43.2519268,TRUE,Mobile App (iOS)
val_2649,Esther Njeri,Agricultural Day Labourer,1091,Tier 3 (Address + Income Verified),Male,18-24,79.81969863,TRUE,WhatsApp Bot
val_2650,Palesa Motsepe,Market Trader,684,Tier 2 (ID Verified),Male,45-54,5.340747094,FALSE,Mobile App (Android)
val_2651,Palesa Motsepe,Domestic Worker,336,Tier 3 (Address + Income Verified),Female,45-54,72.08438343,FALSE,Agent
val_2652,Thandeka Mthembu,Freelance Creative,1551,Tier 0 (Unverified),Male,18-24,8.822926845,FALSE,USSD
val_2653,David Mwangi,Freelance Creative,1545,Tier 2 (ID Verified),Non-Binary,25-34,84.75010503,FALSE,Agent
val_2654,Lungelo Zulu,Motorcycle Taxi Rider (Boda-Boda/Okada),1364,Tier 2 (ID Verified),Female,45-54,20.18998065,FALSE,Mobile App (Android)
val_2655,Kofi Mensah,Freelance Creative,1057,Tier 3 (Address + Income Verified),Male,45-54,73.49389203,FALSE,Mobile App (iOS)
val_2656,Tunde Adeyemi,Logistics Driver (Truck/Van),477,Tier 2 (ID Verified),Female,25-34,59.1879399,FALSE,Web
val_2657,Brian Otieno,Tutor / Private Instructor,735,Tier 0 (Unverified),Prefer Not to Say,35-44,38.56221071,FALSE,Mobile App (iOS)
val_2658,Nana Adjei,On-Demand Handyman,124,Tier 2 (ID Verified),Prefer Not to Say,18-24,26.75362504,TRUE,WhatsApp Bot
val_2659,Emeka Obi,On-Demand Handyman,456,Tier 3 (Address + Income Verified),Prefer Not to Say,18-24,5.745931627,TRUE,USSD
val_2660,Mary Wairimu,On-Demand Handyman,822,Tier 0 (Unverified),Prefer Not to Say,55+,35.33802069,FALSE,USSD
val_2661,Sipho Dlamini,E-commerce Reseller,797,Tier 0 (Unverified),Non-Binary,25-34,20.05287566,FALSE,Mobile App (Android)
val_2662,Amara Nwosu,Mobile Money Agent,146,Tier 2 (ID Verified),Prefer Not to Say,55+,13.5912504,TRUE,Mobile App (Android)
val_2663,Lydia Chebet,On-Demand Handyman,1748,Tier 2 (ID Verified),Prefer Not to Say,18-24,73.84981226,TRUE,Mobile App (iOS)
val_2664,Yusuf Musa,Informal Vendor,489,Tier 2 (ID Verified),Non-Binary,55+,21.2514991,FALSE,WhatsApp Bot
val_2665,Ama Owusu,Mobile Money Agent,929,Tier 0 (Unverified),Female,35-44,22.31580477,FALSE,Mobile App (Android)
val_2666,Chidinma Okeke,Domestic Worker,849,Tier 2 (ID Verified),Prefer Not to Say,55+,34.04814518,FALSE,Mobile App (iOS)
val_2667,Lerato Molefe,E-commerce Reseller,857,Tier 2 (ID Verified),Female,55+,46.26531596,FALSE,USSD
val_2668,Ngozi Eze,Freelance Creative,1543,Tier 3 (Address + Income Verified),Male,25-34,51.37127443,TRUE,Web
val_2669,Lerato Molefe,Freelance Creative,1362,Tier 1 (Phone Verified),Male,45-54,66.45462688,FALSE,Agent
val_2670,Nomvula Khumalo,Motorcycle Taxi Rider (Boda-Boda/Okada),1584,Tier 1 (Phone Verified),Non-Binary,25-34,58.85220478,TRUE,USSD
val_2671,Lungelo Zulu,Mobile Money Agent,692,Tier 0 (Unverified),Male,45-54,48.16838797,FALSE,Mobile App (iOS)
val_2672,Lungelo Zulu,Agricultural Day Labourer,484,Tier 2 (ID Verified),Male,55+,39.39402146,FALSE,Mobile App (Android)
val_2673,Fatima Abdullahi,Agricultural Day Labourer,780,Tier 2 (ID Verified),Male,55+,26.57862119,FALSE,Mobile App (iOS)
val_2674,Bongani Ndlovu,Tutor / Private Instructor,1025,Tier 1 (Phone Verified),Non-Binary,45-54,70.99426137,FALSE,Mobile App (Android)
val_2675,Abena Boateng,Ride-Hailing Driver,615,Tier 2 (ID Verified),Female,25-34,31.75013204,TRUE,Web
val_2676,Lerato Molefe,Informal Vendor,840,Tier 3 (Address + Income Verified),Non-Binary,18-24,84.95813935,FALSE,USSD
val_2677,Palesa Motsepe,Informal Vendor,275,Tier 0 (Unverified),Non-Binary,35-44,58.61624559,FALSE,Agent
val_2678,Abena Boateng,Mobile Money Agent,1066,Tier 2 (ID Verified),Prefer Not to Say,18-24,63.39442785,TRUE,Web
val_2679,David Mwangi,Freelance Creative,1303,Tier 2 (ID Verified),Male,35-44,50.87902309,TRUE,USSD
val_2680,Babatunde Fashola,Market Trader,962,Tier 0 (Unverified),Female,55+,92.85560647,FALSE,WhatsApp Bot
val_2681,Babatunde Fashola,Agricultural Day Labourer,1594,Tier 0 (Unverified),Non-Binary,18-24,42.15955686,FALSE,Web
val_2682,Faith Achieng,Logistics Driver (Truck/Van),1818,Tier 1 (Phone Verified),Female,55+,42.69684534,FALSE,Mobile App (Android)
val_2683,Thabo Nkosi,On-Demand Handyman,1653,Tier 0 (Unverified),Male,35-44,89.30144958,TRUE,Mobile App (iOS)
val_2684,Kwame Asante,E-commerce Reseller,169,Tier 1 (Phone Verified),Male,18-24,60.4906921,FALSE,Web
val_2685,Lydia Chebet,On-Demand Handyman,1608,Tier 0 (Unverified),Female,45-54,44.91487157,FALSE,Agent
val_2686,Chidinma Okeke,Motorcycle Taxi Rider (Boda-Boda/Okada),609,Tier 3 (Address + Income Verified),Female,18-24,26.21511145,TRUE,Web
val_2687,Kofi Mensah,On-Demand Handyman,824,Tier 2 (ID Verified),Male,45-54,24.50444451,FALSE,WhatsApp Bot
val_2688,Akosua Sarpong,Ride-Hailing Driver,752,Tier 1 (Phone Verified),Female,35-44,80.14343138,TRUE,Mobile App (iOS)
val_2689,Thandeka Mthembu,Tutor / Private Instructor,518,Tier 3 (Address + Income Verified),Non-Binary,45-54,27.94660776,FALSE,USSD
val_2690,Adwoa Acheampong,Online Freelancer (Tech/Design),1601,Tier 0 (Unverified),Prefer Not to Say,25-34,0.57376903,FALSE,Mobile App (iOS)
val_2691,Yaw Darko,E-commerce Reseller,1164,Tier 2 (ID Verified),Non-Binary,18-24,1.94606393,TRUE,Agent
val_2692,Mpho Sithole,Market Trader,1765,Tier 2 (ID Verified),Male,25-34,97.84026116,FALSE,Web
val_2693,Kevin Odhiambo,Agricultural Day Labourer,1743,Tier 3 (Address + Income Verified),Non-Binary,45-54,55.98379366,FALSE,Mobile App (Android)
val_2694,Bongani Ndlovu,On-Demand Handyman,766,Tier 0 (Unverified),Male,55+,48.90246319,TRUE,WhatsApp Bot
val_2695,David Mwangi,Agricultural Day Labourer,1327,Tier 2 (ID Verified),Male,25-34,91.78760691,FALSE,USSD
val_2696,Amara Nwosu,E-commerce Reseller,917,Tier 3 (Address + Income Verified),Non-Binary,25-34,35.1687399,TRUE,Agent
val_2697,Kevin Odhiambo,Food Delivery Courier,903,Tier 3 (Address + Income Verified),Female,55+,79.49975597,TRUE,Mobile App (iOS)
val_2698,Amara Nwosu,Motorcycle Taxi Rider (Boda-Boda/Okada),1350,Tier 0 (Unverified),Female,25-34,72.18098128,TRUE,Web
val_2699,Babatunde Fashola,Freelance Creative,1257,Tier 3 (Address + Income Verified),Prefer Not to Say,25-34,47.70964823,TRUE,Mobile App (Android)
val_2700,Palesa Motsepe,E-commerce Reseller,1664,Tier 1 (Phone Verified),Male,55+,77.46318975,TRUE,WhatsApp Bot
val_2701,Nomvula Khumalo,Mobile Money Agent,1410,Tier 1 (Phone Verified),Male,35-44,96.57783876,TRUE,USSD
val_2702,Yusuf Musa,E-commerce Reseller,1136,Tier 0 (Unverified),Non-Binary,35-44,20.06073758,FALSE,Web
val_2703,Zanele Mokoena,Freelance Creative,1678,Tier 0 (Unverified),Female,35-44,1.75094145,FALSE,Mobile App (iOS)
val_2704,Tunde Adeyemi,Tutor / Private Instructor,186,Tier 1 (Phone Verified),Prefer Not to Say,45-54,82.14544063,FALSE,Agent
val_2705,Grace Wanjiku,Market Trader,1393,Tier 0 (Unverified),Male,25-34,40.35870728,FALSE,Mobile App (Android)
val_2706,Kojo Ofori,Logistics Driver (Truck/Van),716,Tier 2 (ID Verified),Female,45-54,54.44024935,TRUE,Mobile App (iOS)
val_2707,Samuel Kamau,Market Trader,791,Tier 2 (ID Verified),Male,25-34,22.24623207,FALSE,Mobile App (iOS)
val_2708,Adwoa Acheampong,Mobile Money Agent,1427,Tier 1 (Phone Verified),Male,35-44,84.17887619,TRUE,Mobile App (Android)
val_2709,Lungelo Zulu,On-Demand Handyman,499,Tier 2 (ID Verified),Female,18-24,72.12062491,TRUE,USSD
val_2710,Tunde Adeyemi,Food Delivery Courier,1613,Tier 2 (ID Verified),Non-Binary,18-24,95.33666282,FALSE,Mobile App (iOS)
val_2711,Chukwuemeka Okonkwo,Food Delivery Courier,912,Tier 0 (Unverified),Male,35-44,47.52518716,TRUE,Mobile App (iOS)
val_2712,Bongani Ndlovu,Market Trader,637,Tier 1 (Phone Verified),Prefer Not to Say,18-24,97.65650128,TRUE,Web
val_2713,Kwame Asante,Logistics Driver (Truck/Van),599,Tier 3 (Address + Income Verified),Non-Binary,55+,51.0855393,FALSE,Mobile App (iOS)
val_2714,Kwame Asante,Delivery Rider,768,Tier 0 (Unverified),Female,55+,62.14220909,TRUE,Agent
val_2715,James Kipkoech,Mobile Money Agent,1721,Tier 3 (Address + Income Verified),Prefer Not to Say,25-34,67.41274398,FALSE,Mobile App (iOS)
val_2716,Mary Wairimu,Agricultural Day Labourer,187,Tier 3 (Address + Income Verified),Female,25-34,48.97714557,TRUE,Mobile App (iOS)
val_2717,Efua Antwi,Agricultural Day Labourer,927,Tier 1 (Phone Verified),Male,35-44,56.2780191,TRUE,Web
val_2718,Abena Boateng,Mobile Money Agent,1524,Tier 1 (Phone Verified),Prefer Not to Say,25-34,22.33070647,TRUE,Web
val_2719,Emeka Obi,Motorcycle Taxi Rider (Boda-Boda/Okada),861,Tier 0 (Unverified),Male,55+,36.23630581,TRUE,WhatsApp Bot
val_2720,Akosua Sarpong,Ride-Hailing Driver,1033,Tier 2 (ID Verified),Prefer Not to Say,18-24,70.19932451,TRUE,Mobile App (iOS)
val_2721,Nana Adjei,E-commerce Reseller,635,Tier 0 (Unverified),Prefer Not to Say,35-44,3.898896002,TRUE,USSD
val_2722,Babatunde Fashola,Logistics Driver (Truck/Van),248,Tier 3 (Address + Income Verified),Prefer Not to Say,18-24,70.041312,FALSE,Agent
val_2723,Faith Achieng,Ride-Hailing Driver,1167,Tier 1 (Phone Verified),Female,55+,30.37756445,FALSE,Mobile App (iOS)
val_2724,Nomvula Khumalo,Online Freelancer (Tech/Design),1679,Tier 3 (Address + Income Verified),Non-Binary,18-24,27.18358364,TRUE,USSD
val_2725,Yaw Darko,Agricultural Day Labourer,949,Tier 3 (Address + Income Verified),Prefer Not to Say,35-44,69.34884644,FALSE,WhatsApp Bot
val_2726,Amara Nwosu,Ride-Hailing Driver,788,Tier 1 (Phone Verified),Male,55+,21.49451627,TRUE,Agent
val_2727,Aisha Bello,Market Trader,235,Tier 2 (ID Verified),Female,35-44,96.16834359,FALSE,Agent
val_2728,Abena Boateng,Food Delivery Courier,1725,Tier 0 (Unverified),Female,18-24,99.06790337,TRUE,Agent
val_2729,James Kipkoech,Tutor / Private Instructor,1587,Tier 0 (Unverified),Non-Binary,18-24,45.81004079,FALSE,WhatsApp Bot
val_2730,Lerato Molefe,Domestic Worker,1646,Tier 2 (ID Verified),Non-Binary,45-54,40.14183358,TRUE,Web
val_2731,Kwame Asante,Freelance Creative,655,Tier 1 (Phone Verified),Prefer Not to Say,18-24,7.90374564,FALSE,Web
val_2732,Bongani Ndlovu,Freelance Creative,1141,Tier 1 (Phone Verified),Female,25-34,77.82186838,FALSE,Web
val_2733,Yusuf Musa,Domestic Worker,789,Tier 0 (Unverified),Male,45-54,16.27239965,TRUE,Web
val_2734,Mary Wairimu,Ride-Hailing Driver,428,Tier 3 (Address + Income Verified),Male,25-34,93.30478605,TRUE,Web
val_2735,Amara Nwosu,Food Delivery Courier,375,Tier 1 (Phone Verified),Prefer Not to Say,55+,99.0592739,TRUE,USSD
val_2736,Kofi Mensah,Delivery Rider,700,Tier 1 (Phone Verified),Female,45-54,12.24097801,TRUE,Mobile App (iOS)
val_2737,Fatima Abdullahi,On-Demand Handyman,1010,Tier 1 (Phone Verified),Non-Binary,18-24,68.30058821,TRUE,Mobile App (Android)
val_2738,Lydia Chebet,Agricultural Day Labourer,222,Tier 1 (Phone Verified),Non-Binary,55+,46.59919916,FALSE,WhatsApp Bot
val_2739,Esther Njeri,E-commerce Reseller,1281,Tier 2 (ID Verified),Prefer Not to Say,55+,54.11458542,FALSE,Agent
val_2740,Fatima Abdullahi,Delivery Rider,835,Tier 3 (Address + Income Verified),Male,25-34,17.95746797,TRUE,Agent
val_2741,Ngozi Eze,Market Trader,1609,Tier 2 (ID Verified),Male,25-34,72.35208994,FALSE,Agent
val_2742,Kwame Asante,Logistics Driver (Truck/Van),509,Tier 0 (Unverified),Non-Binary,25-34,16.6612721,TRUE,Web
val_2743,Bongani Ndlovu,Food Delivery Courier,94,Tier 3 (Address + Income Verified),Female,35-44,88.52999777,FALSE,Web
val_2744,Fatima Abdullahi,Delivery Rider,569,Tier 1 (Phone Verified),Prefer Not to Say,35-44,45.39746143,FALSE,Mobile App (Android)
val_2745,Kevin Odhiambo,Motorcycle Taxi Rider (Boda-Boda/Okada),1777,Tier 0 (Unverified),Male,55+,63.48680994,FALSE,WhatsApp Bot
val_2746,Yusuf Musa,Logistics Driver (Truck/Van),587,Tier 0 (Unverified),Female,45-54,92.1791107,FALSE,Web
val_2747,Thabo Nkosi,Motorcycle Taxi Rider (Boda-Boda/Okada),1285,Tier 3 (Address + Income Verified),Prefer Not to Say,55+,73.79395048,TRUE,Mobile App (Android)
val_2748,Kevin Odhiambo,Domestic Worker,1539,Tier 1 (Phone Verified),Prefer Not to Say,25-34,54.08478834,FALSE,Agent
val_2749,Lerato Molefe,Tutor / Private Instructor,519,Tier 0 (Unverified),Male,35-44,40.26776478,TRUE,Mobile App (iOS)
val_2750,Chidinma Okeke,On-Demand Handyman,1173,Tier 3 (Address + Income Verified),Prefer Not to Say,18-24,46.2135122,TRUE,Mobile App (iOS)
val_2751,Ngozi Eze,Mobile Money Agent,373,Tier 1 (Phone Verified),Male,25-34,34.16730596,FALSE,WhatsApp Bot
val_2752,Abena Boateng,Food Delivery Courier,661,Tier 3 (Address + Income Verified),Male,35-44,94.61838253,TRUE,Mobile App (Android)
val_2753,Nana Adjei,Ride-Hailing Driver,540,Tier 3 (Address + Income Verified),Prefer Not to Say,18-24,25.28578441,FALSE,WhatsApp Bot
val_2754,Thandeka Mthembu,Delivery Rider,1227,Tier 0 (Unverified),Male,55+,40.93462826,TRUE,Agent
val_2755,Lungelo Zulu,Tutor / Private Instructor,1599,Tier 2 (ID Verified),Female,25-34,77.82239247,TRUE,Web
val_2756,Palesa Motsepe,Delivery Rider,460,Tier 2 (ID Verified),Male,18-24,36.43416726,FALSE,Web
val_2757,Akosua Sarpong,Ride-Hailing Driver,532,Tier 0 (Unverified),Non-Binary,45-54,88.66108964,TRUE,Agent
val_2758,David Mwangi,Logistics Driver (Truck/Van),1499,Tier 1 (Phone Verified),Male,18-24,24.30726401,FALSE,Mobile App (Android)
val_2759,Mary Wairimu,Mobile Money Agent,845,Tier 1 (Phone Verified),Female,25-34,3.134484171,FALSE,WhatsApp Bot
val_2760,Amara Nwosu,Market Trader,936,Tier 0 (Unverified),Female,18-24,62.87511123,FALSE,Agent
val_2761,Mary Wairimu,Agricultural Day Labourer,1288,Tier 2 (ID Verified),Non-Binary,45-54,50.82534577,FALSE,Mobile App (iOS)
val_2762,David Mwangi,E-commerce Reseller,251,Tier 1 (Phone Verified),Female,55+,93.30580799,FALSE,Mobile App (Android)
val_2763,Aisha Bello,Online Freelancer (Tech/Design),1592,Tier 3 (Address + Income Verified),Male,18-24,42.31323259,FALSE,USSD
val_2764,Yusuf Musa,E-commerce Reseller,666,Tier 3 (Address + Income Verified),Female,35-44,13.5590258,FALSE,Mobile App (Android)
val_2765,Ama Owusu,Agricultural Day Labourer,1202,Tier 2 (ID Verified),Female,35-44,32.97455372,TRUE,USSD
val_2766,David Mwangi,Online Freelancer (Tech/Design),789,Tier 0 (Unverified),Female,45-54,39.321181,FALSE,WhatsApp Bot
val_2767,Thandeka Mthembu,Mobile Money Agent,1375,Tier 0 (Unverified),Non-Binary,25-34,58.31318138,TRUE,Mobile App (iOS)
val_2768,Lydia Chebet,Freelance Creative,1116,Tier 0 (Unverified),Female,35-44,27.45004911,TRUE,Agent
val_2769,Lerato Molefe,Tutor / Private Instructor,316,Tier 1 (Phone Verified),Female,35-44,55.03133202,TRUE,Web
val_2770,Nana Adjei,Food Delivery Courier,343,Tier 3 (Address + Income Verified),Prefer Not to Say,18-24,90.80458656,FALSE,WhatsApp Bot
val_2771,Aisha Bello,Ride-Hailing Driver,1602,Tier 0 (Unverified),Female,35-44,42.37303498,TRUE,Mobile App (iOS)
val_2772,Yusuf Musa,Domestic Worker,948,Tier 2 (ID Verified),Female,35-44,65.15694939,TRUE,USSD
val_2773,Kojo Ofori,Tutor / Private Instructor,503,Tier 0 (Unverified),Male,55+,22.88985871,FALSE,Agent
val_2774,Ama Owusu,Motorcycle Taxi Rider (Boda-Boda/Okada),261,Tier 1 (Phone Verified),Non-Binary,35-44,80.1327045,TRUE,WhatsApp Bot
val_2775,Samuel Kamau,Logistics Driver (Truck/Van),234,Tier 2 (ID Verified),Non-Binary,55+,26.96706304,FALSE,Mobile App (iOS)
val_2776,Kwame Asante,Logistics Driver (Truck/Van),1679,Tier 3 (Address + Income Verified),Non-Binary,25-34,57.98027935,FALSE,USSD
val_2777,Mpho Sithole,Online Freelancer (Tech/Design),1782,Tier 3 (Address + Income Verified),Male,45-54,30.02474697,FALSE,Web
val_2778,Faith Achieng,Mobile Money Agent,718,Tier 2 (ID Verified),Female,55+,6.740235006,TRUE,Agent
val_2779,Aisha Bello,Food Delivery Courier,368,Tier 0 (Unverified),Female,18-24,31.96627406,TRUE,USSD
val_2780,Samuel Kamau,E-commerce Reseller,764,Tier 1 (Phone Verified),Prefer Not to Say,35-44,21.20306607,FALSE,USSD
val_2781,Bongani Ndlovu,Delivery Rider,249,Tier 3 (Address + Income Verified),Female,55+,89.26737684,TRUE,Agent
val_2782,Sipho Dlamini,Logistics Driver (Truck/Van),1003,Tier 0 (Unverified),Female,35-44,26.61621146,FALSE,USSD
val_2783,Zanele Mokoena,On-Demand Handyman,1143,Tier 2 (ID Verified),Female,55+,97.44231818,FALSE,Mobile App (Android)
val_2784,Mpho Sithole,E-commerce Reseller,1799,Tier 2 (ID Verified),Prefer Not to Say,35-44,49.23458117,TRUE,Mobile App (Android)
val_2785,Babatunde Fashola,E-commerce Reseller,582,Tier 3 (Address + Income Verified),Non-Binary,55+,22.10649666,TRUE,Mobile App (iOS)
val_2786,Grace Wanjiku,Agricultural Day Labourer,361,Tier 0 (Unverified),Prefer Not to Say,45-54,39.13441332,TRUE,Web
val_2787,Tunde Adeyemi,E-commerce Reseller,243,Tier 0 (Unverified),Female,35-44,18.34311175,TRUE,Mobile App (iOS)
val_2788,Chukwuemeka Okonkwo,Logistics Driver (Truck/Van),688,Tier 0 (Unverified),Prefer Not to Say,25-34,83.36832538,TRUE,WhatsApp Bot
val_2789,Zanele Mokoena,Online Freelancer (Tech/Design),1097,Tier 1 (Phone Verified),Prefer Not to Say,18-24,11.99692693,TRUE,Agent
val_2790,Bongani Ndlovu,Tutor / Private Instructor,121,Tier 2 (ID Verified),Non-Binary,25-34,87.35277515,FALSE,Mobile App (iOS)
val_2791,Emeka Obi,On-Demand Handyman,1385,Tier 0 (Unverified),Non-Binary,45-54,4.591704845,TRUE,Agent
val_2792,Kojo Ofori,Informal Vendor,840,Tier 2 (ID Verified),Prefer Not to Say,35-44,29.96079315,FALSE,USSD
val_2793,Ama Owusu,Freelance Creative,1448,Tier 0 (Unverified),Prefer Not to Say,25-34,13.98867202,TRUE,WhatsApp Bot
val_2794,Tunde Adeyemi,Ride-Hailing Driver,846,Tier 2 (ID Verified),Female,35-44,68.52655459,FALSE,Mobile App (Android)
val_2795,Mpho Sithole,Mobile Money Agent,283,Tier 1 (Phone Verified),Non-Binary,25-34,51.2321731,TRUE,WhatsApp Bot
val_2796,Lungelo Zulu,Online Freelancer (Tech/Design),39,Tier 3 (Address + Income Verified),Female,55+,93.93395728,TRUE,Agent
val_2797,Kofi Mensah,Delivery Rider,1016,Tier 1 (Phone Verified),Male,25-34,36.61807611,FALSE,Mobile App (Android)
val_2798,Kojo Ofori,Domestic Worker,985,Tier 3 (Address + Income Verified),Female,35-44,4.07490935,FALSE,Mobile App (iOS)
val_2799,Faith Achieng,Delivery Rider,1485,Tier 0 (Unverified),Prefer Not to Say,35-44,76.16590632,TRUE,USSD
val_2800,Nomvula Khumalo,Mobile Money Agent,1601,Tier 0 (Unverified),Prefer Not to Say,45-54,57.95006497,FALSE,Agent
val_2801,Mary Wairimu,Delivery Rider,294,Tier 0 (Unverified),Prefer Not to Say,25-34,82.74353052,FALSE,USSD
val_2802,Thandeka Mthembu,Informal Vendor,574,Tier 1 (Phone Verified),Prefer Not to Say,18-24,42.61385721,FALSE,Agent
val_2803,Tunde Adeyemi,Logistics Driver (Truck/Van),379,Tier 3 (Address + Income Verified),Non-Binary,45-54,73.81811614,FALSE,Mobile App (Android)
val_2804,Emeka Obi,Informal Vendor,194,Tier 0 (Unverified),Prefer Not to Say,35-44,17.10657061,FALSE,USSD
val_2805,Lerato Molefe,Agricultural Day Labourer,4,Tier 3 (Address + Income Verified),Male,45-54,99.95265548,FALSE,Mobile App (Android)
val_2806,Grace Wanjiku,Food Delivery Courier,150,Tier 2 (ID Verified),Female,35-44,17.36469749,TRUE,USSD
val_2807,Samuel Kamau,E-commerce Reseller,957,Tier 1 (Phone Verified),Male,35-44,82.98006277,FALSE,WhatsApp Bot
val_2808,Nomvula Khumalo,Motorcycle Taxi Rider (Boda-Boda/Okada),277,Tier 1 (Phone Verified),Prefer Not to Say,55+,21.2438169,FALSE,WhatsApp Bot
val_2809,Fatima Abdullahi,Market Trader,355,Tier 3 (Address + Income Verified),Non-Binary,18-24,78.25079846,TRUE,WhatsApp Bot
val_2810,Kwame Asante,E-commerce Reseller,215,Tier 2 (ID Verified),Prefer Not to Say,18-24,86.1252417,TRUE,Web
val_2811,Grace Wanjiku,Agricultural Day Labourer,1322,Tier 0 (Unverified),Female,55+,87.66409062,TRUE,Mobile App (Android)
val_2812,Fatima Abdullahi,Motorcycle Taxi Rider (Boda-Boda/Okada),1160,Tier 3 (Address + Income Verified),Female,55+,47.57184469,FALSE,Web
val_2813,Lerato Molefe,Logistics Driver (Truck/Van),1757,Tier 1 (Phone Verified),Non-Binary,35-44,42.88129731,FALSE,Web
val_2814,Fatima Abdullahi,Mobile Money Agent,203,Tier 0 (Unverified),Non-Binary,35-44,83.37911301,FALSE,Mobile App (Android)
val_2815,Ngozi Eze,Online Freelancer (Tech/Design),381,Tier 3 (Address + Income Verified),Female,35-44,57.9489223,FALSE,WhatsApp Bot
val_2816,Nana Adjei,E-commerce Reseller,832,Tier 3 (Address + Income Verified),Female,55+,62.12768315,FALSE,WhatsApp Bot
val_2817,Lungelo Zulu,Domestic Worker,1185,Tier 1 (Phone Verified),Non-Binary,35-44,23.60671212,TRUE,Mobile App (iOS)
val_2818,Amara Nwosu,Agricultural Day Labourer,237,Tier 2 (ID Verified),Male,45-54,44.61570142,FALSE,Agent
val_2819,Kojo Ofori,Logistics Driver (Truck/Van),386,Tier 0 (Unverified),Male,25-34,36.94488881,TRUE,WhatsApp Bot
val_2820,Ama Owusu,Delivery Rider,769,Tier 3 (Address + Income Verified),Male,25-34,66.53215591,FALSE,Mobile App (Android)
val_2821,Zanele Mokoena,E-commerce Reseller,32,Tier 1 (Phone Verified),Male,45-54,19.648328,FALSE,WhatsApp Bot
val_2822,Amara Nwosu,Ride-Hailing Driver,721,Tier 1 (Phone Verified),Male,25-34,40.57519267,TRUE,Mobile App (Android)
val_2823,Thandeka Mthembu,E-commerce Reseller,1385,Tier 2 (ID Verified),Male,18-24,84.8732059,FALSE,WhatsApp Bot
val_2824,Yaw Darko,Logistics Driver (Truck/Van),961,Tier 1 (Phone Verified),Male,18-24,54.64456771,FALSE,Mobile App (Android)
val_2825,Zanele Mokoena,Logistics Driver (Truck/Van),792,Tier 2 (ID Verified),Prefer Not to Say,55+,89.60439773,FALSE,Web
val_2826,David Mwangi,Freelance Creative,890,Tier 2 (ID Verified),Male,25-34,23.2527444,TRUE,Agent
val_2827,Bongani Ndlovu,Market Trader,1728,Tier 1 (Phone Verified),Non-Binary,18-24,43.99033366,FALSE,Mobile App (iOS)
val_2828,Akosua Sarpong,Domestic Worker,950,Tier 3 (Address + Income Verified),Male,55+,50.04162232,TRUE,Mobile App (iOS)
val_2829,Amara Nwosu,Market Trader,975,Tier 1 (Phone Verified),Prefer Not to Say,55+,40.05674073,FALSE,Mobile App (Android)
val_2830,Mpho Sithole,Delivery Rider,1699,Tier 3 (Address + Income Verified),Male,35-44,68.44935623,FALSE,Web
val_2831,Nomvula Khumalo,Freelance Creative,287,Tier 1 (Phone Verified),Non-Binary,45-54,14.87198116,FALSE,WhatsApp Bot
val_2832,Samuel Kamau,Mobile Money Agent,175,Tier 2 (ID Verified),Non-Binary,45-54,51.94003902,TRUE,Agent
val_2833,Ama Owusu,E-commerce Reseller,821,Tier 2 (ID Verified),Prefer Not to Say,18-24,13.87723505,FALSE,Mobile App (Android)
val_2834,Faith Achieng,Online Freelancer (Tech/Design),581,Tier 3 (Address + Income Verified),Non-Binary,25-34,62.91974888,TRUE,Web
val_2835,Ama Owusu,Domestic Worker,370,Tier 0 (Unverified),Non-Binary,35-44,83.02481333,FALSE,Mobile App (iOS)
val_2836,Lerato Molefe,Market Trader,218,Tier 0 (Unverified),Prefer Not to Say,35-44,1.999704669,TRUE,WhatsApp Bot
val_2837,Palesa Motsepe,On-Demand Handyman,1603,Tier 3 (Address + Income Verified),Prefer Not to Say,25-34,45.69362217,TRUE,Mobile App (Android)
val_2838,Yusuf Musa,Informal Vendor,1121,Tier 3 (Address + Income Verified),Female,18-24,49.27035918,TRUE,Agent
val_2839,Lerato Molefe,Mobile Money Agent,1261,Tier 2 (ID Verified),Prefer Not to Say,55+,72.02542107,FALSE,Mobile App (iOS)
val_2840,Mary Wairimu,E-commerce Reseller,215,Tier 1 (Phone Verified),Prefer Not to Say,45-54,7.471993198,TRUE,WhatsApp Bot
val_2841,Kojo Ofori,Food Delivery Courier,623,Tier 1 (Phone Verified),Non-Binary,45-54,40.60207813,FALSE,USSD
val_2842,Sipho Dlamini,Logistics Driver (Truck/Van),1133,Tier 2 (ID Verified),Prefer Not to Say,35-44,78.54812312,FALSE,Agent
val_2843,Lydia Chebet,Online Freelancer (Tech/Design),963,Tier 2 (ID Verified),Male,35-44,53.21445615,FALSE,Web
val_2844,James Kipkoech,Delivery Rider,1268,Tier 1 (Phone Verified),Non-Binary,35-44,74.98461881,TRUE,Mobile App (iOS)
val_2845,James Kipkoech,Market Trader,1222,Tier 0 (Unverified),Non-Binary,35-44,36.40097803,TRUE,Agent
val_2846,Lungelo Zulu,Freelance Creative,754,Tier 0 (Unverified),Prefer Not to Say,45-54,92.00876819,TRUE,Mobile App (Android)
val_2847,Faith Achieng,Online Freelancer (Tech/Design),1429,Tier 1 (Phone Verified),Male,55+,7.734525822,FALSE,Mobile App (iOS)
val_2848,Grace Wanjiku,Ride-Hailing Driver,474,Tier 2 (ID Verified),Prefer Not to Say,45-54,9.11644058,FALSE,WhatsApp Bot
val_2849,David Mwangi,Food Delivery Courier,146,Tier 1 (Phone Verified),Male,45-54,52.84859049,TRUE,Mobile App (iOS)
val_2850,Fatima Abdullahi,Freelance Creative,1667,Tier 2 (ID Verified),Female,18-24,47.0823849,FALSE,Mobile App (Android)
val_2851,Faith Achieng,Domestic Worker,41,Tier 1 (Phone Verified),Non-Binary,35-44,63.84675275,FALSE,Agent
val_2852,Babatunde Fashola,Food Delivery Courier,517,Tier 1 (Phone Verified),Female,55+,22.90561347,FALSE,Mobile App (iOS)
val_2853,Ngozi Eze,Domestic Worker,208,Tier 2 (ID Verified),Prefer Not to Say,25-34,22.6028291,TRUE,Web
val_2854,Kojo Ofori,Informal Vendor,423,Tier 2 (ID Verified),Prefer Not to Say,35-44,74.91095678,TRUE,USSD
val_2855,Ngozi Eze,Logistics Driver (Truck/Van),721,Tier 3 (Address + Income Verified),Male,25-34,29.17652007,FALSE,WhatsApp Bot
val_2856,Kofi Mensah,Motorcycle Taxi Rider (Boda-Boda/Okada),236,Tier 3 (Address + Income Verified),Female,18-24,72.72917352,TRUE,Web
val_2857,Nomvula Khumalo,Delivery Rider,852,Tier 1 (Phone Verified),Male,45-54,64.07069851,FALSE,WhatsApp Bot
val_2858,Kojo Ofori,Motorcycle Taxi Rider (Boda-Boda/Okada),1693,Tier 2 (ID Verified),Non-Binary,25-34,8.332715333,FALSE,Mobile App (iOS)
val_2859,Mary Wairimu,Online Freelancer (Tech/Design),249,Tier 1 (Phone Verified),Prefer Not to Say,35-44,71.11296397,TRUE,Mobile App (iOS)
val_2860,Fatima Abdullahi,On-Demand Handyman,1691,Tier 3 (Address + Income Verified),Non-Binary,35-44,87.95153746,TRUE,Mobile App (iOS)
val_2861,Bongani Ndlovu,E-commerce Reseller,750,Tier 2 (ID Verified),Male,55+,81.66462573,FALSE,WhatsApp Bot
val_2862,Zanele Mokoena,Informal Vendor,1081,Tier 3 (Address + Income Verified),Male,55+,0.886186589,TRUE,USSD
val_2863,Yaw Darko,Domestic Worker,806,Tier 1 (Phone Verified),Male,35-44,53.97139061,FALSE,Agent
val_2864,Ngozi Eze,Food Delivery Courier,578,Tier 0 (Unverified),Female,18-24,91.33372118,TRUE,Mobile App (Android)
val_2865,Aisha Bello,E-commerce Reseller,199,Tier 0 (Unverified),Non-Binary,35-44,59.87256742,TRUE,Agent
val_2866,Samuel Kamau,Agricultural Day Labourer,1083,Tier 2 (ID Verified),Male,55+,29.03260707,FALSE,WhatsApp Bot
val_2867,Emeka Obi,Ride-Hailing Driver,1673,Tier 3 (Address + Income Verified),Prefer Not to Say,35-44,19.4544642,TRUE,Web
val_2868,Lungelo Zulu,On-Demand Handyman,950,Tier 2 (ID Verified),Female,35-44,68.49475294,FALSE,USSD
val_2869,Yusuf Musa,E-commerce Reseller,1094,Tier 3 (Address + Income Verified),Non-Binary,45-54,77.12539347,TRUE,Mobile App (iOS)
val_2870,Grace Wanjiku,Motorcycle Taxi Rider (Boda-Boda/Okada),1175,Tier 1 (Phone Verified),Non-Binary,35-44,91.25847649,TRUE,USSD
val_2871,Thandeka Mthembu,Food Delivery Courier,709,Tier 3 (Address + Income Verified),Non-Binary,35-44,90.57165835,FALSE,Mobile App (iOS)
val_2872,Thabo Nkosi,Mobile Money Agent,220,Tier 3 (Address + Income Verified),Female,35-44,33.92801661,TRUE,Mobile App (Android)
val_2873,Yusuf Musa,Market Trader,925,Tier 0 (Unverified),Female,55+,60.38769315,TRUE,Web
val_2874,Faith Achieng,Freelance Creative,1586,Tier 3 (Address + Income Verified),Female,35-44,10.15191859,TRUE,Agent
val_2875,Kwame Asante,On-Demand Handyman,573,Tier 0 (Unverified),Male,25-34,9.446255016,TRUE,Mobile App (Android)
val_2876,Nana Adjei,Mobile Money Agent,1591,Tier 2 (ID Verified),Female,35-44,7.14685668,TRUE,WhatsApp Bot
val_2877,Bongani Ndlovu,E-commerce Reseller,1560,Tier 1 (Phone Verified),Prefer Not to Say,45-54,92.71442461,TRUE,Web
val_2878,Lungelo Zulu,Informal Vendor,447,Tier 1 (Phone Verified),Prefer Not to Say,55+,15.24324262,TRUE,Agent
val_2879,Thandeka Mthembu,Motorcycle Taxi Rider (Boda-Boda/Okada),1049,Tier 3 (Address + Income Verified),Prefer Not to Say,55+,48.23261985,TRUE,Mobile App (iOS)
val_2880,Aisha Bello,Market Trader,1365,Tier 2 (ID Verified),Female,45-54,43.30723648,TRUE,Mobile App (Android)
val_2881,Chidinma Okeke,Motorcycle Taxi Rider (Boda-Boda/Okada),903,Tier 0 (Unverified),Female,45-54,32.47711096,TRUE,Agent
val_2882,Kofi Mensah,Online Freelancer (Tech/Design),1277,Tier 0 (Unverified),Male,35-44,53.77306524,TRUE,Web
val_2883,Aisha Bello,Delivery Rider,1663,Tier 0 (Unverified),Female,25-34,0.279089047,FALSE,WhatsApp Bot
val_2884,David Mwangi,Logistics Driver (Truck/Van),1145,Tier 1 (Phone Verified),Non-Binary,35-44,38.01493383,FALSE,Web
val_2885,Emeka Obi,Delivery Rider,1530,Tier 0 (Unverified),Female,45-54,47.93440605,TRUE,USSD
val_2886,Bongani Ndlovu,Freelance Creative,1462,Tier 1 (Phone Verified),Non-Binary,35-44,80.33043862,TRUE,WhatsApp Bot
val_2887,Tunde Adeyemi,On-Demand Handyman,1484,Tier 3 (Address + Income Verified),Male,25-34,70.09634293,FALSE,Mobile App (Android)
val_2888,Amara Nwosu,Logistics Driver (Truck/Van),1556,Tier 3 (Address + Income Verified),Female,18-24,84.9761804,FALSE,USSD
val_2889,Fatima Abdullahi,Delivery Rider,411,Tier 3 (Address + Income Verified),Female,18-24,37.62982353,FALSE,Agent
val_2890,Amara Nwosu,Food Delivery Courier,33,Tier 1 (Phone Verified),Female,35-44,14.09055278,TRUE,Mobile App (iOS)
val_2891,Kofi Mensah,Online Freelancer (Tech/Design),279,Tier 2 (ID Verified),Male,45-54,40.10564639,FALSE,USSD
val_2892,David Mwangi,Freelance Creative,455,Tier 3 (Address + Income Verified),Female,45-54,96.30596339,FALSE,Mobile App (Android)
val_2893,Mpho Sithole,Food Delivery Courier,1260,Tier 0 (Unverified),Prefer Not to Say,55+,21.43275941,TRUE,Mobile App (Android)
val_2894,Brian Otieno,Informal Vendor,931,Tier 3 (Address + Income Verified),Prefer Not to Say,45-54,17.4755363,TRUE,Mobile App (iOS)
val_2895,Ama Owusu,Motorcycle Taxi Rider (Boda-Boda/Okada),855,Tier 2 (ID Verified),Female,18-24,94.43372762,FALSE,Web
val_2896,Nana Adjei,Online Freelancer (Tech/Design),16,Tier 1 (Phone Verified),Female,55+,94.99230848,FALSE,Web
val_2897,Akosua Sarpong,Online Freelancer (Tech/Design),1248,Tier 1 (Phone Verified),Non-Binary,55+,14.92368544,FALSE,USSD
val_2898,Nomvula Khumalo,Logistics Driver (Truck/Van),665,Tier 1 (Phone Verified),Female,55+,76.94528616,FALSE,Mobile App (Android)
val_2899,Yusuf Musa,Freelance Creative,1388,Tier 0 (Unverified),Non-Binary,35-44,42.97425042,FALSE,Agent
val_2900,Kwame Asante,Motorcycle Taxi Rider (Boda-Boda/Okada),205,Tier 0 (Unverified),Female,25-34,49.2215716,FALSE,Web
val_2901,Thabo Nkosi,Mobile Money Agent,539,Tier 1 (Phone Verified),Prefer Not to Say,55+,49.86881465,TRUE,USSD
val_2902,Lungelo Zulu,Market Trader,99,Tier 0 (Unverified),Non-Binary,18-24,96.83715611,TRUE,Mobile App (iOS)
val_2903,Yaw Darko,Tutor / Private Instructor,519,Tier 2 (ID Verified),Prefer Not to Say,45-54,18.46611143,TRUE,USSD
val_2904,Nana Adjei,On-Demand Handyman,1686,Tier 1 (Phone Verified),Prefer Not to Say,55+,77.30637353,FALSE,Mobile App (iOS)
val_2905,Lungelo Zulu,Tutor / Private Instructor,896,Tier 1 (Phone Verified),Female,55+,0.567410836,FALSE,Mobile App (iOS)
val_2906,Yaw Darko,Informal Vendor,802,Tier 0 (Unverified),Female,35-44,62.86101069,FALSE,Mobile App (Android)
val_2907,Bongani Ndlovu,Agricultural Day Labourer,499,Tier 3 (Address + Income Verified),Male,55+,65.26779767,TRUE,WhatsApp Bot
val_2908,Amara Nwosu,Motorcycle Taxi Rider (Boda-Boda/Okada),483,Tier 2 (ID Verified),Non-Binary,55+,75.37062095,FALSE,Web
val_2909,Esther Njeri,Motorcycle Taxi Rider (Boda-Boda/Okada),1218,Tier 1 (Phone Verified),Non-Binary,55+,92.59623628,FALSE,Agent
val_2910,Babatunde Fashola,Ride-Hailing Driver,1798,Tier 2 (ID Verified),Female,25-34,75.38351057,FALSE,Web
val_2911,Ngozi Eze,Domestic Worker,1363,Tier 1 (Phone Verified),Male,45-54,73.21439858,FALSE,Mobile App (Android)
val_2912,James Kipkoech,Food Delivery Courier,1345,Tier 0 (Unverified),Prefer Not to Say,55+,25.37875163,FALSE,WhatsApp Bot
val_2913,Chidinma Okeke,Tutor / Private Instructor,861,Tier 2 (ID Verified),Male,25-34,99.28397092,FALSE,Mobile App (iOS)
val_2914,Kevin Odhiambo,Motorcycle Taxi Rider (Boda-Boda/Okada),180,Tier 3 (Address + Income Verified),Non-Binary,25-34,46.84088109,TRUE,Mobile App (iOS)
val_2915,Mary Wairimu,Tutor / Private Instructor,1321,Tier 2 (ID Verified),Male,25-34,41.74501023,FALSE,Agent
val_2916,Yaw Darko,Agricultural Day Labourer,1476,Tier 2 (ID Verified),Male,25-34,50.18775733,TRUE,Agent
val_2917,Bongani Ndlovu,Motorcycle Taxi Rider (Boda-Boda/Okada),932,Tier 0 (Unverified),Prefer Not to Say,45-54,39.40564558,FALSE,Agent
val_2918,Zanele Mokoena,Ride-Hailing Driver,167,Tier 2 (ID Verified),Non-Binary,55+,59.36375712,FALSE,Web
val_2919,Faith Achieng,Market Trader,1301,Tier 2 (ID Verified),Male,18-24,34.96245898,TRUE,Mobile App (Android)
val_2920,Esther Njeri,Market Trader,1681,Tier 1 (Phone Verified),Male,25-34,23.99448489,FALSE,Web
val_2921,Sipho Dlamini,Freelance Creative,410,Tier 0 (Unverified),Female,55+,92.79949018,TRUE,Mobile App (Android)
val_2922,Babatunde Fashola,E-commerce Reseller,291,Tier 3 (Address + Income Verified),Non-Binary,35-44,92.782848,FALSE,Mobile App (Android)
val_2923,Ama Owusu,Motorcycle Taxi Rider (Boda-Boda/Okada),1349,Tier 1 (Phone Verified),Female,25-34,49.62454128,FALSE,Mobile App (iOS)
val_2924,Kevin Odhiambo,Motorcycle Taxi Rider (Boda-Boda/Okada),605,Tier 1 (Phone Verified),Prefer Not to Say,45-54,96.21473439,TRUE,Agent
val_2925,Fatima Abdullahi,Agricultural Day Labourer,1305,Tier 2 (ID Verified),Non-Binary,55+,41.57171598,TRUE,Agent
val_2926,Yaw Darko,Tutor / Private Instructor,1283,Tier 1 (Phone Verified),Non-Binary,25-34,38.73788685,FALSE,USSD
val_2927,Samuel Kamau,Freelance Creative,486,Tier 2 (ID Verified),Female,35-44,91.69061357,FALSE,Web
val_2928,Fatima Abdullahi,Online Freelancer (Tech/Design),77,Tier 2 (ID Verified),Non-Binary,45-54,63.2917003,TRUE,Agent
val_2929,Nana Adjei,Market Trader,1015,Tier 1 (Phone Verified),Prefer Not to Say,55+,76.251737,TRUE,Agent
val_2930,Emeka Obi,Market Trader,744,Tier 0 (Unverified),Male,35-44,41.27438316,TRUE,Web
val_2931,Nana Adjei,Motorcycle Taxi Rider (Boda-Boda/Okada),1561,Tier 0 (Unverified),Non-Binary,55+,40.70016645,TRUE,Web
val_2932,Emeka Obi,Mobile Money Agent,653,Tier 3 (Address + Income Verified),Prefer Not to Say,45-54,8.330370488,FALSE,Mobile App (iOS)
val_2933,Mary Wairimu,E-commerce Reseller,455,Tier 2 (ID Verified),Female,35-44,96.67438846,FALSE,Mobile App (iOS)
val_2934,Thabo Nkosi,On-Demand Handyman,1570,Tier 1 (Phone Verified),Prefer Not to Say,35-44,22.79589668,TRUE,Mobile App (Android)
val_2935,Chidinma Okeke,Delivery Rider,1343,Tier 1 (Phone Verified),Female,45-54,49.42670636,FALSE,Agent
val_2936,Sipho Dlamini,Delivery Rider,1129,Tier 2 (ID Verified),Male,18-24,11.46102718,FALSE,Mobile App (Android)
val_2937,Kojo Ofori,Mobile Money Agent,1741,Tier 3 (Address + Income Verified),Prefer Not to Say,25-34,64.69536134,FALSE,Agent
val_2938,Mpho Sithole,Motorcycle Taxi Rider (Boda-Boda/Okada),1429,Tier 3 (Address + Income Verified),Female,25-34,39.08754502,TRUE,Mobile App (iOS)
val_2939,Emeka Obi,Delivery Rider,1581,Tier 2 (ID Verified),Prefer Not to Say,55+,76.76618741,TRUE,Mobile App (Android)
val_2940,Kojo Ofori,On-Demand Handyman,1458,Tier 1 (Phone Verified),Female,55+,52.83786545,FALSE,Mobile App (iOS)
val_2941,Bongani Ndlovu,Tutor / Private Instructor,733,Tier 3 (Address + Income Verified),Female,55+,12.94793152,TRUE,WhatsApp Bot
val_2942,Sipho Dlamini,Domestic Worker,113,Tier 3 (Address + Income Verified),Non-Binary,18-24,1.074050859,TRUE,Agent
val_2943,Fatima Abdullahi,Delivery Rider,1108,Tier 1 (Phone Verified),Female,25-34,21.24486823,FALSE,Mobile App (iOS)
val_2944,Thabo Nkosi,Tutor / Private Instructor,1396,Tier 3 (Address + Income Verified),Prefer Not to Say,25-34,72.43464948,TRUE,Mobile App (iOS)
val_2945,Babatunde Fashola,E-commerce Reseller,1810,Tier 3 (Address + Income Verified),Male,18-24,82.85141276,FALSE,Agent
val_2946,Abena Boateng,Agricultural Day Labourer,1244,Tier 3 (Address + Income Verified),Male,25-34,34.13350357,FALSE,USSD
val_2947,Lydia Chebet,Delivery Rider,1037,Tier 0 (Unverified),Male,35-44,53.59250712,TRUE,Agent
val_2948,Ama Owusu,Domestic Worker,1051,Tier 0 (Unverified),Female,55+,24.00132905,FALSE,USSD
val_2949,Kwame Asante,Motorcycle Taxi Rider (Boda-Boda/Okada),210,Tier 1 (Phone Verified),Male,18-24,88.04432409,FALSE,WhatsApp Bot
val_2950,Aisha Bello,On-Demand Handyman,13,Tier 3 (Address + Income Verified),Female,55+,96.52071459,TRUE,Agent
val_2951,Kwame Asante,Food Delivery Courier,82,Tier 0 (Unverified),Male,55+,75.29400237,TRUE,USSD
val_2952,Bongani Ndlovu,Online Freelancer (Tech/Design),1652,Tier 0 (Unverified),Prefer Not to Say,18-24,8.888672059,FALSE,Mobile App (iOS)
val_2953,Mary Wairimu,Ride-Hailing Driver,1443,Tier 0 (Unverified),Male,25-34,43.71185806,FALSE,WhatsApp Bot
val_2954,Grace Wanjiku,On-Demand Handyman,475,Tier 0 (Unverified),Prefer Not to Say,35-44,99.05056817,FALSE,WhatsApp Bot
val_2955,Thandeka Mthembu,Delivery Rider,773,Tier 3 (Address + Income Verified),Prefer Not to Say,55+,22.93848293,TRUE,USSD
val_2956,Ngozi Eze,Agricultural Day Labourer,883,Tier 2 (ID Verified),Non-Binary,45-54,67.04716702,TRUE,Mobile App (Android)
val_2957,Lydia Chebet,E-commerce Reseller,450,Tier 2 (ID Verified),Prefer Not to Say,55+,93.85634814,FALSE,USSD
val_2958,Kwame Asante,Tutor / Private Instructor,771,Tier 1 (Phone Verified),Prefer Not to Say,25-34,77.32033883,FALSE,Mobile App (iOS)
val_2959,Lydia Chebet,On-Demand Handyman,634,Tier 2 (ID Verified),Prefer Not to Say,55+,60.88601557,TRUE,WhatsApp Bot
val_2960,Mpho Sithole,Market Trader,1268,Tier 3 (Address + Income Verified),Non-Binary,55+,50.67051589,FALSE,Web
val_2961,Kevin Odhiambo,Motorcycle Taxi Rider (Boda-Boda/Okada),1382,Tier 2 (ID Verified),Non-Binary,35-44,92.88143623,FALSE,Mobile App (Android)
val_2962,Lerato Molefe,Domestic Worker,179,Tier 3 (Address + Income Verified),Female,18-24,39.47333671,TRUE,Mobile App (Android)
val_2963,Tunde Adeyemi,Mobile Money Agent,849,Tier 2 (ID Verified),Non-Binary,25-34,90.12689999,FALSE,Agent
val_2964,Adwoa Acheampong,Ride-Hailing Driver,1809,Tier 1 (Phone Verified),Female,18-24,43.1052929,FALSE,Agent
val_2965,Abena Boateng,Domestic Worker,1585,Tier 2 (ID Verified),Male,55+,75.65450238,TRUE,Mobile App (iOS)
val_2966,Chidinma Okeke,Food Delivery Courier,1449,Tier 3 (Address + Income Verified),Prefer Not to Say,25-34,91.57138993,FALSE,Mobile App (iOS)
val_2967,Chidinma Okeke,Food Delivery Courier,1341,Tier 3 (Address + Income Verified),Non-Binary,45-54,55.06429086,TRUE,WhatsApp Bot
val_2968,Kojo Ofori,Ride-Hailing Driver,7,Tier 1 (Phone Verified),Non-Binary,25-34,30.98798483,TRUE,Agent
val_2969,Akosua Sarpong,Market Trader,1778,Tier 2 (ID Verified),Female,55+,5.098671966,FALSE,Web
val_2970,Yaw Darko,Food Delivery Courier,1342,Tier 3 (Address + Income Verified),Prefer Not to Say,45-54,80.92599635,TRUE,WhatsApp Bot
val_2971,Tunde Adeyemi,Motorcycle Taxi Rider (Boda-Boda/Okada),1622,Tier 2 (ID Verified),Non-Binary,25-34,62.20099207,FALSE,Mobile App (iOS)
val_2972,Abena Boateng,Mobile Money Agent,1659,Tier 2 (ID Verified),Male,35-44,26.30456478,FALSE,Web
val_2973,Thandeka Mthembu,Food Delivery Courier,464,Tier 1 (Phone Verified),Prefer Not to Say,18-24,87.74116532,FALSE,Web
val_2974,Chukwuemeka Okonkwo,Delivery Rider,25,Tier 3 (Address + Income Verified),Prefer Not to Say,18-24,92.03027638,TRUE,Mobile App (Android)
val_2975,James Kipkoech,E-commerce Reseller,1203,Tier 3 (Address + Income Verified),Prefer Not to Say,55+,88.71660795,FALSE,Mobile App (Android)
val_2976,Lydia Chebet,Ride-Hailing Driver,838,Tier 0 (Unverified),Female,55+,60.15178984,TRUE,USSD
val_2977,Palesa Motsepe,Tutor / Private Instructor,37,Tier 0 (Unverified),Male,55+,97.65816072,TRUE,Agent
val_2978,Grace Wanjiku,E-commerce Reseller,494,Tier 0 (Unverified),Male,45-54,87.48056312,TRUE,Web
val_2979,Lydia Chebet,Tutor / Private Instructor,1809,Tier 1 (Phone Verified),Non-Binary,25-34,10.42604049,FALSE,Web
val_2980,Kojo Ofori,Online Freelancer (Tech/Design),663,Tier 0 (Unverified),Prefer Not to Say,18-24,98.1105976,FALSE,Mobile App (iOS)
val_2981,Tunde Adeyemi,Tutor / Private Instructor,476,Tier 3 (Address + Income Verified),Male,45-54,54.88063727,TRUE,Web
val_2982,Thabo Nkosi,Domestic Worker,1195,Tier 3 (Address + Income Verified),Non-Binary,25-34,92.00359036,FALSE,USSD
val_2983,Thabo Nkosi,Mobile Money Agent,1213,Tier 0 (Unverified),Male,18-24,76.03414348,FALSE,Agent
val_2984,Kojo Ofori,Agricultural Day Labourer,606,Tier 3 (Address + Income Verified),Prefer Not to Say,18-24,64.75666754,TRUE,Mobile App (iOS)
val_2985,Akosua Sarpong,Motorcycle Taxi Rider (Boda-Boda/Okada),1550,Tier 0 (Unverified),Male,35-44,32.66723817,FALSE,Web
val_2986,Adwoa Acheampong,Logistics Driver (Truck/Van),1059,Tier 3 (Address + Income Verified),Prefer Not to Say,55+,2.703002358,FALSE,WhatsApp Bot
val_2987,Nomvula Khumalo,Freelance Creative,293,Tier 1 (Phone Verified),Male,25-34,27.67362524,FALSE,Agent
val_2988,Mpho Sithole,Ride-Hailing Driver,593,Tier 0 (Unverified),Female,55+,68.58203229,TRUE,Agent
val_2989,Mary Wairimu,Food Delivery Courier,1548,Tier 1 (Phone Verified),Non-Binary,25-34,86.31149069,TRUE,WhatsApp Bot
val_2990,James Kipkoech,Food Delivery Courier,163,Tier 3 (Address + Income Verified),Prefer Not to Say,45-54,0.234659712,FALSE,Mobile App (iOS)
val_2991,Akosua Sarpong,Ride-Hailing Driver,22,Tier 3 (Address + Income Verified),Female,25-34,20.79737738,TRUE,USSD
val_2992,Fatima Abdullahi,Agricultural Day Labourer,1198,Tier 0 (Unverified),Prefer Not to Say,45-54,67.30677154,FALSE,Agent
val_2993,Lungelo Zulu,Motorcycle Taxi Rider (Boda-Boda/Okada),807,Tier 3 (Address + Income Verified),Male,25-34,28.36351043,FALSE,Mobile App (iOS)
val_2994,Sipho Dlamini,Logistics Driver (Truck/Van),461,Tier 1 (Phone Verified),Female,45-54,14.17028541,FALSE,Agent
val_2995,Akosua Sarpong,Mobile Money Agent,861,Tier 1 (Phone Verified),Prefer Not to Say,35-44,8.193609822,TRUE,Web
val_2996,Samuel Kamau,Agricultural Day Labourer,335,Tier 0 (Unverified),Female,18-24,63.78789968,FALSE,Agent
val_2997,Esther Njeri,Market Trader,683,Tier 3 (Address + Income Verified),Non-Binary,25-34,59.4859817,FALSE,Mobile App (Android)
val_2998,Mary Wairimu,Motorcycle Taxi Rider (Boda-Boda/Okada),427,Tier 3 (Address + Income Verified),Female,25-34,85.86135721,FALSE,Agent
val_2999,Nana Adjei,Delivery Rider,1070,Tier 2 (ID Verified),Female,35-44,31.48376672,FALSE,Mobile App (iOS)
val_3000,Nomvula Khumalo,On-Demand Handyman,1230,Tier 2 (ID Verified),Prefer Not to Say,25-34,13.67186183,TRUE,Mobile App (Android)
val_3001,Nana Adjei,Agricultural Day Labourer,1670,Tier 3 (Address + Income Verified),Non-Binary,35-44,79.91550887,TRUE,Web
val_3002,Bongani Ndlovu,Freelance Creative,123,Tier 0 (Unverified),Non-Binary,55+,98.81859249,FALSE,Mobile App (Android)
val_3003,Lerato Molefe,Market Trader,597,Tier 0 (Unverified),Non-Binary,45-54,36.03895406,TRUE,Agent
val_3004,Kojo Ofori,Tutor / Private Instructor,482,Tier 0 (Unverified),Prefer Not to Say,25-34,86.53496142,TRUE,WhatsApp Bot
val_3005,David Mwangi,Logistics Driver (Truck/Van),1057,Tier 1 (Phone Verified),Female,45-54,76.25454708,FALSE,Mobile App (Android)
val_3006,Abena Boateng,Mobile Money Agent,973,Tier 1 (Phone Verified),Prefer Not to Say,55+,91.15852948,TRUE,Mobile App (iOS)
val_3007,Mary Wairimu,Food Delivery Courier,1602,Tier 0 (Unverified),Non-Binary,25-34,42.43724766,FALSE,Mobile App (Android)
val_3008,Akosua Sarpong,Freelance Creative,1678,Tier 2 (ID Verified),Prefer Not to Say,25-34,10.13015048,FALSE,Mobile App (iOS)
val_3009,Thabo Nkosi,Domestic Worker,1411,Tier 0 (Unverified),Prefer Not to Say,18-24,11.83562064,TRUE,Mobile App (Android)
val_3010,David Mwangi,Domestic Worker,363,Tier 3 (Address + Income Verified),Male,55+,76.31984205,TRUE,WhatsApp Bot
val_3011,Kwame Asante,Delivery Rider,74,Tier 2 (ID Verified),Female,55+,86.33318395,TRUE,Mobile App (Android)
val_3012,Aisha Bello,Ride-Hailing Driver,1641,Tier 3 (Address + Income Verified),Female,35-44,45.70167409,FALSE,Agent
val_3013,Adwoa Acheampong,E-commerce Reseller,1721,Tier 0 (Unverified),Female,55+,5.957088924,TRUE,USSD
val_3014,Lydia Chebet,Informal Vendor,457,Tier 3 (Address + Income Verified),Female,45-54,6.670604036,FALSE,Mobile App (iOS)
val_3015,James Kipkoech,Delivery Rider,85,Tier 2 (ID Verified),Male,55+,59.86003501,FALSE,WhatsApp Bot
val_3016,Ama Owusu,Mobile Money Agent,1242,Tier 3 (Address + Income Verified),Prefer Not to Say,55+,91.86243502,TRUE,Web
val_3017,Yusuf Musa,Delivery Rider,1075,Tier 2 (ID Verified),Prefer Not to Say,55+,39.95835137,FALSE,Mobile App (Android)
val_3018,Abena Boateng,Food Delivery Courier,1623,Tier 2 (ID Verified),Non-Binary,25-34,65.06198152,FALSE,WhatsApp Bot
val_3019,Adwoa Acheampong,On-Demand Handyman,1050,Tier 0 (Unverified),Female,45-54,54.2007769,FALSE,Web
val_3020,Esther Njeri,Freelance Creative,1388,Tier 2 (ID Verified),Prefer Not to Say,18-24,88.97578445,FALSE,Mobile App (iOS)
val_3021,Amara Nwosu,Food Delivery Courier,1435,Tier 1 (Phone Verified),Female,55+,83.23876116,FALSE,WhatsApp Bot
val_3022,Faith Achieng,Tutor / Private Instructor,17,Tier 3 (Address + Income Verified),Female,25-34,19.93485602,TRUE,Mobile App (Android)
val_3023,Fatima Abdullahi,Delivery Rider,271,Tier 2 (ID Verified),Prefer Not to Say,35-44,67.75430986,FALSE,Mobile App (Android)
val_3024,David Mwangi,Delivery Rider,1424,Tier 0 (Unverified),Prefer Not to Say,35-44,84.75031858,TRUE,WhatsApp Bot
val_3025,Akosua Sarpong,Online Freelancer (Tech/Design),327,Tier 3 (Address + Income Verified),Non-Binary,45-54,93.02493818,FALSE,WhatsApp Bot
val_3026,Babatunde Fashola,Domestic Worker,376,Tier 0 (Unverified),Male,45-54,58.99271405,FALSE,Web
val_3027,Adwoa Acheampong,Ride-Hailing Driver,1373,Tier 1 (Phone Verified),Male,55+,17.59112352,TRUE,Mobile App (Android)
val_3028,Yusuf Musa,Mobile Money Agent,373,Tier 0 (Unverified),Prefer Not to Say,45-54,55.82320841,FALSE,Mobile App (Android)
val_3029,Palesa Motsepe,Domestic Worker,272,Tier 3 (Address + Income Verified),Female,45-54,66.58190117,FALSE,Agent
val_3030,Adwoa Acheampong,Food Delivery Courier,24,Tier 0 (Unverified),Non-Binary,35-44,27.24890615,FALSE,USSD
val_3031,Brian Otieno,Domestic Worker,857,Tier 3 (Address + Income Verified),Female,35-44,97.30014821,FALSE,WhatsApp Bot
val_3032,Kofi Mensah,On-Demand Handyman,1162,Tier 0 (Unverified),Female,55+,22.93262513,FALSE,WhatsApp Bot
val_3033,Babatunde Fashola,Food Delivery Courier,1335,Tier 2 (ID Verified),Prefer Not to Say,25-34,91.13525217,FALSE,Web
val_3034,Ngozi Eze,Logistics Driver (Truck/Van),1653,Tier 0 (Unverified),Non-Binary,45-54,42.51807575,TRUE,WhatsApp Bot
val_3035,Lerato Molefe,Mobile Money Agent,1189,Tier 1 (Phone Verified),Female,25-34,0.055416483,FALSE,Mobile App (Android)
val_3036,Thabo Nkosi,Tutor / Private Instructor,1381,Tier 2 (ID Verified),Female,35-44,54.32890733,TRUE,WhatsApp Bot
val_3037,Emeka Obi,Motorcycle Taxi Rider (Boda-Boda/Okada),384,Tier 2 (ID Verified),Male,25-34,62.82858659,TRUE,Mobile App (Android)
val_3038,Grace Wanjiku,Freelance Creative,621,Tier 3 (Address + Income Verified),Non-Binary,25-34,86.93633532,TRUE,USSD
val_3039,Fatima Abdullahi,Agricultural Day Labourer,555,Tier 3 (Address + Income Verified),Non-Binary,55+,54.05632385,FALSE,Mobile App (Android)
val_3040,Faith Achieng,Online Freelancer (Tech/Design),118,Tier 2 (ID Verified),Male,45-54,9.412938215,TRUE,Web
val_3041,Grace Wanjiku,Food Delivery Courier,1769,Tier 1 (Phone Verified),Female,45-54,92.68135593,FALSE,WhatsApp Bot
val_3042,Esther Njeri,Tutor / Private Instructor,440,Tier 1 (Phone Verified),Non-Binary,18-24,56.53547909,FALSE,Agent
val_3043,Ama Owusu,Delivery Rider,819,Tier 3 (Address + Income Verified),Male,25-34,27.1531192,FALSE,Mobile App (Android)
val_3044,Fatima Abdullahi,Mobile Money Agent,651,Tier 2 (ID Verified),Prefer Not to Say,25-34,89.88586165,FALSE,Agent
val_3045,Palesa Motsepe,Freelance Creative,81,Tier 3 (Address + Income Verified),Prefer Not to Say,45-54,12.09134724,TRUE,Agent
val_3046,Adwoa Acheampong,Mobile Money Agent,1649,Tier 1 (Phone Verified),Non-Binary,55+,9.748283901,FALSE,Agent
val_3047,Sipho Dlamini,Online Freelancer (Tech/Design),400,Tier 1 (Phone Verified),Male,25-34,53.50090938,FALSE,Mobile App (iOS)
val_3048,Emeka Obi,Agricultural Day Labourer,183,Tier 3 (Address + Income Verified),Non-Binary,25-34,62.48842278,FALSE,USSD
val_3049,Kojo Ofori,Informal Vendor,625,Tier 2 (ID Verified),Prefer Not to Say,35-44,51.09591674,FALSE,Mobile App (iOS)
val_3050,Zanele Mokoena,Food Delivery Courier,262,Tier 0 (Unverified),Male,55+,92.89920471,FALSE,WhatsApp Bot
val_3051,Fatima Abdullahi,Tutor / Private Instructor,1825,Tier 2 (ID Verified),Prefer Not to Say,25-34,26.28208347,FALSE,Mobile App (iOS)
val_3052,Sipho Dlamini,Mobile Money Agent,345,Tier 0 (Unverified),Prefer Not to Say,25-34,99.02350759,FALSE,USSD
val_3053,David Mwangi,On-Demand Handyman,552,Tier 3 (Address + Income Verified),Male,35-44,1.934933445,TRUE,Mobile App (iOS)
val_3054,Nomvula Khumalo,Agricultural Day Labourer,495,Tier 0 (Unverified),Male,55+,11.85339947,FALSE,Mobile App (iOS)
val_3055,Lydia Chebet,On-Demand Handyman,48,Tier 3 (Address + Income Verified),Non-Binary,45-54,18.5676306,FALSE,Agent
val_3056,Thabo Nkosi,On-Demand Handyman,23,Tier 3 (Address + Income Verified),Prefer Not to Say,35-44,7.957572705,TRUE,Agent
val_3057,Amara Nwosu,E-commerce Reseller,936,Tier 0 (Unverified),Prefer Not to Say,45-54,43.82178664,FALSE,Mobile App (iOS)
val_3058,Faith Achieng,On-Demand Handyman,424,Tier 2 (ID Verified),Non-Binary,18-24,86.53721757,TRUE,USSD
val_3059,Brian Otieno,Online Freelancer (Tech/Design),152,Tier 0 (Unverified),Non-Binary,45-54,82.07593269,FALSE,Mobile App (iOS)
val_3060,Chidinma Okeke,Market Trader,532,Tier 1 (Phone Verified),Non-Binary,18-24,74.4756856,TRUE,USSD
val_3061,Samuel Kamau,E-commerce Reseller,500,Tier 1 (Phone Verified),Non-Binary,25-34,0.740940194,FALSE,Agent
val_3062,Faith Achieng,Delivery Rider,774,Tier 2 (ID Verified),Prefer Not to Say,25-34,86.57060268,FALSE,Mobile App (iOS)
val_3063,Amara Nwosu,Market Trader,1812,Tier 3 (Address + Income Verified),Male,45-54,39.6499092,TRUE,Mobile App (iOS)
val_3064,Kojo Ofori,Informal Vendor,560,Tier 1 (Phone Verified),Male,25-34,73.16377545,TRUE,Agent
val_3065,Kofi Mensah,On-Demand Handyman,1286,Tier 1 (Phone Verified),Male,25-34,72.69186845,FALSE,Web
val_3066,Zanele Mokoena,Food Delivery Courier,1403,Tier 0 (Unverified),Prefer Not to Say,55+,17.75210272,FALSE,Mobile App (Android)
val_3067,Kojo Ofori,Domestic Worker,92,Tier 3 (Address + Income Verified),Non-Binary,35-44,51.53948476,TRUE,Agent
val_3068,Amara Nwosu,Logistics Driver (Truck/Van),915,Tier 1 (Phone Verified),Male,45-54,92.61809589,FALSE,Agent
val_3069,Tunde Adeyemi,Motorcycle Taxi Rider (Boda-Boda/Okada),819,Tier 1 (Phone Verified),Male,35-44,26.30486301,TRUE,Agent
val_3070,Kevin Odhiambo,Ride-Hailing Driver,927,Tier 0 (Unverified),Female,45-54,71.5027848,TRUE,Mobile App (iOS)
val_3071,Lydia Chebet,Market Trader,313,Tier 1 (Phone Verified),Male,45-54,95.80510393,TRUE,Mobile App (Android)
val_3072,Chidinma Okeke,On-Demand Handyman,849,Tier 2 (ID Verified),Non-Binary,45-54,36.06311756,TRUE,Mobile App (Android)
val_3073,Nomvula Khumalo,Freelance Creative,224,Tier 3 (Address + Income Verified),Female,55+,38.76336727,TRUE,USSD
val_3074,Abena Boateng,Logistics Driver (Truck/Van),1727,Tier 1 (Phone Verified),Female,45-54,45.25625092,TRUE,USSD
val_3075,Adwoa Acheampong,Logistics Driver (Truck/Van),1071,Tier 2 (ID Verified),Male,25-34,80.90392417,TRUE,Web
val_3076,Babatunde Fashola,E-commerce Reseller,63,Tier 3 (Address + Income Verified),Non-Binary,18-24,43.92847217,TRUE,USSD
val_3077,Thabo Nkosi,Market Trader,923,Tier 1 (Phone Verified),Prefer Not to Say,55+,48.6245956,TRUE,WhatsApp Bot
val_3078,Yusuf Musa,Ride-Hailing Driver,1691,Tier 1 (Phone Verified),Non-Binary,25-34,22.23174898,TRUE,WhatsApp Bot
val_3079,Mary Wairimu,Logistics Driver (Truck/Van),1356,Tier 0 (Unverified),Prefer Not to Say,25-34,98.83450654,TRUE,Mobile App (Android)
val_3080,Mary Wairimu,Online Freelancer (Tech/Design),498,Tier 3 (Address + Income Verified),Prefer Not to Say,18-24,89.2354154,TRUE,Mobile App (iOS)
val_3081,Thabo Nkosi,Mobile Money Agent,1629,Tier 0 (Unverified),Prefer Not to Say,35-44,60.0254313,FALSE,Mobile App (iOS)
val_3082,Grace Wanjiku,E-commerce Reseller,338,Tier 0 (Unverified),Non-Binary,35-44,96.05600715,TRUE,Mobile App (iOS)
val_3083,Chidinma Okeke,Informal Vendor,450,Tier 0 (Unverified),Male,55+,68.69977667,TRUE,Mobile App (iOS)
val_3084,Esther Njeri,Agricultural Day Labourer,283,Tier 2 (ID Verified),Female,45-54,95.91056325,FALSE,Mobile App (iOS)
val_3085,David Mwangi,Delivery Rider,1685,Tier 1 (Phone Verified),Female,45-54,16.15358667,TRUE,Web
val_3086,Fatima Abdullahi,Agricultural Day Labourer,1309,Tier 2 (ID Verified),Non-Binary,35-44,22.54574069,FALSE,Mobile App (iOS)
val_3087,Fatima Abdullahi,Online Freelancer (Tech/Design),945,Tier 2 (ID Verified),Prefer Not to Say,55+,88.51824636,TRUE,Mobile App (Android)
val_3088,Chidinma Okeke,Informal Vendor,1219,Tier 0 (Unverified),Non-Binary,55+,41.98743916,TRUE,Mobile App (iOS)
val_3089,James Kipkoech,E-commerce Reseller,472,Tier 1 (Phone Verified),Female,55+,37.11577041,TRUE,WhatsApp Bot
val_3090,Esther Njeri,E-commerce Reseller,129,Tier 0 (Unverified),Prefer Not to Say,25-34,75.43353564,FALSE,WhatsApp Bot
val_3091,Faith Achieng,Food Delivery Courier,1544,Tier 0 (Unverified),Non-Binary,25-34,63.03256602,TRUE,USSD
val_3092,Kojo Ofori,On-Demand Handyman,1760,Tier 1 (Phone Verified),Prefer Not to Say,18-24,34.40715998,TRUE,Agent
val_3093,Chidinma Okeke,Food Delivery Courier,64,Tier 1 (Phone Verified),Non-Binary,55+,39.78605876,FALSE,WhatsApp Bot
val_3094,Mpho Sithole,Market Trader,94,Tier 0 (Unverified),Non-Binary,45-54,40.83837583,FALSE,Mobile App (Android)
val_3095,Sipho Dlamini,Food Delivery Courier,1021,Tier 1 (Phone Verified),Female,55+,12.63313281,FALSE,USSD
val_3096,Emeka Obi,Market Trader,78,Tier 1 (Phone Verified),Female,45-54,22.95539295,TRUE,Mobile App (Android)
val_3097,Samuel Kamau,Market Trader,1317,Tier 3 (Address + Income Verified),Female,35-44,53.75302816,TRUE,Mobile App (Android)
val_3098,Fatima Abdullahi,Motorcycle Taxi Rider (Boda-Boda/Okada),1726,Tier 2 (ID Verified),Female,18-24,78.18271523,FALSE,WhatsApp Bot
val_3099,Brian Otieno,Agricultural Day Labourer,511,Tier 1 (Phone Verified),Non-Binary,18-24,41.90482844,FALSE,Mobile App (Android)
val_3100,David Mwangi,Mobile Money Agent,537,Tier 1 (Phone Verified),Female,45-54,38.33527996,FALSE,Mobile App (Android)
val_3101,Amara Nwosu,Tutor / Private Instructor,1576,Tier 0 (Unverified),Male,25-34,65.05161535,TRUE,Mobile App (Android)
val_3102,Chukwuemeka Okonkwo,Delivery Rider,650,Tier 1 (Phone Verified),Male,25-34,15.72538639,FALSE,Mobile App (iOS)
val_3103,Mary Wairimu,Agricultural Day Labourer,438,Tier 2 (ID Verified),Prefer Not to Say,55+,38.07503244,FALSE,WhatsApp Bot
val_3104,Kojo Ofori,Delivery Rider,153,Tier 0 (Unverified),Female,35-44,20.81362362,TRUE,USSD
val_3105,Samuel Kamau,Domestic Worker,1533,Tier 3 (Address + Income Verified),Non-Binary,55+,65.16462343,FALSE,Mobile App (iOS)
val_3106,Lungelo Zulu,E-commerce Reseller,1690,Tier 2 (ID Verified),Prefer Not to Say,35-44,11.23640149,TRUE,Agent
val_3107,David Mwangi,Mobile Money Agent,143,Tier 3 (Address + Income Verified),Male,55+,44.78228196,TRUE,USSD
val_3108,Mpho Sithole,On-Demand Handyman,1466,Tier 1 (Phone Verified),Prefer Not to Say,18-24,59.61820571,FALSE,USSD
val_3109,Chidinma Okeke,Logistics Driver (Truck/Van),292,Tier 3 (Address + Income Verified),Non-Binary,25-34,83.36754429,TRUE,WhatsApp Bot
val_3110,Ama Owusu,Freelance Creative,253,Tier 1 (Phone Verified),Non-Binary,18-24,72.45512764,TRUE,Mobile App (Android)
val_3111,Sipho Dlamini,Logistics Driver (Truck/Van),695,Tier 3 (Address + Income Verified),Female,18-24,94.2863121,FALSE,Mobile App (Android)
val_3112,Tunde Adeyemi,Delivery Rider,797,Tier 2 (ID Verified),Non-Binary,55+,67.98784073,TRUE,Mobile App (iOS)
val_3113,Bongani Ndlovu,Freelance Creative,1559,Tier 2 (ID Verified),Male,35-44,34.91896349,TRUE,USSD
val_3114,David Mwangi,Freelance Creative,1277,Tier 0 (Unverified),Female,25-34,23.17238825,TRUE,USSD
val_3115,Lydia Chebet,Tutor / Private Instructor,264,Tier 3 (Address + Income Verified),Prefer Not to Say,25-34,5.658240366,TRUE,USSD
val_3116,Akosua Sarpong,Motorcycle Taxi Rider (Boda-Boda/Okada),1066,Tier 0 (Unverified),Female,25-34,27.75876167,FALSE,Agent
val_3117,Akosua Sarpong,Market Trader,1598,Tier 0 (Unverified),Non-Binary,18-24,13.68486888,FALSE,Mobile App (iOS)
val_3118,Chukwuemeka Okonkwo,Mobile Money Agent,1209,Tier 1 (Phone Verified),Prefer Not to Say,55+,36.92247777,FALSE,Mobile App (Android)
val_3119,Lungelo Zulu,Logistics Driver (Truck/Van),419,Tier 3 (Address + Income Verified),Non-Binary,18-24,70.25781393,FALSE,WhatsApp Bot
val_3120,Yaw Darko,E-commerce Reseller,235,Tier 3 (Address + Income Verified),Female,25-34,69.20340242,FALSE,Mobile App (Android)
val_3121,Thandeka Mthembu,Tutor / Private Instructor,826,Tier 3 (Address + Income Verified),Prefer Not to Say,18-24,31.81664294,TRUE,USSD
val_3122,James Kipkoech,Informal Vendor,862,Tier 2 (ID Verified),Prefer Not to Say,55+,50.85523706,FALSE,USSD
val_3123,Yaw Darko,Agricultural Day Labourer,644,Tier 3 (Address + Income Verified),Non-Binary,25-34,21.67715698,FALSE,Web
val_3124,Mary Wairimu,Informal Vendor,199,Tier 1 (Phone Verified),Male,25-34,50.29767185,FALSE,Agent
val_3125,Palesa Motsepe,Delivery Rider,215,Tier 1 (Phone Verified),Female,45-54,51.00818762,TRUE,Mobile App (Android)
val_3126,Zanele Mokoena,Mobile Money Agent,965,Tier 0 (Unverified),Female,35-44,30.12968389,FALSE,Mobile App (Android)
val_3127,Mpho Sithole,Domestic Worker,1724,Tier 3 (Address + Income Verified),Male,25-34,25.94677962,TRUE,Mobile App (Android)
val_3128,Kwame Asante,Food Delivery Courier,1091,Tier 1 (Phone Verified),Female,35-44,97.9574464,TRUE,Mobile App (iOS)
val_3129,Nomvula Khumalo,Motorcycle Taxi Rider (Boda-Boda/Okada),800,Tier 0 (Unverified),Male,35-44,53.71235111,FALSE,Web
val_3130,David Mwangi,Delivery Rider,1700,Tier 1 (Phone Verified),Non-Binary,25-34,56.20766316,FALSE,Agent
val_3131,James Kipkoech,Informal Vendor,1260,Tier 2 (ID Verified),Female,35-44,0.779409037,FALSE,Web
val_3132,Sipho Dlamini,On-Demand Handyman,1310,Tier 1 (Phone Verified),Non-Binary,25-34,18.18407816,TRUE,USSD
val_3133,Ngozi Eze,Freelance Creative,1050,Tier 1 (Phone Verified),Female,55+,35.66219618,FALSE,Agent
val_3134,Kojo Ofori,Informal Vendor,1393,Tier 1 (Phone Verified),Non-Binary,35-44,96.59807425,FALSE,Web
val_3135,Chukwuemeka Okonkwo,Agricultural Day Labourer,916,Tier 2 (ID Verified),Non-Binary,45-54,17.52417343,FALSE,Mobile App (Android)
val_3136,Abena Boateng,Logistics Driver (Truck/Van),1135,Tier 2 (ID Verified),Male,25-34,30.32897113,TRUE,Agent
val_3137,Lydia Chebet,Online Freelancer (Tech/Design),1125,Tier 2 (ID Verified),Female,45-54,99.01569938,FALSE,USSD
val_3138,James Kipkoech,Online Freelancer (Tech/Design),1374,Tier 0 (Unverified),Non-Binary,35-44,48.11086423,TRUE,WhatsApp Bot
val_3139,Lydia Chebet,Delivery Rider,1640,Tier 1 (Phone Verified),Non-Binary,45-54,31.84077755,FALSE,Web
val_3140,Lydia Chebet,Informal Vendor,537,Tier 2 (ID Verified),Male,35-44,63.43589205,FALSE,Agent
val_3141,Kevin Odhiambo,Market Trader,1276,Tier 0 (Unverified),Prefer Not to Say,45-54,49.63022845,FALSE,Agent
val_3142,James Kipkoech,Mobile Money Agent,57,Tier 0 (Unverified),Male,18-24,95.74490916,TRUE,Web
val_3143,Kofi Mensah,On-Demand Handyman,972,Tier 1 (Phone Verified),Prefer Not to Say,45-54,8.319504799,TRUE,Mobile App (iOS)
val_3144,Sipho Dlamini,On-Demand Handyman,1641,Tier 2 (ID Verified),Non-Binary,45-54,79.05479205,TRUE,WhatsApp Bot
val_3145,Kofi Mensah,Mobile Money Agent,1178,Tier 2 (ID Verified),Female,35-44,27.90863785,FALSE,Mobile App (Android)
val_3146,Akosua Sarpong,Tutor / Private Instructor,488,Tier 0 (Unverified),Male,18-24,80.6669331,FALSE,Web
val_3147,Zanele Mokoena,Delivery Rider,1107,Tier 2 (ID Verified),Prefer Not to Say,35-44,84.77203406,TRUE,Web
val_3148,Thandeka Mthembu,Motorcycle Taxi Rider (Boda-Boda/Okada),653,Tier 0 (Unverified),Non-Binary,45-54,84.9222858,FALSE,WhatsApp Bot
val_3149,Babatunde Fashola,Ride-Hailing Driver,790,Tier 2 (ID Verified),Prefer Not to Say,35-44,86.66956989,FALSE,USSD
val_3150,Kojo Ofori,Logistics Driver (Truck/Van),416,Tier 2 (ID Verified),Prefer Not to Say,18-24,71.81275068,FALSE,Mobile App (iOS)
val_3151,Chidinma Okeke,Mobile Money Agent,1140,Tier 0 (Unverified),Male,25-34,14.24041467,TRUE,Agent
val_3152,Fatima Abdullahi,Mobile Money Agent,362,Tier 1 (Phone Verified),Non-Binary,55+,5.19025935,TRUE,Agent
val_3153,Nomvula Khumalo,On-Demand Handyman,809,Tier 3 (Address + Income Verified),Female,25-34,34.07652438,TRUE,Web
val_3154,Tunde Adeyemi,Mobile Money Agent,1715,Tier 1 (Phone Verified),Prefer Not to Say,35-44,49.50698586,TRUE,Agent
val_3155,Zanele Mokoena,Domestic Worker,1383,Tier 2 (ID Verified),Male,25-34,30.26209007,FALSE,Mobile App (Android)
val_3156,Sipho Dlamini,Ride-Hailing Driver,756,Tier 2 (ID Verified),Male,45-54,74.22069339,TRUE,Web
val_3157,Thandeka Mthembu,Delivery Rider,1769,Tier 0 (Unverified),Non-Binary,35-44,72.24434778,FALSE,Mobile App (iOS)
val_3158,Nana Adjei,Online Freelancer (Tech/Design),25,Tier 3 (Address + Income Verified),Non-Binary,25-34,97.19245011,TRUE,WhatsApp Bot
val_3159,Lungelo Zulu,Mobile Money Agent,1752,Tier 1 (Phone Verified),Non-Binary,35-44,40.05730905,TRUE,Agent
val_3160,Babatunde Fashola,Delivery Rider,642,Tier 3 (Address + Income Verified),Female,35-44,78.57276608,FALSE,Agent
val_3161,Palesa Motsepe,Market Trader,1498,Tier 1 (Phone Verified),Female,35-44,74.11999707,TRUE,Agent
val_3162,Emeka Obi,Market Trader,1730,Tier 2 (ID Verified),Prefer Not to Say,25-34,98.87495172,TRUE,WhatsApp Bot
val_3163,Samuel Kamau,Freelance Creative,1098,Tier 1 (Phone Verified),Prefer Not to Say,18-24,77.36152512,FALSE,WhatsApp Bot
val_3164,Amara Nwosu,Freelance Creative,1114,Tier 3 (Address + Income Verified),Prefer Not to Say,45-54,28.35745307,TRUE,Agent
val_3165,Kevin Odhiambo,Agricultural Day Labourer,1368,Tier 0 (Unverified),Female,25-34,1.527239913,FALSE,Agent
val_3166,Adwoa Acheampong,Motorcycle Taxi Rider (Boda-Boda/Okada),437,Tier 3 (Address + Income Verified),Prefer Not to Say,45-54,96.81661545,TRUE,USSD
val_3167,Brian Otieno,Freelance Creative,325,Tier 0 (Unverified),Female,25-34,71.60690438,TRUE,USSD
val_3168,Thabo Nkosi,E-commerce Reseller,627,Tier 3 (Address + Income Verified),Prefer Not to Say,55+,81.26066279,TRUE,Web
val_3169,Yaw Darko,Domestic Worker,874,Tier 0 (Unverified),Prefer Not to Say,45-54,79.32441544,TRUE,Mobile App (iOS)
val_3170,Akosua Sarpong,Online Freelancer (Tech/Design),1356,Tier 0 (Unverified),Male,35-44,73.576109,TRUE,Mobile App (iOS)
val_3171,Bongani Ndlovu,Online Freelancer (Tech/Design),469,Tier 0 (Unverified),Prefer Not to Say,25-34,75.14744686,TRUE,Agent
val_3172,Mary Wairimu,Freelance Creative,1031,Tier 2 (ID Verified),Non-Binary,45-54,92.94581848,TRUE,Mobile App (Android)
val_3173,Esther Njeri,Domestic Worker,6,Tier 1 (Phone Verified),Prefer Not to Say,18-24,91.41112819,TRUE,Mobile App (Android)
val_3174,Thandeka Mthembu,Ride-Hailing Driver,56,Tier 2 (ID Verified),Non-Binary,18-24,37.92267458,FALSE,USSD
val_3175,Kofi Mensah,On-Demand Handyman,1765,Tier 3 (Address + Income Verified),Male,18-24,3.096152363,TRUE,Web
val_3176,Yaw Darko,Delivery Rider,1552,Tier 0 (Unverified),Prefer Not to Say,25-34,3.86815935,TRUE,Agent
val_3177,Grace Wanjiku,Motorcycle Taxi Rider (Boda-Boda/Okada),1577,Tier 2 (ID Verified),Male,35-44,44.66383645,FALSE,Mobile App (Android)
val_3178,Yusuf Musa,Agricultural Day Labourer,600,Tier 2 (ID Verified),Prefer Not to Say,25-34,83.49795299,FALSE,Agent
val_3179,Emeka Obi,Delivery Rider,938,Tier 1 (Phone Verified),Male,18-24,84.76112266,FALSE,USSD
val_3180,Yusuf Musa,E-commerce Reseller,1232,Tier 3 (Address + Income Verified),Prefer Not to Say,25-34,40.43895812,TRUE,Web
val_3181,Fatima Abdullahi,Motorcycle Taxi Rider (Boda-Boda/Okada),464,Tier 2 (ID Verified),Female,35-44,30.16116253,TRUE,Mobile App (Android)
val_3182,Adwoa Acheampong,Informal Vendor,1359,Tier 0 (Unverified),Male,25-34,50.66014444,FALSE,Mobile App (Android)
val_3183,Tunde Adeyemi,Informal Vendor,1265,Tier 2 (ID Verified),Male,35-44,83.25432069,TRUE,WhatsApp Bot
val_3184,Akosua Sarpong,Domestic Worker,743,Tier 1 (Phone Verified),Female,25-34,63.64961197,FALSE,Web
val_3185,Bongani Ndlovu,Logistics Driver (Truck/Van),793,Tier 0 (Unverified),Prefer Not to Say,55+,13.98058137,TRUE,Web
val_3186,Sipho Dlamini,Mobile Money Agent,561,Tier 3 (Address + Income Verified),Prefer Not to Say,55+,36.22339437,FALSE,Agent
val_3187,Kevin Odhiambo,Delivery Rider,1466,Tier 0 (Unverified),Non-Binary,45-54,55.54259152,FALSE,Agent
val_3188,Tunde Adeyemi,Delivery Rider,1802,Tier 0 (Unverified),Non-Binary,35-44,53.82624313,TRUE,Mobile App (Android)
val_3189,Zanele Mokoena,Food Delivery Courier,1825,Tier 0 (Unverified),Female,18-24,83.06340201,TRUE,Mobile App (Android)
val_3190,Chukwuemeka Okonkwo,Food Delivery Courier,1408,Tier 3 (Address + Income Verified),Prefer Not to Say,45-54,93.21717638,TRUE,WhatsApp Bot
val_3191,Efua Antwi,Freelance Creative,637,Tier 2 (ID Verified),Female,25-34,10.04630942,TRUE,WhatsApp Bot
val_3192,Nana Adjei,Food Delivery Courier,1426,Tier 3 (Address + Income Verified),Prefer Not to Say,25-34,22.44075903,TRUE,Web
val_3193,Fatima Abdullahi,Domestic Worker,446,Tier 1 (Phone Verified),Female,45-54,39.21569106,FALSE,WhatsApp Bot
val_3194,Adwoa Acheampong,Delivery Rider,1637,Tier 0 (Unverified),Female,18-24,29.63980815,FALSE,Web
val_3195,Fatima Abdullahi,On-Demand Handyman,488,Tier 1 (Phone Verified),Female,25-34,40.8290495,TRUE,Mobile App (iOS)
val_3196,Chidinma Okeke,Market Trader,735,Tier 0 (Unverified),Non-Binary,45-54,4.072122862,FALSE,Web
val_3197,Thabo Nkosi,Agricultural Day Labourer,170,Tier 2 (ID Verified),Non-Binary,55+,6.601327016,FALSE,Web
val_3198,Thandeka Mthembu,E-commerce Reseller,148,Tier 1 (Phone Verified),Prefer Not to Say,35-44,83.83614779,TRUE,USSD
val_3199,Brian Otieno,Online Freelancer (Tech/Design),719,Tier 3 (Address + Income Verified),Male,35-44,10.25817841,FALSE,WhatsApp Bot
val_3200,Mpho Sithole,Mobile Money Agent,1004,Tier 1 (Phone Verified),Male,55+,82.4075112,FALSE,Mobile App (iOS)
val_3201,Mpho Sithole,Freelance Creative,31,Tier 1 (Phone Verified),Prefer Not to Say,18-24,30.65120018,TRUE,Mobile App (Android)
val_3202,Sipho Dlamini,Domestic Worker,1545,Tier 3 (Address + Income Verified),Prefer Not to Say,35-44,30.92233699,FALSE,Mobile App (iOS)
val_3203,Amara Nwosu,On-Demand Handyman,208,Tier 2 (ID Verified),Male,25-34,10.07470281,TRUE,Mobile App (Android)
val_3204,Grace Wanjiku,Mobile Money Agent,1823,Tier 0 (Unverified),Prefer Not to Say,35-44,1.326338148,TRUE,Mobile App (Android)
val_3205,Efua Antwi,Domestic Worker,496,Tier 1 (Phone Verified),Female,55+,35.52886084,FALSE,Agent
val_3206,Thandeka Mthembu,E-commerce Reseller,692,Tier 1 (Phone Verified),Prefer Not to Say,35-44,83.53569063,TRUE,WhatsApp Bot
val_3207,Thabo Nkosi,Freelance Creative,291,Tier 2 (ID Verified),Prefer Not to Say,55+,91.99554645,TRUE,Mobile App (iOS)
val_3208,Kevin Odhiambo,Freelance Creative,1505,Tier 2 (ID Verified),Non-Binary,35-44,6.158555613,FALSE,Mobile App (Android)
val_3209,Chidinma Okeke,Online Freelancer (Tech/Design),1336,Tier 2 (ID Verified),Male,55+,3.090806381,TRUE,Web
val_3210,Lerato Molefe,Agricultural Day Labourer,143,Tier 3 (Address + Income Verified),Prefer Not to Say,18-24,15.88006201,TRUE,Mobile App (Android)
val_3211,Grace Wanjiku,Motorcycle Taxi Rider (Boda-Boda/Okada),192,Tier 2 (ID Verified),Male,25-34,76.62898087,FALSE,Agent
val_3212,Esther Njeri,Tutor / Private Instructor,1112,Tier 1 (Phone Verified),Female,25-34,20.4882766,TRUE,Mobile App (Android)
val_3213,Lerato Molefe,Agricultural Day Labourer,1581,Tier 0 (Unverified),Non-Binary,45-54,23.08103744,FALSE,Mobile App (Android)
val_3214,Kofi Mensah,Ride-Hailing Driver,200,Tier 2 (ID Verified),Male,35-44,88.89426979,FALSE,Mobile App (Android)
val_3215,Brian Otieno,Agricultural Day Labourer,403,Tier 1 (Phone Verified),Female,25-34,87.49490388,FALSE,Mobile App (iOS)
val_3216,Chukwuemeka Okonkwo,Domestic Worker,995,Tier 1 (Phone Verified),Prefer Not to Say,18-24,67.02892194,TRUE,WhatsApp Bot
val_3217,Mary Wairimu,Online Freelancer (Tech/Design),198,Tier 3 (Address + Income Verified),Male,25-34,16.40137805,TRUE,Web
val_3218,Thandeka Mthembu,E-commerce Reseller,556,Tier 3 (Address + Income Verified),Female,18-24,38.11491897,FALSE,Web
val_3219,Mary Wairimu,E-commerce Reseller,18,Tier 1 (Phone Verified),Male,45-54,23.61774062,TRUE,USSD
val_3220,Efua Antwi,Freelance Creative,911,Tier 2 (ID Verified),Non-Binary,55+,67.18455818,TRUE,USSD
val_3221,Brian Otieno,Freelance Creative,1305,Tier 3 (Address + Income Verified),Male,55+,77.99310542,TRUE,Mobile App (iOS)
val_3222,Nomvula Khumalo,On-Demand Handyman,752,Tier 0 (Unverified),Female,25-34,14.2133722,TRUE,WhatsApp Bot
val_3223,Nomvula Khumalo,Logistics Driver (Truck/Van),468,Tier 1 (Phone Verified),Non-Binary,35-44,89.79558329,TRUE,USSD
val_3224,Yaw Darko,Online Freelancer (Tech/Design),774,Tier 2 (ID Verified),Male,35-44,46.28259072,TRUE,Web
val_3225,Sipho Dlamini,Informal Vendor,930,Tier 1 (Phone Verified),Male,35-44,79.50058545,FALSE,Web
val_3226,Abena Boateng,On-Demand Handyman,302,Tier 3 (Address + Income Verified),Prefer Not to Say,35-44,5.163760854,FALSE,Mobile App (Android)
val_3227,Faith Achieng,E-commerce Reseller,203,Tier 1 (Phone Verified),Prefer Not to Say,25-34,36.0581187,TRUE,USSD
val_3228,Adwoa Acheampong,Market Trader,331,Tier 0 (Unverified),Male,18-24,1.47809477,TRUE,USSD
val_3229,Zanele Mokoena,Informal Vendor,1799,Tier 1 (Phone Verified),Prefer Not to Say,35-44,71.84847314,TRUE,USSD
val_3230,Zanele Mokoena,Freelance Creative,1320,Tier 1 (Phone Verified),Female,18-24,7.945097023,TRUE,WhatsApp Bot
val_3231,Yusuf Musa,Freelance Creative,228,Tier 3 (Address + Income Verified),Male,18-24,33.8285791,TRUE,Web
val_3232,Efua Antwi,Online Freelancer (Tech/Design),550,Tier 0 (Unverified),Prefer Not to Say,35-44,78.17486806,FALSE,Web
val_3233,Chukwuemeka Okonkwo,Domestic Worker,752,Tier 0 (Unverified),Female,55+,74.89664784,TRUE,USSD
val_3234,Kofi Mensah,Market Trader,330,Tier 0 (Unverified),Female,35-44,64.02896204,TRUE,WhatsApp Bot
val_3235,Kofi Mensah,Logistics Driver (Truck/Van),1555,Tier 2 (ID Verified),Male,18-24,69.40206388,TRUE,Web
val_3236,David Mwangi,Tutor / Private Instructor,1717,Tier 3 (Address + Income Verified),Prefer Not to Say,55+,65.12313251,TRUE,Web
val_3237,Thandeka Mthembu,Freelance Creative,447,Tier 2 (ID Verified),Female,45-54,64.1275959,FALSE,Mobile App (iOS)
val_3238,Palesa Motsepe,E-commerce Reseller,30,Tier 3 (Address + Income Verified),Non-Binary,25-34,34.965464,FALSE,Mobile App (Android)
val_3239,Aisha Bello,E-commerce Reseller,487,Tier 3 (Address + Income Verified),Male,25-34,2.816570408,TRUE,Web
val_3240,Yusuf Musa,Agricultural Day Labourer,1063,Tier 2 (ID Verified),Prefer Not to Say,55+,44.18258498,TRUE,USSD
val_3241,Yusuf Musa,Tutor / Private Instructor,1476,Tier 2 (ID Verified),Prefer Not to Say,35-44,4.545965159,FALSE,Mobile App (Android)
val_3242,Palesa Motsepe,Domestic Worker,620,Tier 0 (Unverified),Non-Binary,18-24,46.88673951,TRUE,USSD
val_3243,Kwame Asante,Informal Vendor,499,Tier 3 (Address + Income Verified),Female,25-34,46.40789767,TRUE,USSD
val_3244,Adwoa Acheampong,Domestic Worker,454,Tier 3 (Address + Income Verified),Non-Binary,25-34,17.87215373,TRUE,Agent
val_3245,Thabo Nkosi,Online Freelancer (Tech/Design),5,Tier 3 (Address + Income Verified),Female,35-44,78.42616304,TRUE,Mobile App (Android)
val_3246,Sipho Dlamini,Mobile Money Agent,25,Tier 3 (Address + Income Verified),Prefer Not to Say,25-34,70.42093419,FALSE,WhatsApp Bot
val_3247,Ngozi Eze,Market Trader,781,Tier 1 (Phone Verified),Non-Binary,35-44,55.95395407,FALSE,WhatsApp Bot
val_3248,Amara Nwosu,Mobile Money Agent,1127,Tier 0 (Unverified),Male,25-34,92.59085801,FALSE,Mobile App (Android)
val_3249,Faith Achieng,Tutor / Private Instructor,22,Tier 3 (Address + Income Verified),Prefer Not to Say,45-54,28.71871132,FALSE,Web
val_3250,Esther Njeri,On-Demand Handyman,365,Tier 1 (Phone Verified),Male,35-44,26.20322215,FALSE,USSD
val_3251,Adwoa Acheampong,Delivery Rider,1661,Tier 3 (Address + Income Verified),Female,55+,18.34358156,TRUE,Mobile App (Android)
val_3252,Emeka Obi,Ride-Hailing Driver,1807,Tier 2 (ID Verified),Female,55+,54.44397878,FALSE,Agent
val_3253,David Mwangi,E-commerce Reseller,1171,Tier 1 (Phone Verified),Male,25-34,20.53571827,TRUE,Mobile App (Android)
val_3254,Chidinma Okeke,Logistics Driver (Truck/Van),952,Tier 1 (Phone Verified),Prefer Not to Say,18-24,86.88955784,FALSE,USSD
val_3255,Fatima Abdullahi,E-commerce Reseller,1064,Tier 2 (ID Verified),Prefer Not to Say,35-44,30.43097705,FALSE,USSD
val_3256,Emeka Obi,Domestic Worker,676,Tier 1 (Phone Verified),Male,25-34,49.09310102,FALSE,Agent
val_3257,Fatima Abdullahi,Informal Vendor,368,Tier 1 (Phone Verified),Female,55+,52.95107649,FALSE,Mobile App (Android)
val_3258,Kofi Mensah,E-commerce Reseller,686,Tier 0 (Unverified),Female,35-44,30.76465474,FALSE,Mobile App (Android)
val_3259,Kevin Odhiambo,Online Freelancer (Tech/Design),1278,Tier 2 (ID Verified),Non-Binary,25-34,73.84196211,TRUE,Mobile App (Android)
val_3260,Mary Wairimu,On-Demand Handyman,1209,Tier 0 (Unverified),Non-Binary,25-34,69.20729362,FALSE,WhatsApp Bot
val_3261,Lydia Chebet,Agricultural Day Labourer,1236,Tier 0 (Unverified),Non-Binary,55+,76.08110282,TRUE,WhatsApp Bot
val_3262,Adwoa Acheampong,Informal Vendor,1111,Tier 0 (Unverified),Male,18-24,60.59204698,FALSE,Web
val_3263,Lungelo Zulu,On-Demand Handyman,110,Tier 2 (ID Verified),Non-Binary,55+,46.01822923,TRUE,USSD
val_3264,Ama Owusu,Ride-Hailing Driver,1143,Tier 0 (Unverified),Male,25-34,44.89170965,TRUE,Mobile App (Android)
val_3265,Akosua Sarpong,Mobile Money Agent,1608,Tier 1 (Phone Verified),Male,55+,71.65345616,FALSE,WhatsApp Bot
val_3266,Adwoa Acheampong,Delivery Rider,1184,Tier 0 (Unverified),Prefer Not to Say,35-44,37.70352411,TRUE,Agent
val_3267,Efua Antwi,E-commerce Reseller,1058,Tier 2 (ID Verified),Male,35-44,43.72597811,FALSE,USSD
val_3268,Amara Nwosu,Delivery Rider,408,Tier 0 (Unverified),Male,25-34,16.36711192,TRUE,Mobile App (Android)
val_3269,Thandeka Mthembu,E-commerce Reseller,1447,Tier 0 (Unverified),Female,45-54,67.96304563,TRUE,Web
val_3270,Emeka Obi,Market Trader,824,Tier 1 (Phone Verified),Non-Binary,45-54,7.692474923,TRUE,WhatsApp Bot
val_3271,Kevin Odhiambo,Ride-Hailing Driver,480,Tier 2 (ID Verified),Non-Binary,35-44,99.05121609,TRUE,Mobile App (iOS)
val_3272,Nana Adjei,Motorcycle Taxi Rider (Boda-Boda/Okada),894,Tier 0 (Unverified),Male,35-44,14.37375772,TRUE,USSD
val_3273,Kevin Odhiambo,E-commerce Reseller,222,Tier 1 (Phone Verified),Prefer Not to Say,35-44,38.29783961,TRUE,USSD
val_3274,Chidinma Okeke,Motorcycle Taxi Rider (Boda-Boda/Okada),1691,Tier 3 (Address + Income Verified),Female,35-44,23.77806329,FALSE,Mobile App (Android)
val_3275,Mpho Sithole,Logistics Driver (Truck/Van),1282,Tier 2 (ID Verified),Non-Binary,55+,29.0658126,FALSE,Web
val_3276,Tunde Adeyemi,Informal Vendor,596,Tier 3 (Address + Income Verified),Male,18-24,32.24532493,TRUE,Web
val_3277,Chidinma Okeke,Agricultural Day Labourer,1449,Tier 1 (Phone Verified),Prefer Not to Say,25-34,71.83366391,FALSE,Mobile App (Android)
val_3278,Thandeka Mthembu,Delivery Rider,98,Tier 3 (Address + Income Verified),Female,55+,17.67492732,TRUE,WhatsApp Bot
val_3279,Adwoa Acheampong,Informal Vendor,704,Tier 0 (Unverified),Prefer Not to Say,45-54,26.38565422,FALSE,WhatsApp Bot
val_3280,Ngozi Eze,On-Demand Handyman,1189,Tier 2 (ID Verified),Female,25-34,10.12060903,FALSE,WhatsApp Bot
val_3281,Sipho Dlamini,Market Trader,43,Tier 1 (Phone Verified),Non-Binary,35-44,33.14599987,FALSE,Web
val_3282,Lerato Molefe,Ride-Hailing Driver,1294,Tier 0 (Unverified),Non-Binary,18-24,94.12417434,TRUE,Agent
val_3283,Ngozi Eze,E-commerce Reseller,1494,Tier 3 (Address + Income Verified),Male,18-24,38.01089827,TRUE,WhatsApp Bot
val_3284,Kevin Odhiambo,Informal Vendor,1084,Tier 2 (ID Verified),Male,55+,77.7338304,TRUE,Web
val_3285,James Kipkoech,Ride-Hailing Driver,376,Tier 0 (Unverified),Female,45-54,46.1703938,FALSE,Web
val_3286,Amara Nwosu,Ride-Hailing Driver,1367,Tier 0 (Unverified),Male,18-24,44.95996843,FALSE,Mobile App (iOS)
val_3287,Yusuf Musa,Market Trader,619,Tier 2 (ID Verified),Non-Binary,45-54,82.3970944,TRUE,Mobile App (Android)
val_3288,Emeka Obi,E-commerce Reseller,1343,Tier 2 (ID Verified),Male,35-44,2.681945357,TRUE,Agent
val_3289,Fatima Abdullahi,E-commerce Reseller,1147,Tier 0 (Unverified),Non-Binary,35-44,86.48864992,TRUE,Mobile App (iOS)
val_3290,Kevin Odhiambo,Mobile Money Agent,170,Tier 3 (Address + Income Verified),Male,55+,48.52084516,FALSE,Mobile App (iOS)
val_3291,James Kipkoech,Food Delivery Courier,182,Tier 2 (ID Verified),Male,55+,35.11271852,TRUE,Web
val_3292,Chidinma Okeke,Ride-Hailing Driver,27,Tier 1 (Phone Verified),Female,18-24,90.6834951,FALSE,Agent
val_3293,Grace Wanjiku,Ride-Hailing Driver,131,Tier 0 (Unverified),Non-Binary,25-34,33.98593518,FALSE,Mobile App (Android)
val_3294,Fatima Abdullahi,Motorcycle Taxi Rider (Boda-Boda/Okada),547,Tier 1 (Phone Verified),Female,25-34,97.76973551,FALSE,Mobile App (Android)
val_3295,Nomvula Khumalo,Agricultural Day Labourer,46,Tier 1 (Phone Verified),Female,55+,93.63564993,TRUE,Agent
val_3296,Yusuf Musa,Informal Vendor,1713,Tier 0 (Unverified),Female,45-54,26.79232122,FALSE,Mobile App (Android)
val_3297,Mpho Sithole,Mobile Money Agent,1673,Tier 1 (Phone Verified),Female,45-54,34.06027198,TRUE,Mobile App (Android)
val_3298,Ama Owusu,Motorcycle Taxi Rider (Boda-Boda/Okada),315,Tier 0 (Unverified),Female,18-24,81.2167546,TRUE,Mobile App (Android)
val_3299,Thabo Nkosi,Mobile Money Agent,568,Tier 0 (Unverified),Prefer Not to Say,55+,19.56100823,FALSE,Agent
val_3300,Akosua Sarpong,Tutor / Private Instructor,1355,Tier 0 (Unverified),Non-Binary,35-44,73.19515641,FALSE,Mobile App (iOS)
val_3301,Brian Otieno,Food Delivery Courier,1206,Tier 1 (Phone Verified),Female,25-34,12.9151147,FALSE,Mobile App (iOS)
val_3302,Yaw Darko,E-commerce Reseller,1062,Tier 1 (Phone Verified),Non-Binary,35-44,20.56055267,FALSE,USSD
val_3303,Brian Otieno,Domestic Worker,1806,Tier 1 (Phone Verified),Non-Binary,35-44,50.05058096,TRUE,USSD
val_3304,Babatunde Fashola,Freelance Creative,1150,Tier 2 (ID Verified),Prefer Not to Say,25-34,74.58817268,FALSE,Web
val_3305,Brian Otieno,Mobile Money Agent,1222,Tier 2 (ID Verified),Non-Binary,55+,73.94286436,TRUE,WhatsApp Bot
val_3306,Grace Wanjiku,E-commerce Reseller,916,Tier 0 (Unverified),Male,55+,60.89222722,FALSE,Mobile App (Android)
val_3307,Amara Nwosu,E-commerce Reseller,958,Tier 3 (Address + Income Verified),Non-Binary,18-24,27.21126739,FALSE,WhatsApp Bot
val_3308,Chukwuemeka Okonkwo,Agricultural Day Labourer,531,Tier 2 (ID Verified),Prefer Not to Say,55+,41.53778641,TRUE,Agent
val_3309,Bongani Ndlovu,Domestic Worker,951,Tier 1 (Phone Verified),Male,35-44,24.62142666,TRUE,Mobile App (Android)
val_3310,Kwame Asante,Ride-Hailing Driver,1676,Tier 0 (Unverified),Male,45-54,27.7017425,TRUE,Agent
val_3311,Kevin Odhiambo,Ride-Hailing Driver,688,Tier 3 (Address + Income Verified),Non-Binary,45-54,32.32240207,TRUE,USSD
val_3312,Bongani Ndlovu,Mobile Money Agent,243,Tier 2 (ID Verified),Prefer Not to Say,35-44,59.8847711,FALSE,Mobile App (iOS)
val_3313,Yusuf Musa,Online Freelancer (Tech/Design),1095,Tier 1 (Phone Verified),Female,45-54,20.75948886,TRUE,Web
val_3314,Kevin Odhiambo,Ride-Hailing Driver,1433,Tier 0 (Unverified),Non-Binary,45-54,4.256951918,TRUE,WhatsApp Bot
val_3315,Zanele Mokoena,Motorcycle Taxi Rider (Boda-Boda/Okada),1750,Tier 0 (Unverified),Non-Binary,55+,69.24546518,TRUE,Mobile App (Android)
val_3316,Akosua Sarpong,Agricultural Day Labourer,989,Tier 1 (Phone Verified),Non-Binary,35-44,2.180640061,TRUE,WhatsApp Bot
val_3317,Faith Achieng,Mobile Money Agent,1438,Tier 0 (Unverified),Male,45-54,97.07848179,FALSE,Agent
val_3318,Brian Otieno,Food Delivery Courier,457,Tier 0 (Unverified),Female,55+,35.02855102,FALSE,Mobile App (Android)
val_3319,Aisha Bello,Food Delivery Courier,774,Tier 1 (Phone Verified),Prefer Not to Say,55+,0.658137232,FALSE,Web
val_3320,Ngozi Eze,On-Demand Handyman,765,Tier 0 (Unverified),Prefer Not to Say,18-24,88.45853114,TRUE,WhatsApp Bot
val_3321,Emeka Obi,E-commerce Reseller,607,Tier 1 (Phone Verified),Prefer Not to Say,35-44,59.98045333,TRUE,Mobile App (Android)
val_3322,Nomvula Khumalo,On-Demand Handyman,1307,Tier 3 (Address + Income Verified),Male,35-44,81.73922948,TRUE,USSD
val_3323,Akosua Sarpong,Freelance Creative,1613,Tier 3 (Address + Income Verified),Female,45-54,43.50247156,FALSE,Mobile App (Android)
val_3324,Mary Wairimu,E-commerce Reseller,596,Tier 0 (Unverified),Male,45-54,35.4181883,TRUE,Web
val_3325,Nomvula Khumalo,Logistics Driver (Truck/Van),247,Tier 2 (ID Verified),Female,55+,65.5189443,FALSE,USSD
val_3326,Emeka Obi,Freelance Creative,1507,Tier 3 (Address + Income Verified),Prefer Not to Say,35-44,40.60008749,FALSE,Mobile App (Android)
val_3327,Yusuf Musa,Market Trader,1551,Tier 2 (ID Verified),Female,45-54,55.6208598,FALSE,Mobile App (Android)
val_3328,Faith Achieng,Delivery Rider,1707,Tier 1 (Phone Verified),Male,55+,27.78228781,FALSE,USSD
val_3329,Mpho Sithole,On-Demand Handyman,465,Tier 1 (Phone Verified),Non-Binary,18-24,33.26454067,TRUE,Agent
val_3330,Yaw Darko,Ride-Hailing Driver,1312,Tier 0 (Unverified),Prefer Not to Say,45-54,8.219076322,FALSE,Web
val_3331,Lungelo Zulu,Food Delivery Courier,1306,Tier 1 (Phone Verified),Non-Binary,25-34,78.13719867,TRUE,USSD
val_3332,Chidinma Okeke,Agricultural Day Labourer,1442,Tier 3 (Address + Income Verified),Prefer Not to Say,55+,34.8850827,FALSE,WhatsApp Bot
val_3333,Zanele Mokoena,Ride-Hailing Driver,1472,Tier 2 (ID Verified),Non-Binary,35-44,97.49991454,FALSE,WhatsApp Bot
val_3334,Tunde Adeyemi,Tutor / Private Instructor,1739,Tier 1 (Phone Verified),Non-Binary,45-54,25.97588241,TRUE,WhatsApp Bot
val_3335,Chidinma Okeke,Mobile Money Agent,870,Tier 0 (Unverified),Prefer Not to Say,45-54,47.50526803,FALSE,Web
val_3336,Kwame Asante,Market Trader,138,Tier 3 (Address + Income Verified),Female,25-34,30.55322005,FALSE,Mobile App (iOS)
val_3337,Tunde Adeyemi,Domestic Worker,351,Tier 0 (Unverified),Female,35-44,69.39253749,TRUE,Mobile App (Android)
val_3338,Lungelo Zulu,On-Demand Handyman,1618,Tier 2 (ID Verified),Non-Binary,45-54,80.83659196,TRUE,WhatsApp Bot
val_3339,Lungelo Zulu,Mobile Money Agent,1542,Tier 1 (Phone Verified),Non-Binary,45-54,48.70107305,TRUE,Agent
val_3340,Ama Owusu,Online Freelancer (Tech/Design),20,Tier 1 (Phone Verified),Female,25-34,36.69275574,TRUE,Mobile App (iOS)
val_3341,Samuel Kamau,Tutor / Private Instructor,671,Tier 0 (Unverified),Female,55+,74.47513191,TRUE,Mobile App (iOS)
val_3342,Ngozi Eze,Food Delivery Courier,447,Tier 1 (Phone Verified),Male,18-24,19.14550441,TRUE,Mobile App (Android)
val_3343,Yaw Darko,Agricultural Day Labourer,585,Tier 2 (ID Verified),Non-Binary,25-34,59.94663382,TRUE,Mobile App (iOS)
val_3344,Ama Owusu,Freelance Creative,1166,Tier 1 (Phone Verified),Male,55+,73.36244603,TRUE,Web
val_3345,Sipho Dlamini,Tutor / Private Instructor,931,Tier 0 (Unverified),Female,45-54,26.92696114,TRUE,Agent
val_3346,Yaw Darko,Food Delivery Courier,878,Tier 1 (Phone Verified),Female,35-44,65.56993401,FALSE,Mobile App (iOS)
val_3347,Amara Nwosu,Freelance Creative,794,Tier 0 (Unverified),Prefer Not to Say,35-44,73.52261451,TRUE,USSD
val_3348,Babatunde Fashola,Agricultural Day Labourer,1171,Tier 1 (Phone Verified),Female,55+,11.74166295,TRUE,Mobile App (iOS)
val_3349,Nomvula Khumalo,Informal Vendor,1247,Tier 3 (Address + Income Verified),Male,25-34,32.39074843,TRUE,Mobile App (Android)
val_3350,Emeka Obi,Motorcycle Taxi Rider (Boda-Boda/Okada),79,Tier 3 (Address + Income Verified),Non-Binary,25-34,40.63060479,TRUE,Mobile App (iOS)
val_3351,Bongani Ndlovu,Domestic Worker,250,Tier 3 (Address + Income Verified),Male,35-44,77.59573971,FALSE,USSD
val_3352,Babatunde Fashola,Market Trader,622,Tier 0 (Unverified),Female,55+,56.75051329,FALSE,WhatsApp Bot
val_3353,Adwoa Acheampong,On-Demand Handyman,795,Tier 1 (Phone Verified),Female,35-44,44.95614731,FALSE,Mobile App (Android)
val_3354,Thandeka Mthembu,Domestic Worker,1819,Tier 0 (Unverified),Male,45-54,31.87724487,FALSE,USSD
val_3355,Mary Wairimu,Tutor / Private Instructor,1628,Tier 1 (Phone Verified),Prefer Not to Say,55+,0.406136722,TRUE,Agent
val_3356,Tunde Adeyemi,Tutor / Private Instructor,1184,Tier 2 (ID Verified),Female,55+,2.022009096,FALSE,Mobile App (iOS)
val_3357,Palesa Motsepe,On-Demand Handyman,65,Tier 3 (Address + Income Verified),Non-Binary,35-44,24.04462257,TRUE,WhatsApp Bot
val_3358,Fatima Abdullahi,Agricultural Day Labourer,183,Tier 1 (Phone Verified),Prefer Not to Say,35-44,11.66906058,TRUE,Mobile App (iOS)
val_3359,Ama Owusu,Online Freelancer (Tech/Design),835,Tier 0 (Unverified),Female,18-24,11.9586597,TRUE,Agent
val_3360,Thandeka Mthembu,Delivery Rider,1071,Tier 1 (Phone Verified),Prefer Not to Say,18-24,60.27396241,FALSE,WhatsApp Bot
val_3361,Adwoa Acheampong,Agricultural Day Labourer,1206,Tier 1 (Phone Verified),Female,35-44,60.54553232,TRUE,WhatsApp Bot
val_3362,Aisha Bello,Informal Vendor,259,Tier 2 (ID Verified),Prefer Not to Say,45-54,4.477210944,TRUE,Web
val_3363,Thabo Nkosi,Motorcycle Taxi Rider (Boda-Boda/Okada),1620,Tier 0 (Unverified),Female,55+,59.39352518,FALSE,Agent
val_3364,Emeka Obi,Online Freelancer (Tech/Design),900,Tier 2 (ID Verified),Male,35-44,14.5818594,TRUE,Web
val_3365,Adwoa Acheampong,Agricultural Day Labourer,1084,Tier 1 (Phone Verified),Prefer Not to Say,35-44,37.72257348,TRUE,Mobile App (Android)
val_3366,Yaw Darko,Market Trader,71,Tier 2 (ID Verified),Prefer Not to Say,55+,98.96838597,TRUE,WhatsApp Bot
val_3367,Grace Wanjiku,E-commerce Reseller,1505,Tier 3 (Address + Income Verified),Prefer Not to Say,25-34,52.20053632,FALSE,WhatsApp Bot
val_3368,Kevin Odhiambo,E-commerce Reseller,991,Tier 0 (Unverified),Male,18-24,3.418801336,FALSE,Mobile App (iOS)
val_3369,Babatunde Fashola,Online Freelancer (Tech/Design),406,Tier 3 (Address + Income Verified),Prefer Not to Say,55+,34.76582017,TRUE,USSD
val_3370,Thandeka Mthembu,Tutor / Private Instructor,582,Tier 0 (Unverified),Female,35-44,67.08981588,TRUE,Web
val_3371,Chidinma Okeke,Logistics Driver (Truck/Van),644,Tier 3 (Address + Income Verified),Prefer Not to Say,18-24,22.45978846,FALSE,USSD
val_3372,Samuel Kamau,On-Demand Handyman,49,Tier 1 (Phone Verified),Prefer Not to Say,25-34,96.4449237,FALSE,USSD
val_3373,Kwame Asante,Motorcycle Taxi Rider (Boda-Boda/Okada),1720,Tier 2 (ID Verified),Male,25-34,42.52936979,FALSE,WhatsApp Bot
val_3374,Nana Adjei,Online Freelancer (Tech/Design),1466,Tier 3 (Address + Income Verified),Female,25-34,2.108730674,TRUE,Agent
val_3375,Kwame Asante,Delivery Rider,1617,Tier 2 (ID Verified),Female,35-44,54.05661646,FALSE,Agent
val_3376,Kwame Asante,Delivery Rider,645,Tier 1 (Phone Verified),Female,55+,67.61896244,FALSE,WhatsApp Bot
val_3377,Abena Boateng,Motorcycle Taxi Rider (Boda-Boda/Okada),1018,Tier 3 (Address + Income Verified),Non-Binary,45-54,45.59911771,FALSE,WhatsApp Bot
val_3378,Lungelo Zulu,Tutor / Private Instructor,836,Tier 1 (Phone Verified),Female,55+,92.81708398,TRUE,WhatsApp Bot
val_3379,Faith Achieng,E-commerce Reseller,868,Tier 2 (ID Verified),Non-Binary,55+,90.19321675,TRUE,USSD
val_3380,Zanele Mokoena,Food Delivery Courier,1075,Tier 2 (ID Verified),Non-Binary,25-34,13.89600732,FALSE,Mobile App (Android)
val_3381,Nomvula Khumalo,Motorcycle Taxi Rider (Boda-Boda/Okada),823,Tier 1 (Phone Verified),Male,18-24,7.994816734,TRUE,Web
val_3382,Lerato Molefe,Mobile Money Agent,1411,Tier 0 (Unverified),Male,18-24,31.23089974,FALSE,USSD
val_3383,Mpho Sithole,Agricultural Day Labourer,107,Tier 1 (Phone Verified),Non-Binary,45-54,60.81326623,TRUE,Mobile App (Android)
val_3384,Nomvula Khumalo,Tutor / Private Instructor,351,Tier 3 (Address + Income Verified),Male,25-34,60.15953143,TRUE,Agent
val_3385,Chidinma Okeke,Domestic Worker,1629,Tier 2 (ID Verified),Male,45-54,27.16430997,FALSE,Mobile App (iOS)
val_3386,Sipho Dlamini,On-Demand Handyman,1611,Tier 2 (ID Verified),Non-Binary,35-44,95.11005468,TRUE,Mobile App (Android)
val_3387,Adwoa Acheampong,Logistics Driver (Truck/Van),1493,Tier 1 (Phone Verified),Female,55+,30.73317167,FALSE,WhatsApp Bot
val_3388,Grace Wanjiku,Online Freelancer (Tech/Design),673,Tier 2 (ID Verified),Male,35-44,80.41994361,TRUE,Mobile App (iOS)
val_3389,Efua Antwi,Freelance Creative,833,Tier 1 (Phone Verified),Female,55+,83.19801806,TRUE,Mobile App (iOS)
val_3390,Brian Otieno,Tutor / Private Instructor,46,Tier 0 (Unverified),Non-Binary,25-34,9.843501893,TRUE,Agent
val_3391,Kwame Asante,E-commerce Reseller,510,Tier 0 (Unverified),Prefer Not to Say,45-54,23.25529122,FALSE,Web
val_3392,Nomvula Khumalo,Online Freelancer (Tech/Design),1326,Tier 1 (Phone Verified),Prefer Not to Say,35-44,21.5191508,TRUE,Mobile App (iOS)
val_3393,Fatima Abdullahi,Motorcycle Taxi Rider (Boda-Boda/Okada),626,Tier 2 (ID Verified),Non-Binary,18-24,91.96513168,TRUE,WhatsApp Bot
val_3394,Esther Njeri,Motorcycle Taxi Rider (Boda-Boda/Okada),876,Tier 1 (Phone Verified),Prefer Not to Say,25-34,35.11049239,TRUE,Mobile App (Android)
val_3395,Nomvula Khumalo,Online Freelancer (Tech/Design),224,Tier 0 (Unverified),Non-Binary,25-34,83.64713334,TRUE,WhatsApp Bot
val_3396,James Kipkoech,Agricultural Day Labourer,906,Tier 1 (Phone Verified),Female,18-24,47.80180022,TRUE,WhatsApp Bot
val_3397,Lerato Molefe,Delivery Rider,1317,Tier 1 (Phone Verified),Prefer Not to Say,55+,45.72190442,FALSE,USSD
val_3398,Chukwuemeka Okonkwo,Online Freelancer (Tech/Design),1044,Tier 2 (ID Verified),Female,25-34,90.34213576,FALSE,Web
val_3399,Kojo Ofori,Motorcycle Taxi Rider (Boda-Boda/Okada),1016,Tier 1 (Phone Verified),Prefer Not to Say,35-44,44.09014072,TRUE,USSD
val_3400,Thabo Nkosi,Agricultural Day Labourer,1670,Tier 1 (Phone Verified),Prefer Not to Say,35-44,74.48519172,TRUE,Mobile App (iOS)
val_3401,Mpho Sithole,Food Delivery Courier,427,Tier 0 (Unverified),Female,35-44,42.43775018,TRUE,WhatsApp Bot
val_3402,Emeka Obi,Motorcycle Taxi Rider (Boda-Boda/Okada),546,Tier 2 (ID Verified),Non-Binary,45-54,10.18697366,TRUE,Mobile App (Android)
val_3403,Thandeka Mthembu,Logistics Driver (Truck/Van),1137,Tier 3 (Address + Income Verified),Prefer Not to Say,55+,5.30947945,FALSE,Agent
val_3404,Faith Achieng,Logistics Driver (Truck/Van),876,Tier 2 (ID Verified),Prefer Not to Say,55+,20.8240177,FALSE,Web
val_3405,David Mwangi,Motorcycle Taxi Rider (Boda-Boda/Okada),1788,Tier 1 (Phone Verified),Male,55+,72.22680362,FALSE,Mobile App (iOS)
val_3406,David Mwangi,Motorcycle Taxi Rider (Boda-Boda/Okada),108,Tier 1 (Phone Verified),Prefer Not to Say,35-44,37.36497201,TRUE,USSD
val_3407,Akosua Sarpong,On-Demand Handyman,223,Tier 1 (Phone Verified),Non-Binary,45-54,45.41075814,FALSE,USSD
val_3408,Nana Adjei,Ride-Hailing Driver,624,Tier 0 (Unverified),Male,18-24,10.18763985,FALSE,Agent
val_3409,James Kipkoech,Informal Vendor,837,Tier 0 (Unverified),Male,55+,62.30375998,TRUE,USSD
val_3410,Tunde Adeyemi,Online Freelancer (Tech/Design),1625,Tier 3 (Address + Income Verified),Non-Binary,18-24,80.34482104,TRUE,USSD
val_3411,Thandeka Mthembu,Informal Vendor,902,Tier 3 (Address + Income Verified),Female,18-24,62.4683244,TRUE,WhatsApp Bot
val_3412,Yusuf Musa,Food Delivery Courier,798,Tier 3 (Address + Income Verified),Male,55+,98.46140818,TRUE,Agent
val_3413,Ngozi Eze,Delivery Rider,304,Tier 2 (ID Verified),Non-Binary,45-54,1.634139151,FALSE,Mobile App (iOS)
val_3414,Abena Boateng,Agricultural Day Labourer,792,Tier 3 (Address + Income Verified),Non-Binary,18-24,1.566982725,FALSE,USSD
val_3415,Kevin Odhiambo,Ride-Hailing Driver,970,Tier 1 (Phone Verified),Male,55+,50.00056031,FALSE,Web
val_3416,Yaw Darko,Domestic Worker,1065,Tier 1 (Phone Verified),Female,18-24,26.64080589,TRUE,Agent
val_3417,Palesa Motsepe,Mobile Money Agent,1106,Tier 0 (Unverified),Female,18-24,68.65104054,TRUE,Mobile App (Android)
val_3418,Ngozi Eze,Informal Vendor,784,Tier 0 (Unverified),Prefer Not to Say,55+,79.32101536,FALSE,Web
val_3419,Grace Wanjiku,Food Delivery Courier,287,Tier 2 (ID Verified),Non-Binary,25-34,10.24359088,FALSE,Mobile App (Android)
val_3420,Kwame Asante,Informal Vendor,278,Tier 0 (Unverified),Male,25-34,91.73382027,FALSE,Agent
val_3421,Nomvula Khumalo,Agricultural Day Labourer,282,Tier 3 (Address + Income Verified),Non-Binary,45-54,2.992293781,FALSE,Agent
val_3422,Yaw Darko,Food Delivery Courier,1129,Tier 3 (Address + Income Verified),Prefer Not to Say,45-54,68.84039278,FALSE,Mobile App (Android)
val_3423,Faith Achieng,Market Trader,1563,Tier 1 (Phone Verified),Male,35-44,38.45007663,FALSE,WhatsApp Bot
val_3424,Yaw Darko,Ride-Hailing Driver,1612,Tier 2 (ID Verified),Prefer Not to Say,55+,66.74392128,TRUE,Web
val_3425,Thandeka Mthembu,Mobile Money Agent,568,Tier 0 (Unverified),Male,18-24,9.763632161,FALSE,Mobile App (Android)
val_3426,Lydia Chebet,Food Delivery Courier,145,Tier 1 (Phone Verified),Non-Binary,55+,93.70803194,FALSE,USSD
val_3427,Palesa Motsepe,Motorcycle Taxi Rider (Boda-Boda/Okada),1150,Tier 0 (Unverified),Female,25-34,93.74083398,TRUE,Mobile App (Android)
val_3428,Nomvula Khumalo,Domestic Worker,70,Tier 0 (Unverified),Non-Binary,45-54,51.94008142,FALSE,Mobile App (iOS)
val_3429,Samuel Kamau,Domestic Worker,1144,Tier 0 (Unverified),Prefer Not to Say,25-34,50.95845341,FALSE,Agent
val_3430,Chidinma Okeke,Motorcycle Taxi Rider (Boda-Boda/Okada),699,Tier 3 (Address + Income Verified),Prefer Not to Say,25-34,63.48081878,FALSE,Mobile App (iOS)
val_3431,Sipho Dlamini,Delivery Rider,1532,Tier 2 (ID Verified),Prefer Not to Say,25-34,58.00689505,TRUE,USSD
val_3432,Yusuf Musa,Motorcycle Taxi Rider (Boda-Boda/Okada),1141,Tier 3 (Address + Income Verified),Prefer Not to Say,35-44,54.35465668,FALSE,Web
val_3433,Esther Njeri,Agricultural Day Labourer,1351,Tier 3 (Address + Income Verified),Female,55+,58.91911489,TRUE,Mobile App (iOS)
val_3434,Chidinma Okeke,Market Trader,740,Tier 3 (Address + Income Verified),Female,18-24,85.86301722,TRUE,Mobile App (iOS)
val_3435,Yaw Darko,Motorcycle Taxi Rider (Boda-Boda/Okada),1534,Tier 3 (Address + Income Verified),Non-Binary,45-54,61.10667796,TRUE,Agent
val_3436,Grace Wanjiku,Delivery Rider,958,Tier 0 (Unverified),Male,55+,19.58343548,TRUE,WhatsApp Bot
val_3437,Nana Adjei,Tutor / Private Instructor,1141,Tier 3 (Address + Income Verified),Non-Binary,45-54,91.39120404,TRUE,USSD
val_3438,Bongani Ndlovu,Food Delivery Courier,658,Tier 2 (ID Verified),Non-Binary,55+,21.59606186,TRUE,WhatsApp Bot
val_3439,Zanele Mokoena,Agricultural Day Labourer,820,Tier 0 (Unverified),Prefer Not to Say,18-24,16.51616948,FALSE,Agent
val_3440,Bongani Ndlovu,E-commerce Reseller,1534,Tier 0 (Unverified),Male,25-34,99.70578291,TRUE,Agent
val_3441,Chukwuemeka Okonkwo,Delivery Rider,718,Tier 3 (Address + Income Verified),Male,35-44,21.34166945,FALSE,USSD
val_3442,James Kipkoech,Freelance Creative,39,Tier 3 (Address + Income Verified),Male,35-44,10.00933587,TRUE,Web
val_3443,Yusuf Musa,Ride-Hailing Driver,692,Tier 1 (Phone Verified),Non-Binary,25-34,56.20072109,TRUE,Web
val_3444,Mpho Sithole,Informal Vendor,715,Tier 0 (Unverified),Non-Binary,25-34,82.71937437,FALSE,Agent
val_3445,Kojo Ofori,Market Trader,763,Tier 1 (Phone Verified),Non-Binary,55+,6.075071986,TRUE,Web
val_3446,Samuel Kamau,E-commerce Reseller,129,Tier 0 (Unverified),Male,25-34,49.01041752,FALSE,WhatsApp Bot
val_3447,Kofi Mensah,Delivery Rider,236,Tier 2 (ID Verified),Female,55+,6.850234046,FALSE,WhatsApp Bot
val_3448,Yaw Darko,Logistics Driver (Truck/Van),591,Tier 1 (Phone Verified),Female,18-24,42.86911179,TRUE,Mobile App (Android)
val_3449,Lydia Chebet,Food Delivery Courier,774,Tier 0 (Unverified),Male,35-44,34.39601288,TRUE,Web
val_3450,James Kipkoech,Domestic Worker,52,Tier 3 (Address + Income Verified),Prefer Not to Say,45-54,13.71294181,TRUE,USSD
val_3451,Tunde Adeyemi,Online Freelancer (Tech/Design),711,Tier 3 (Address + Income Verified),Male,55+,93.10210234,TRUE,Agent
val_3452,James Kipkoech,Agricultural Day Labourer,584,Tier 3 (Address + Income Verified),Non-Binary,45-54,63.48869795,TRUE,USSD
val_3453,Esther Njeri,On-Demand Handyman,63,Tier 3 (Address + Income Verified),Female,18-24,84.30563006,FALSE,Mobile App (Android)
val_3454,Thabo Nkosi,Online Freelancer (Tech/Design),457,Tier 0 (Unverified),Prefer Not to Say,45-54,90.59445292,TRUE,Web
val_3455,Lungelo Zulu,Delivery Rider,502,Tier 3 (Address + Income Verified),Non-Binary,25-34,93.0185331,FALSE,Mobile App (iOS)
val_3456,Sipho Dlamini,Tutor / Private Instructor,262,Tier 3 (Address + Income Verified),Female,55+,74.81146164,FALSE,WhatsApp Bot
val_3457,Aisha Bello,Domestic Worker,1372,Tier 3 (Address + Income Verified),Non-Binary,45-54,30.69483152,FALSE,USSD
val_3458,Zanele Mokoena,Mobile Money Agent,132,Tier 1 (Phone Verified),Male,18-24,82.89326189,FALSE,WhatsApp Bot
val_3459,Faith Achieng,Food Delivery Courier,1055,Tier 1 (Phone Verified),Male,25-34,52.01829115,TRUE,Web
val_3460,Kevin Odhiambo,Informal Vendor,1214,Tier 3 (Address + Income Verified),Female,55+,27.16539218,FALSE,Mobile App (iOS)
val_3461,Bongani Ndlovu,Tutor / Private Instructor,1472,Tier 0 (Unverified),Prefer Not to Say,55+,38.577381,FALSE,USSD
val_3462,Lungelo Zulu,Agricultural Day Labourer,996,Tier 2 (ID Verified),Prefer Not to Say,45-54,30.12235308,TRUE,USSD
val_3463,Tunde Adeyemi,Ride-Hailing Driver,990,Tier 3 (Address + Income Verified),Female,25-34,46.620404,FALSE,Mobile App (iOS)
val_3464,David Mwangi,E-commerce Reseller,1389,Tier 3 (Address + Income Verified),Female,25-34,78.13351381,FALSE,Agent
val_3465,Adwoa Acheampong,Agricultural Day Labourer,1559,Tier 2 (ID Verified),Prefer Not to Say,45-54,48.48673418,FALSE,Agent
val_3466,Ama Owusu,Market Trader,385,Tier 3 (Address + Income Verified),Non-Binary,35-44,26.78585781,TRUE,Mobile App (Android)
val_3467,Brian Otieno,Informal Vendor,1453,Tier 3 (Address + Income Verified),Male,25-34,8.740307468,TRUE,Agent
val_3468,Kwame Asante,Agricultural Day Labourer,844,Tier 3 (Address + Income Verified),Male,25-34,85.57560871,FALSE,Agent
val_3469,Lungelo Zulu,Motorcycle Taxi Rider (Boda-Boda/Okada),179,Tier 0 (Unverified),Prefer Not to Say,18-24,41.73686068,FALSE,Mobile App (iOS)
val_3470,Yusuf Musa,Domestic Worker,1118,Tier 0 (Unverified),Prefer Not to Say,35-44,44.19225454,FALSE,Mobile App (Android)
val_3471,Adwoa Acheampong,Delivery Rider,1784,Tier 1 (Phone Verified),Prefer Not to Say,35-44,76.37215702,FALSE,Mobile App (iOS)
val_3472,Adwoa Acheampong,E-commerce Reseller,256,Tier 1 (Phone Verified),Male,35-44,84.97264959,FALSE,Web
val_3473,Palesa Motsepe,Market Trader,26,Tier 1 (Phone Verified),Prefer Not to Say,55+,51.1144908,TRUE,Agent
val_3474,Grace Wanjiku,Logistics Driver (Truck/Van),1673,Tier 0 (Unverified),Male,45-54,63.23678338,FALSE,USSD
val_3475,Yusuf Musa,Online Freelancer (Tech/Design),1089,Tier 2 (ID Verified),Prefer Not to Say,35-44,23.91567005,TRUE,WhatsApp Bot
val_3476,Ama Owusu,Mobile Money Agent,400,Tier 0 (Unverified),Prefer Not to Say,25-34,93.50679456,FALSE,Mobile App (Android)
val_3477,Ama Owusu,Domestic Worker,1447,Tier 3 (Address + Income Verified),Female,45-54,56.79212681,TRUE,Web
val_3478,Kevin Odhiambo,On-Demand Handyman,718,Tier 2 (ID Verified),Male,55+,71.96048905,FALSE,USSD
val_3479,Nomvula Khumalo,On-Demand Handyman,606,Tier 3 (Address + Income Verified),Non-Binary,18-24,11.42130544,FALSE,Mobile App (Android)
val_3480,Nomvula Khumalo,On-Demand Handyman,529,Tier 0 (Unverified),Male,25-34,63.69209524,TRUE,Agent
val_3481,Chidinma Okeke,Informal Vendor,1092,Tier 1 (Phone Verified),Non-Binary,18-24,36.89497824,TRUE,WhatsApp Bot
val_3482,Nomvula Khumalo,Tutor / Private Instructor,245,Tier 3 (Address + Income Verified),Female,25-34,45.00629752,TRUE,Agent
val_3483,Chidinma Okeke,Logistics Driver (Truck/Van),661,Tier 1 (Phone Verified),Female,18-24,68.21620323,FALSE,USSD
val_3484,Kevin Odhiambo,Delivery Rider,557,Tier 2 (ID Verified),Prefer Not to Say,35-44,79.63275432,FALSE,WhatsApp Bot
val_3485,Aisha Bello,E-commerce Reseller,110,Tier 0 (Unverified),Prefer Not to Say,55+,34.93652383,TRUE,Mobile App (Android)
val_3486,Esther Njeri,Mobile Money Agent,1393,Tier 3 (Address + Income Verified),Female,55+,87.32368522,FALSE,Mobile App (iOS)
val_3487,Lerato Molefe,E-commerce Reseller,15,Tier 1 (Phone Verified),Female,25-34,21.89903042,FALSE,USSD
val_3488,Mary Wairimu,E-commerce Reseller,1752,Tier 3 (Address + Income Verified),Prefer Not to Say,45-54,56.28982333,TRUE,Web
val_3489,Kojo Ofori,Agricultural Day Labourer,173,Tier 1 (Phone Verified),Female,25-34,15.12654803,TRUE,Mobile App (iOS)
val_3490,Babatunde Fashola,Mobile Money Agent,654,Tier 0 (Unverified),Male,25-34,28.92497724,TRUE,Mobile App (Android)
val_3491,Akosua Sarpong,Food Delivery Courier,179,Tier 2 (ID Verified),Prefer Not to Say,45-54,89.54114694,FALSE,Agent
val_3492,David Mwangi,Mobile Money Agent,669,Tier 1 (Phone Verified),Prefer Not to Say,45-54,1.155677607,FALSE,Mobile App (Android)
val_3493,Adwoa Acheampong,Logistics Driver (Truck/Van),1115,Tier 1 (Phone Verified),Female,35-44,91.56111886,FALSE,Agent
val_3494,Bongani Ndlovu,Freelance Creative,159,Tier 3 (Address + Income Verified),Male,18-24,32.84020339,FALSE,Agent
val_3495,Ama Owusu,Ride-Hailing Driver,960,Tier 1 (Phone Verified),Male,35-44,69.57954199,FALSE,Web
val_3496,Babatunde Fashola,Tutor / Private Instructor,1409,Tier 1 (Phone Verified),Non-Binary,25-34,9.171829443,TRUE,Web
val_3497,Lydia Chebet,Delivery Rider,831,Tier 2 (ID Verified),Female,18-24,64.12714623,FALSE,Agent
val_3498,Babatunde Fashola,On-Demand Handyman,205,Tier 0 (Unverified),Non-Binary,18-24,90.94612798,TRUE,USSD
val_3499,Mary Wairimu,Logistics Driver (Truck/Van),1263,Tier 3 (Address + Income Verified),Prefer Not to Say,35-44,55.52019254,FALSE,Mobile App (Android)
val_3500,Tunde Adeyemi,Freelance Creative,340,Tier 0 (Unverified),Male,18-24,36.21214983,FALSE,Agent
val_3501,Akosua Sarpong,Market Trader,30,Tier 0 (Unverified),Prefer Not to Say,45-54,79.35776201,FALSE,Agent
val_3502,Samuel Kamau,Freelance Creative,797,Tier 0 (Unverified),Male,18-24,71.27254244,FALSE,Agent
val_3503,Yusuf Musa,Delivery Rider,494,Tier 1 (Phone Verified),Male,25-34,11.76925609,TRUE,Web
val_3504,Chukwuemeka Okonkwo,Delivery Rider,52,Tier 2 (ID Verified),Non-Binary,55+,66.57015369,FALSE,WhatsApp Bot
val_3505,Palesa Motsepe,Delivery Rider,1419,Tier 2 (ID Verified),Non-Binary,45-54,66.46558461,FALSE,Agent
val_3506,Zanele Mokoena,Mobile Money Agent,1095,Tier 3 (Address + Income Verified),Prefer Not to Say,35-44,75.19211674,FALSE,USSD
val_3507,Thabo Nkosi,E-commerce Reseller,1661,Tier 3 (Address + Income Verified),Non-Binary,18-24,31.63068651,TRUE,Mobile App (iOS)
val_3508,Tunde Adeyemi,Ride-Hailing Driver,877,Tier 1 (Phone Verified),Female,18-24,40.12779816,TRUE,Mobile App (Android)
val_3509,Esther Njeri,Logistics Driver (Truck/Van),800,Tier 3 (Address + Income Verified),Non-Binary,55+,96.00380565,FALSE,Agent
val_3510,Lerato Molefe,Agricultural Day Labourer,1538,Tier 0 (Unverified),Prefer Not to Say,45-54,57.34569208,FALSE,Agent
val_3511,Abena Boateng,Motorcycle Taxi Rider (Boda-Boda/Okada),148,Tier 0 (Unverified),Non-Binary,55+,50.85049771,FALSE,Agent
val_3512,Amara Nwosu,Logistics Driver (Truck/Van),660,Tier 1 (Phone Verified),Female,55+,98.68496922,TRUE,Agent
val_3513,Amara Nwosu,Ride-Hailing Driver,1458,Tier 2 (ID Verified),Prefer Not to Say,18-24,22.95576319,FALSE,Mobile App (Android)
val_3514,Brian Otieno,Domestic Worker,534,Tier 0 (Unverified),Female,55+,39.79369101,FALSE,Mobile App (Android)
val_3515,Lerato Molefe,Mobile Money Agent,1616,Tier 3 (Address + Income Verified),Female,35-44,75.98835616,TRUE,WhatsApp Bot
val_3516,Emeka Obi,E-commerce Reseller,518,Tier 1 (Phone Verified),Female,45-54,71.31005813,TRUE,Mobile App (iOS)
val_3517,Mpho Sithole,Tutor / Private Instructor,755,Tier 1 (Phone Verified),Female,35-44,96.67006431,TRUE,Mobile App (Android)
val_3518,Efua Antwi,Online Freelancer (Tech/Design),1638,Tier 2 (ID Verified),Male,45-54,65.43003408,FALSE,WhatsApp Bot
val_3519,Mpho Sithole,Freelance Creative,444,Tier 1 (Phone Verified),Non-Binary,55+,31.30949732,FALSE,USSD
val_3520,Zanele Mokoena,Domestic Worker,1767,Tier 1 (Phone Verified),Non-Binary,55+,39.76519671,TRUE,Mobile App (iOS)
val_3521,Esther Njeri,Tutor / Private Instructor,80,Tier 3 (Address + Income Verified),Female,35-44,8.971292402,TRUE,Web
val_3522,Zanele Mokoena,Agricultural Day Labourer,485,Tier 1 (Phone Verified),Prefer Not to Say,25-34,92.37202583,TRUE,Mobile App (iOS)
val_3523,Emeka Obi,Online Freelancer (Tech/Design),1079,Tier 0 (Unverified),Female,45-54,12.86680227,FALSE,WhatsApp Bot
val_3524,Grace Wanjiku,Mobile Money Agent,1084,Tier 2 (ID Verified),Female,35-44,54.57037241,TRUE,Mobile App (iOS)
val_3525,Yusuf Musa,Freelance Creative,1661,Tier 2 (ID Verified),Male,25-34,40.13951246,TRUE,Agent
val_3526,Amara Nwosu,E-commerce Reseller,1752,Tier 0 (Unverified),Prefer Not to Say,45-54,13.4223613,TRUE,Mobile App (iOS)
val_3527,Ngozi Eze,Logistics Driver (Truck/Van),1237,Tier 3 (Address + Income Verified),Male,18-24,29.29922536,TRUE,Mobile App (iOS)
val_3528,Fatima Abdullahi,Online Freelancer (Tech/Design),1204,Tier 1 (Phone Verified),Male,35-44,63.35690159,TRUE,Mobile App (iOS)
val_3529,Babatunde Fashola,Agricultural Day Labourer,579,Tier 0 (Unverified),Prefer Not to Say,45-54,3.125149111,FALSE,WhatsApp Bot
val_3530,Faith Achieng,Agricultural Day Labourer,1471,Tier 0 (Unverified),Non-Binary,55+,96.59895334,TRUE,Web
val_3531,Tunde Adeyemi,E-commerce Reseller,1173,Tier 2 (ID Verified),Male,45-54,90.9095618,TRUE,Mobile App (iOS)
val_3532,Tunde Adeyemi,Freelance Creative,43,Tier 0 (Unverified),Female,55+,8.460144633,FALSE,Mobile App (iOS)
val_3533,Thandeka Mthembu,Mobile Money Agent,1519,Tier 1 (Phone Verified),Non-Binary,55+,86.83535484,TRUE,Mobile App (iOS)
val_3534,Ngozi Eze,E-commerce Reseller,656,Tier 2 (ID Verified),Male,25-34,32.85712185,FALSE,Web
val_3535,Tunde Adeyemi,Logistics Driver (Truck/Van),868,Tier 3 (Address + Income Verified),Prefer Not to Say,55+,6.750444853,TRUE,Agent
val_3536,Aisha Bello,Domestic Worker,887,Tier 1 (Phone Verified),Non-Binary,25-34,30.61128343,TRUE,Agent
val_3537,Amara Nwosu,Informal Vendor,1496,Tier 3 (Address + Income Verified),Male,45-54,80.88874942,FALSE,Mobile App (iOS)
val_3538,Ama Owusu,Ride-Hailing Driver,489,Tier 1 (Phone Verified),Non-Binary,25-34,66.58314522,FALSE,Mobile App (iOS)
val_3539,Zanele Mokoena,Informal Vendor,715,Tier 3 (Address + Income Verified),Male,35-44,23.85596007,FALSE,Agent
val_3540,Adwoa Acheampong,E-commerce Reseller,71,Tier 1 (Phone Verified),Non-Binary,45-54,71.91764766,TRUE,Web
val_3541,Abena Boateng,Tutor / Private Instructor,636,Tier 0 (Unverified),Female,55+,70.78211145,FALSE,WhatsApp Bot
val_3542,Ngozi Eze,E-commerce Reseller,161,Tier 2 (ID Verified),Male,55+,74.28613635,TRUE,USSD
val_3543,Sipho Dlamini,E-commerce Reseller,1064,Tier 3 (Address + Income Verified),Non-Binary,55+,54.06566677,TRUE,Mobile App (Android)
val_3544,Aisha Bello,Motorcycle Taxi Rider (Boda-Boda/Okada),1630,Tier 3 (Address + Income Verified),Female,35-44,81.89456521,FALSE,Web
val_3545,Akosua Sarpong,Logistics Driver (Truck/Van),848,Tier 3 (Address + Income Verified),Female,55+,64.1362218,TRUE,USSD
val_3546,Kevin Odhiambo,Agricultural Day Labourer,1665,Tier 0 (Unverified),Prefer Not to Say,18-24,12.53992097,FALSE,Agent
val_3547,Palesa Motsepe,Logistics Driver (Truck/Van),1784,Tier 2 (ID Verified),Non-Binary,55+,81.02559878,TRUE,Mobile App (iOS)
val_3548,Samuel Kamau,Motorcycle Taxi Rider (Boda-Boda/Okada),98,Tier 2 (ID Verified),Female,25-34,32.3768105,TRUE,Mobile App (Android)
val_3549,Akosua Sarpong,Food Delivery Courier,942,Tier 2 (ID Verified),Male,35-44,70.50347182,TRUE,Agent
val_3550,Mary Wairimu,Online Freelancer (Tech/Design),964,Tier 0 (Unverified),Non-Binary,55+,67.51317061,FALSE,Agent
val_3551,Kwame Asante,Ride-Hailing Driver,703,Tier 0 (Unverified),Male,45-54,33.5912521,TRUE,Web
val_3552,Bongani Ndlovu,E-commerce Reseller,1516,Tier 2 (ID Verified),Prefer Not to Say,55+,16.16836585,FALSE,Web
val_3553,Kojo Ofori,Mobile Money Agent,721,Tier 3 (Address + Income Verified),Male,45-54,69.49580879,TRUE,WhatsApp Bot
val_3554,Kevin Odhiambo,Tutor / Private Instructor,100,Tier 0 (Unverified),Non-Binary,45-54,84.90233531,FALSE,Mobile App (iOS)
val_3555,Mary Wairimu,Logistics Driver (Truck/Van),1000,Tier 0 (Unverified),Female,18-24,83.82313169,TRUE,Web
val_3556,Kojo Ofori,Online Freelancer (Tech/Design),368,Tier 1 (Phone Verified),Non-Binary,55+,62.65048419,TRUE,Web
val_3557,Esther Njeri,Freelance Creative,648,Tier 1 (Phone Verified),Female,45-54,22.74072697,FALSE,WhatsApp Bot
val_3558,Emeka Obi,Domestic Worker,916,Tier 3 (Address + Income Verified),Male,45-54,31.62099673,TRUE,Agent
val_3559,James Kipkoech,Agricultural Day Labourer,1320,Tier 3 (Address + Income Verified),Prefer Not to Say,35-44,75.46276809,TRUE,Mobile App (Android)
val_3560,Tunde Adeyemi,Tutor / Private Instructor,507,Tier 2 (ID Verified),Prefer Not to Say,55+,41.08539297,FALSE,Mobile App (iOS)
val_3561,Emeka Obi,Ride-Hailing Driver,695,Tier 3 (Address + Income Verified),Male,35-44,73.24974185,FALSE,Mobile App (Android)
val_3562,Kevin Odhiambo,Tutor / Private Instructor,123,Tier 0 (Unverified),Male,18-24,30.94499926,TRUE,Mobile App (Android)
val_3563,Nomvula Khumalo,Market Trader,701,Tier 3 (Address + Income Verified),Non-Binary,18-24,0.631824654,TRUE,Mobile App (Android)
val_3564,Nomvula Khumalo,Motorcycle Taxi Rider (Boda-Boda/Okada),1059,Tier 1 (Phone Verified),Prefer Not to Say,45-54,60.34900647,FALSE,Mobile App (iOS)
val_3565,Brian Otieno,On-Demand Handyman,1126,Tier 1 (Phone Verified),Non-Binary,45-54,60.09163551,FALSE,Web
val_3566,Kevin Odhiambo,Informal Vendor,535,Tier 0 (Unverified),Male,25-34,62.75546828,FALSE,Mobile App (Android)
val_3567,Emeka Obi,Motorcycle Taxi Rider (Boda-Boda/Okada),111,Tier 0 (Unverified),Non-Binary,45-54,26.81856358,FALSE,Mobile App (Android)
val_3568,Sipho Dlamini,Ride-Hailing Driver,1054,Tier 0 (Unverified),Female,55+,81.10709503,TRUE,USSD
val_3569,Chidinma Okeke,Online Freelancer (Tech/Design),1196,Tier 1 (Phone Verified),Non-Binary,35-44,48.74668388,FALSE,Mobile App (Android)
val_3570,Nomvula Khumalo,Tutor / Private Instructor,155,Tier 0 (Unverified),Female,55+,76.2387909,FALSE,Mobile App (iOS)
val_3571,Zanele Mokoena,Delivery Rider,922,Tier 0 (Unverified),Male,18-24,61.10934644,FALSE,Mobile App (iOS)
val_3572,Efua Antwi,Online Freelancer (Tech/Design),173,Tier 2 (ID Verified),Male,35-44,41.60708148,FALSE,Mobile App (iOS)
val_3573,Esther Njeri,Online Freelancer (Tech/Design),827,Tier 3 (Address + Income Verified),Non-Binary,35-44,67.96268466,TRUE,Mobile App (Android)
val_3574,Lerato Molefe,Tutor / Private Instructor,1170,Tier 0 (Unverified),Non-Binary,25-34,57.4977356,FALSE,Mobile App (iOS)
val_3575,Efua Antwi,Food Delivery Courier,1313,Tier 2 (ID Verified),Female,18-24,51.07111334,TRUE,Agent
val_3576,Akosua Sarpong,Domestic Worker,1303,Tier 3 (Address + Income Verified),Male,35-44,64.85605259,FALSE,USSD
val_3577,Lungelo Zulu,Tutor / Private Instructor,1384,Tier 1 (Phone Verified),Prefer Not to Say,25-34,8.593897637,FALSE,WhatsApp Bot
val_3578,Palesa Motsepe,Online Freelancer (Tech/Design),440,Tier 0 (Unverified),Male,25-34,91.02610894,TRUE,Mobile App (Android)
val_3579,Ngozi Eze,On-Demand Handyman,1545,Tier 0 (Unverified),Male,25-34,33.50820461,FALSE,USSD
val_3580,Palesa Motsepe,Delivery Rider,638,Tier 3 (Address + Income Verified),Female,35-44,22.46929636,FALSE,Mobile App (Android)
val_3581,Sipho Dlamini,Motorcycle Taxi Rider (Boda-Boda/Okada),684,Tier 1 (Phone Verified),Non-Binary,55+,77.17963577,FALSE,Agent
val_3582,Yusuf Musa,Food Delivery Courier,1438,Tier 0 (Unverified),Prefer Not to Say,35-44,23.12218871,TRUE,Agent
val_3583,Samuel Kamau,Ride-Hailing Driver,597,Tier 3 (Address + Income Verified),Non-Binary,35-44,99.57696232,TRUE,USSD
val_3584,Sipho Dlamini,Delivery Rider,136,Tier 3 (Address + Income Verified),Prefer Not to Say,25-34,42.04925416,FALSE,Mobile App (iOS)
val_3585,Yusuf Musa,Motorcycle Taxi Rider (Boda-Boda/Okada),1304,Tier 2 (ID Verified),Non-Binary,35-44,29.66244087,FALSE,Mobile App (Android)
val_3586,James Kipkoech,Informal Vendor,1208,Tier 0 (Unverified),Prefer Not to Say,25-34,6.206507263,FALSE,WhatsApp Bot
val_3587,Efua Antwi,Domestic Worker,1062,Tier 0 (Unverified),Male,55+,4.180417736,FALSE,Mobile App (Android)
val_3588,Nana Adjei,E-commerce Reseller,261,Tier 0 (Unverified),Male,35-44,9.514056114,TRUE,WhatsApp Bot
val_3589,Mpho Sithole,Logistics Driver (Truck/Van),1153,Tier 0 (Unverified),Non-Binary,35-44,0.503282881,TRUE,Agent
val_3590,Babatunde Fashola,Mobile Money Agent,362,Tier 2 (ID Verified),Prefer Not to Say,18-24,32.70899794,FALSE,WhatsApp Bot
val_3591,Grace Wanjiku,Mobile Money Agent,1014,Tier 1 (Phone Verified),Non-Binary,55+,31.04544001,TRUE,Agent
val_3592,Thandeka Mthembu,Food Delivery Courier,927,Tier 3 (Address + Income Verified),Female,35-44,43.00917454,TRUE,USSD
val_3593,Kofi Mensah,Mobile Money Agent,1410,Tier 0 (Unverified),Female,18-24,23.29229232,FALSE,Agent
val_3594,Chidinma Okeke,Delivery Rider,1783,Tier 2 (ID Verified),Male,18-24,6.274115794,FALSE,Mobile App (iOS)
val_3595,Grace Wanjiku,Domestic Worker,347,Tier 3 (Address + Income Verified),Female,25-34,7.116252795,FALSE,Web
val_3596,Esther Njeri,Tutor / Private Instructor,209,Tier 0 (Unverified),Non-Binary,45-54,18.21463753,TRUE,Mobile App (iOS)
val_3597,Kofi Mensah,E-commerce Reseller,1014,Tier 2 (ID Verified),Male,18-24,31.65895269,TRUE,Mobile App (Android)
val_3598,Grace Wanjiku,Freelance Creative,1738,Tier 2 (ID Verified),Female,18-24,14.79920502,TRUE,USSD
val_3599,Yaw Darko,Agricultural Day Labourer,288,Tier 0 (Unverified),Female,35-44,36.51178236,TRUE,Web
val_3600,Mary Wairimu,Logistics Driver (Truck/Van),889,Tier 1 (Phone Verified),Female,35-44,92.22201534,TRUE,Mobile App (Android)
val_3601,Yaw Darko,E-commerce Reseller,743,Tier 3 (Address + Income Verified),Prefer Not to Say,55+,26.16030095,FALSE,Web
val_3602,Emeka Obi,Food Delivery Courier,580,Tier 3 (Address + Income Verified),Prefer Not to Say,45-54,16.8399317,FALSE,USSD
val_3603,Yaw Darko,Agricultural Day Labourer,1212,Tier 1 (Phone Verified),Female,45-54,66.4776253,FALSE,USSD
val_3604,Mpho Sithole,Delivery Rider,539,Tier 0 (Unverified),Prefer Not to Say,25-34,49.0881038,TRUE,Web
val_3605,Amara Nwosu,Tutor / Private Instructor,900,Tier 0 (Unverified),Non-Binary,45-54,4.725401581,FALSE,Mobile App (iOS)
val_3606,Esther Njeri,Freelance Creative,1543,Tier 3 (Address + Income Verified),Prefer Not to Say,35-44,78.78073312,TRUE,Agent
val_3607,Efua Antwi,Market Trader,693,Tier 2 (ID Verified),Non-Binary,25-34,71.53429719,TRUE,USSD
val_3608,Yaw Darko,Agricultural Day Labourer,38,Tier 1 (Phone Verified),Non-Binary,25-34,97.72983617,TRUE,Mobile App (Android)
val_3609,Nana Adjei,Ride-Hailing Driver,1615,Tier 0 (Unverified),Non-Binary,55+,93.83066196,TRUE,USSD
val_3610,Kofi Mensah,Food Delivery Courier,501,Tier 3 (Address + Income Verified),Female,35-44,58.42482936,FALSE,Mobile App (Android)
val_3611,Efua Antwi,Motorcycle Taxi Rider (Boda-Boda/Okada),1411,Tier 1 (Phone Verified),Non-Binary,35-44,68.60212936,FALSE,Mobile App (Android)
val_3612,Yaw Darko,Market Trader,1392,Tier 2 (ID Verified),Non-Binary,45-54,40.9506824,FALSE,Mobile App (iOS)
val_3613,Tunde Adeyemi,Domestic Worker,961,Tier 3 (Address + Income Verified),Non-Binary,25-34,88.84671865,TRUE,Mobile App (Android)
val_3614,Sipho Dlamini,Delivery Rider,160,Tier 2 (ID Verified),Male,25-34,55.28088252,TRUE,Mobile App (iOS)
val_3615,Mary Wairimu,Market Trader,1734,Tier 3 (Address + Income Verified),Non-Binary,55+,32.55513263,TRUE,WhatsApp Bot
val_3616,Tunde Adeyemi,Informal Vendor,1243,Tier 2 (ID Verified),Non-Binary,55+,0.949149191,FALSE,USSD
val_3617,Kevin Odhiambo,Tutor / Private Instructor,774,Tier 1 (Phone Verified),Male,35-44,58.6449765,FALSE,WhatsApp Bot
val_3618,Mary Wairimu,Ride-Hailing Driver,1559,Tier 3 (Address + Income Verified),Prefer Not to Say,55+,52.54338905,FALSE,Mobile App (iOS)
val_3619,Ngozi Eze,On-Demand Handyman,1439,Tier 2 (ID Verified),Prefer Not to Say,25-34,81.18771779,TRUE,Agent
val_3620,Thandeka Mthembu,Ride-Hailing Driver,1388,Tier 3 (Address + Income Verified),Non-Binary,45-54,18.70046263,TRUE,Web
val_3621,Yusuf Musa,E-commerce Reseller,306,Tier 0 (Unverified),Prefer Not to Say,18-24,81.54012678,FALSE,Web
val_3622,Esther Njeri,Online Freelancer (Tech/Design),1155,Tier 2 (ID Verified),Prefer Not to Say,45-54,1.528361026,FALSE,WhatsApp Bot
val_3623,Mary Wairimu,Informal Vendor,521,Tier 2 (ID Verified),Female,18-24,58.73133777,TRUE,WhatsApp Bot
val_3624,Zanele Mokoena,Food Delivery Courier,143,Tier 0 (Unverified),Prefer Not to Say,25-34,39.68524012,FALSE,USSD
val_3625,Adwoa Acheampong,Food Delivery Courier,617,Tier 1 (Phone Verified),Prefer Not to Say,55+,33.15205213,FALSE,Mobile App (iOS)
val_3626,Sipho Dlamini,Informal Vendor,189,Tier 3 (Address + Income Verified),Male,25-34,43.32959672,TRUE,Agent
val_3627,Chidinma Okeke,Logistics Driver (Truck/Van),193,Tier 2 (ID Verified),Prefer Not to Say,35-44,22.35914862,FALSE,Agent
val_3628,Zanele Mokoena,Freelance Creative,1327,Tier 3 (Address + Income Verified),Male,55+,18.34256531,TRUE,WhatsApp Bot
val_3629,Zanele Mokoena,Ride-Hailing Driver,916,Tier 0 (Unverified),Female,55+,80.5106884,FALSE,Agent
val_3630,James Kipkoech,Mobile Money Agent,726,Tier 0 (Unverified),Prefer Not to Say,35-44,22.77583002,FALSE,Mobile App (iOS)
val_3631,Ama Owusu,On-Demand Handyman,351,Tier 3 (Address + Income Verified),Non-Binary,18-24,73.69719945,FALSE,WhatsApp Bot
val_3632,Aisha Bello,Mobile Money Agent,1407,Tier 1 (Phone Verified),Female,25-34,71.13605444,TRUE,Web
val_3633,Sipho Dlamini,Tutor / Private Instructor,1158,Tier 3 (Address + Income Verified),Non-Binary,45-54,3.340041571,TRUE,Web
val_3634,Lerato Molefe,Logistics Driver (Truck/Van),1069,Tier 3 (Address + Income Verified),Male,25-34,88.10724202,TRUE,Agent
val_3635,James Kipkoech,Informal Vendor,347,Tier 1 (Phone Verified),Male,45-54,78.93551301,FALSE,USSD
val_3636,Ama Owusu,Ride-Hailing Driver,225,Tier 3 (Address + Income Verified),Prefer Not to Say,55+,79.60672494,FALSE,WhatsApp Bot
val_3637,Lydia Chebet,Logistics Driver (Truck/Van),225,Tier 3 (Address + Income Verified),Male,45-54,80.91910522,TRUE,Web
val_3638,Ngozi Eze,Informal Vendor,45,Tier 0 (Unverified),Prefer Not to Say,45-54,58.25532291,TRUE,USSD
val_3639,Yaw Darko,Market Trader,1769,Tier 0 (Unverified),Female,35-44,99.33808669,FALSE,Mobile App (Android)
val_3640,Kojo Ofori,Domestic Worker,671,Tier 0 (Unverified),Male,18-24,17.91521405,TRUE,Mobile App (iOS)
val_3641,Bongani Ndlovu,Logistics Driver (Truck/Van),1201,Tier 2 (ID Verified),Prefer Not to Say,35-44,7.233593094,TRUE,Mobile App (Android)
val_3642,Bongani Ndlovu,Online Freelancer (Tech/Design),1793,Tier 0 (Unverified),Male,55+,70.41674724,TRUE,Agent
val_3643,Lydia Chebet,Domestic Worker,1709,Tier 1 (Phone Verified),Female,45-54,29.39372374,FALSE,Agent
val_3644,Lerato Molefe,Ride-Hailing Driver,585,Tier 1 (Phone Verified),Male,45-54,60.82332239,TRUE,Mobile App (Android)
val_3645,Ama Owusu,On-Demand Handyman,894,Tier 0 (Unverified),Prefer Not to Say,55+,39.17016129,TRUE,Web
val_3646,Akosua Sarpong,Agricultural Day Labourer,845,Tier 1 (Phone Verified),Female,25-34,33.35241585,TRUE,Mobile App (Android)
val_3647,Yaw Darko,Ride-Hailing Driver,60,Tier 2 (ID Verified),Non-Binary,25-34,89.32486246,TRUE,USSD
val_3648,Thandeka Mthembu,Logistics Driver (Truck/Van),1402,Tier 3 (Address + Income Verified),Male,55+,14.20434586,FALSE,WhatsApp Bot
val_3649,Adwoa Acheampong,Food Delivery Courier,1048,Tier 1 (Phone Verified),Non-Binary,35-44,18.89856544,TRUE,Mobile App (Android)
val_3650,Babatunde Fashola,Online Freelancer (Tech/Design),678,Tier 2 (ID Verified),Non-Binary,45-54,66.78408529,FALSE,Mobile App (Android)
val_3651,Tunde Adeyemi,Domestic Worker,1019,Tier 2 (ID Verified),Female,45-54,78.26010128,TRUE,Web
val_3652,Kevin Odhiambo,Freelance Creative,1342,Tier 1 (Phone Verified),Prefer Not to Say,18-24,83.2214492,FALSE,Web
val_3653,Kwame Asante,Ride-Hailing Driver,27,Tier 2 (ID Verified),Female,25-34,23.11497163,TRUE,USSD
val_3654,Nana Adjei,Ride-Hailing Driver,1179,Tier 3 (Address + Income Verified),Non-Binary,25-34,88.21134183,TRUE,USSD
val_3655,Lydia Chebet,Informal Vendor,1572,Tier 0 (Unverified),Male,18-24,60.95506564,TRUE,WhatsApp Bot
val_3656,Kwame Asante,Market Trader,1326,Tier 2 (ID Verified),Prefer Not to Say,45-54,82.32184189,FALSE,Agent
val_3657,Mpho Sithole,Logistics Driver (Truck/Van),1132,Tier 0 (Unverified),Male,55+,6.85219402,FALSE,Mobile App (iOS)
val_3658,Esther Njeri,Food Delivery Courier,165,Tier 3 (Address + Income Verified),Non-Binary,55+,35.6894336,TRUE,Mobile App (iOS)
val_3659,Lydia Chebet,Online Freelancer (Tech/Design),1359,Tier 2 (ID Verified),Male,18-24,52.48639845,TRUE,Agent
val_3660,Kofi Mensah,Tutor / Private Instructor,1370,Tier 0 (Unverified),Male,35-44,57.69570326,TRUE,Web
val_3661,James Kipkoech,Motorcycle Taxi Rider (Boda-Boda/Okada),901,Tier 2 (ID Verified),Male,25-34,9.907155407,TRUE,USSD
val_3662,Lerato Molefe,On-Demand Handyman,1063,Tier 1 (Phone Verified),Prefer Not to Say,18-24,53.86582446,TRUE,Mobile App (Android)
val_3663,Lerato Molefe,Tutor / Private Instructor,1129,Tier 0 (Unverified),Male,45-54,66.54864331,FALSE,WhatsApp Bot
val_3664,Kwame Asante,Freelance Creative,221,Tier 3 (Address + Income Verified),Prefer Not to Say,55+,36.15950858,FALSE,Mobile App (Android)
val_3665,James Kipkoech,Motorcycle Taxi Rider (Boda-Boda/Okada),470,Tier 1 (Phone Verified),Non-Binary,18-24,50.07392443,FALSE,WhatsApp Bot
val_3666,Abena Boateng,Online Freelancer (Tech/Design),1446,Tier 0 (Unverified),Male,45-54,29.25664216,TRUE,Mobile App (iOS)
val_3667,Fatima Abdullahi,E-commerce Reseller,1778,Tier 2 (ID Verified),Female,18-24,87.05002719,TRUE,Mobile App (Android)
val_3668,Mary Wairimu,Ride-Hailing Driver,493,Tier 1 (Phone Verified),Female,55+,59.92066067,FALSE,Agent
val_3669,Yusuf Musa,Logistics Driver (Truck/Van),731,Tier 2 (ID Verified),Female,18-24,55.12738961,TRUE,Agent
val_3670,Amara Nwosu,Agricultural Day Labourer,1671,Tier 0 (Unverified),Non-Binary,35-44,94.43574259,TRUE,Mobile App (iOS)
val_3671,Ngozi Eze,Motorcycle Taxi Rider (Boda-Boda/Okada),296,Tier 3 (Address + Income Verified),Prefer Not to Say,18-24,66.49315237,TRUE,Web
val_3672,Abena Boateng,Food Delivery Courier,476,Tier 1 (Phone Verified),Prefer Not to Say,35-44,27.98234415,FALSE,USSD
val_3673,Chukwuemeka Okonkwo,Ride-Hailing Driver,102,Tier 1 (Phone Verified),Non-Binary,35-44,64.17530812,FALSE,USSD
val_3674,Akosua Sarpong,Tutor / Private Instructor,428,Tier 3 (Address + Income Verified),Prefer Not to Say,35-44,96.16234567,FALSE,Agent
val_3675,Mary Wairimu,Ride-Hailing Driver,1161,Tier 2 (ID Verified),Prefer Not to Say,55+,2.355825593,FALSE,Agent
val_3676,David Mwangi,Informal Vendor,635,Tier 0 (Unverified),Male,55+,62.6591007,TRUE,Web
val_3677,Sipho Dlamini,E-commerce Reseller,1795,Tier 2 (ID Verified),Non-Binary,25-34,15.68349609,FALSE,WhatsApp Bot
val_3678,Ama Owusu,Domestic Worker,1627,Tier 2 (ID Verified),Prefer Not to Say,55+,81.64595111,FALSE,WhatsApp Bot
val_3679,Adwoa Acheampong,Logistics Driver (Truck/Van),1635,Tier 1 (Phone Verified),Male,35-44,64.06845296,FALSE,Agent
val_3680,Kojo Ofori,Online Freelancer (Tech/Design),1326,Tier 0 (Unverified),Non-Binary,18-24,93.6989493,FALSE,Agent
val_3681,Aisha Bello,Motorcycle Taxi Rider (Boda-Boda/Okada),1282,Tier 0 (Unverified),Prefer Not to Say,45-54,66.95778621,FALSE,WhatsApp Bot
val_3682,Yusuf Musa,Ride-Hailing Driver,930,Tier 3 (Address + Income Verified),Female,45-54,1.721889316,TRUE,WhatsApp Bot
val_3683,Kofi Mensah,Motorcycle Taxi Rider (Boda-Boda/Okada),1808,Tier 0 (Unverified),Prefer Not to Say,25-34,51.03538444,FALSE,USSD
val_3684,Thandeka Mthembu,Agricultural Day Labourer,174,Tier 2 (ID Verified),Prefer Not to Say,35-44,90.36680636,TRUE,Agent
val_3685,Emeka Obi,Domestic Worker,1319,Tier 3 (Address + Income Verified),Non-Binary,35-44,23.23030042,FALSE,WhatsApp Bot
val_3686,Babatunde Fashola,Motorcycle Taxi Rider (Boda-Boda/Okada),256,Tier 1 (Phone Verified),Non-Binary,18-24,8.289640418,TRUE,USSD
val_3687,Bongani Ndlovu,Food Delivery Courier,619,Tier 0 (Unverified),Non-Binary,25-34,71.98878692,FALSE,WhatsApp Bot
val_3688,Lerato Molefe,Domestic Worker,466,Tier 2 (ID Verified),Female,35-44,50.25085669,FALSE,Web
val_3689,Emeka Obi,Agricultural Day Labourer,1097,Tier 2 (ID Verified),Female,25-34,4.759526139,FALSE,USSD
val_3690,Kevin Odhiambo,Market Trader,1437,Tier 0 (Unverified),Non-Binary,55+,27.99152324,TRUE,Agent
val_3691,Akosua Sarpong,Tutor / Private Instructor,145,Tier 2 (ID Verified),Female,25-34,32.67486476,FALSE,Mobile App (iOS)
val_3692,Fatima Abdullahi,Tutor / Private Instructor,1098,Tier 0 (Unverified),Prefer Not to Say,45-54,66.7861478,FALSE,Mobile App (iOS)
val_3693,Esther Njeri,Informal Vendor,404,Tier 1 (Phone Verified),Prefer Not to Say,18-24,47.16002207,TRUE,Agent
val_3694,Faith Achieng,Mobile Money Agent,140,Tier 1 (Phone Verified),Female,25-34,48.71903266,FALSE,Web
val_3695,Akosua Sarpong,Online Freelancer (Tech/Design),762,Tier 3 (Address + Income Verified),Non-Binary,55+,80.66036996,TRUE,WhatsApp Bot
val_3696,Samuel Kamau,Agricultural Day Labourer,1061,Tier 3 (Address + Income Verified),Male,55+,27.84170985,FALSE,Mobile App (iOS)
val_3697,Kevin Odhiambo,E-commerce Reseller,368,Tier 2 (ID Verified),Male,55+,67.25727416,TRUE,USSD
val_3698,Grace Wanjiku,Mobile Money Agent,711,Tier 2 (ID Verified),Female,18-24,36.75573048,TRUE,WhatsApp Bot
val_3699,Sipho Dlamini,Logistics Driver (Truck/Van),1741,Tier 0 (Unverified),Male,55+,41.83700475,TRUE,Mobile App (iOS)
val_3700,Emeka Obi,Domestic Worker,633,Tier 0 (Unverified),Prefer Not to Say,25-34,55.59024132,FALSE,Web
val_3701,Chidinma Okeke,Delivery Rider,1817,Tier 3 (Address + Income Verified),Male,18-24,69.56468048,FALSE,Web
val_3702,Chidinma Okeke,Tutor / Private Instructor,1523,Tier 1 (Phone Verified),Female,18-24,94.51952609,FALSE,USSD
val_3703,Mpho Sithole,Motorcycle Taxi Rider (Boda-Boda/Okada),677,Tier 2 (ID Verified),Female,45-54,26.90111626,FALSE,Mobile App (iOS)
val_3704,Bongani Ndlovu,Agricultural Day Labourer,1053,Tier 2 (ID Verified),Male,35-44,10.37452196,TRUE,USSD
val_3705,Kwame Asante,On-Demand Handyman,1295,Tier 1 (Phone Verified),Female,35-44,42.87919227,TRUE,Agent
val_3706,Emeka Obi,Domestic Worker,848,Tier 2 (ID Verified),Non-Binary,55+,54.67159988,FALSE,Web
val_3707,Sipho Dlamini,Ride-Hailing Driver,744,Tier 2 (ID Verified),Prefer Not to Say,18-24,22.8003604,TRUE,Agent
val_3708,Lydia Chebet,E-commerce Reseller,602,Tier 0 (Unverified),Male,18-24,89.0495774,TRUE,Mobile App (Android)
val_3709,Zanele Mokoena,Online Freelancer (Tech/Design),254,Tier 2 (ID Verified),Male,55+,79.88470159,TRUE,WhatsApp Bot
val_3710,David Mwangi,Food Delivery Courier,45,Tier 0 (Unverified),Female,45-54,49.36639134,TRUE,USSD
val_3711,Thandeka Mthembu,Agricultural Day Labourer,615,Tier 1 (Phone Verified),Female,45-54,45.0063933,FALSE,USSD
val_3712,Thabo Nkosi,Logistics Driver (Truck/Van),1453,Tier 3 (Address + Income Verified),Prefer Not to Say,35-44,4.07412567,TRUE,Mobile App (iOS)
val_3713,Yusuf Musa,Tutor / Private Instructor,426,Tier 3 (Address + Income Verified),Male,18-24,53.68897328,FALSE,WhatsApp Bot
val_3714,Adwoa Acheampong,E-commerce Reseller,328,Tier 0 (Unverified),Female,35-44,59.57470954,FALSE,WhatsApp Bot
val_3715,Grace Wanjiku,Freelance Creative,599,Tier 2 (ID Verified),Non-Binary,55+,89.16317815,TRUE,Agent
val_3716,Esther Njeri,Agricultural Day Labourer,1093,Tier 2 (ID Verified),Female,18-24,50.10980657,TRUE,WhatsApp Bot
val_3717,Brian Otieno,E-commerce Reseller,392,Tier 2 (ID Verified),Non-Binary,18-24,15.73774227,TRUE,WhatsApp Bot
val_3718,Efua Antwi,On-Demand Handyman,402,Tier 3 (Address + Income Verified),Prefer Not to Say,25-34,18.00569012,TRUE,Agent
val_3719,Brian Otieno,Informal Vendor,205,Tier 0 (Unverified),Non-Binary,35-44,15.98674185,FALSE,USSD
val_3720,Akosua Sarpong,Agricultural Day Labourer,606,Tier 2 (ID Verified),Female,45-54,93.85348741,FALSE,WhatsApp Bot
val_3721,Abena Boateng,Food Delivery Courier,397,Tier 1 (Phone Verified),Prefer Not to Say,18-24,79.33892574,FALSE,Agent
val_3722,Sipho Dlamini,Informal Vendor,1517,Tier 0 (Unverified),Prefer Not to Say,55+,82.47661263,TRUE,USSD
val_3723,Thandeka Mthembu,Domestic Worker,1653,Tier 1 (Phone Verified),Prefer Not to Say,18-24,84.04335188,FALSE,WhatsApp Bot
val_3724,Chukwuemeka Okonkwo,Online Freelancer (Tech/Design),676,Tier 0 (Unverified),Male,25-34,9.563464259,FALSE,Mobile App (iOS)
val_3725,Thandeka Mthembu,On-Demand Handyman,155,Tier 2 (ID Verified),Prefer Not to Say,55+,70.21768562,TRUE,Web
val_3726,Babatunde Fashola,Online Freelancer (Tech/Design),159,Tier 2 (ID Verified),Prefer Not to Say,25-34,70.43367125,FALSE,Mobile App (Android)
val_3727,Ama Owusu,Tutor / Private Instructor,593,Tier 2 (ID Verified),Prefer Not to Say,35-44,22.48217079,TRUE,USSD
val_3728,Esther Njeri,Tutor / Private Instructor,846,Tier 0 (Unverified),Non-Binary,35-44,49.06657702,FALSE,Mobile App (iOS)
val_3729,Akosua Sarpong,Informal Vendor,964,Tier 3 (Address + Income Verified),Female,25-34,66.24308841,FALSE,Mobile App (iOS)
val_3730,Kojo Ofori,Domestic Worker,555,Tier 0 (Unverified),Non-Binary,35-44,89.73364369,FALSE,WhatsApp Bot
val_3731,Lungelo Zulu,Motorcycle Taxi Rider (Boda-Boda/Okada),647,Tier 1 (Phone Verified),Non-Binary,45-54,11.04255109,TRUE,USSD
val_3732,Kevin Odhiambo,Market Trader,518,Tier 1 (Phone Verified),Prefer Not to Say,18-24,89.2193154,TRUE,WhatsApp Bot
val_3733,Bongani Ndlovu,E-commerce Reseller,945,Tier 2 (ID Verified),Female,55+,92.24149666,FALSE,USSD
val_3734,Samuel Kamau,Informal Vendor,1272,Tier 1 (Phone Verified),Non-Binary,18-24,92.36098348,TRUE,WhatsApp Bot
val_3735,Yusuf Musa,Domestic Worker,79,Tier 3 (Address + Income Verified),Prefer Not to Say,55+,0.483489211,FALSE,Web
val_3736,Faith Achieng,Mobile Money Agent,874,Tier 3 (Address + Income Verified),Prefer Not to Say,55+,22.09987728,FALSE,Mobile App (iOS)
val_3737,Ama Owusu,Delivery Rider,1184,Tier 3 (Address + Income Verified),Male,55+,69.1245236,TRUE,WhatsApp Bot
val_3738,Nana Adjei,Agricultural Day Labourer,1228,Tier 0 (Unverified),Prefer Not to Say,45-54,32.1739781,TRUE,Mobile App (iOS)
val_3739,Zanele Mokoena,Mobile Money Agent,1028,Tier 3 (Address + Income Verified),Male,55+,6.108329152,TRUE,Agent
val_3740,Yusuf Musa,Ride-Hailing Driver,958,Tier 0 (Unverified),Prefer Not to Say,55+,76.29420805,TRUE,USSD
val_3741,Samuel Kamau,Freelance Creative,1243,Tier 3 (Address + Income Verified),Male,45-54,2.859219247,FALSE,USSD
val_3742,Bongani Ndlovu,Online Freelancer (Tech/Design),690,Tier 3 (Address + Income Verified),Male,55+,44.60213279,TRUE,Mobile App (iOS)
val_3743,Mary Wairimu,Motorcycle Taxi Rider (Boda-Boda/Okada),1035,Tier 0 (Unverified),Non-Binary,25-34,94.75760908,FALSE,Mobile App (Android)
val_3744,Chidinma Okeke,Mobile Money Agent,583,Tier 0 (Unverified),Non-Binary,55+,44.02328264,FALSE,Mobile App (Android)
val_3745,Thandeka Mthembu,E-commerce Reseller,799,Tier 2 (ID Verified),Non-Binary,55+,91.18872854,TRUE,Mobile App (iOS)
val_3746,Mary Wairimu,Motorcycle Taxi Rider (Boda-Boda/Okada),226,Tier 0 (Unverified),Female,45-54,40.90042459,TRUE,Agent
val_3747,Thandeka Mthembu,Delivery Rider,639,Tier 3 (Address + Income Verified),Male,18-24,34.66861091,FALSE,USSD
val_3748,Mpho Sithole,Tutor / Private Instructor,259,Tier 2 (ID Verified),Non-Binary,25-34,10.73828026,TRUE,Web
val_3749,Mpho Sithole,Domestic Worker,413,Tier 2 (ID Verified),Non-Binary,18-24,35.8090909,TRUE,WhatsApp Bot
val_3750,Abena Boateng,Food Delivery Courier,765,Tier 3 (Address + Income Verified),Non-Binary,35-44,33.698649,TRUE,WhatsApp Bot
val_3751,Nomvula Khumalo,Delivery Rider,913,Tier 0 (Unverified),Female,35-44,84.6551186,FALSE,Mobile App (Android)
val_3752,Lerato Molefe,Mobile Money Agent,1720,Tier 2 (ID Verified),Prefer Not to Say,55+,91.99151742,FALSE,WhatsApp Bot
val_3753,Brian Otieno,Agricultural Day Labourer,47,Tier 3 (Address + Income Verified),Prefer Not to Say,25-34,2.193008575,FALSE,USSD
val_3754,Aisha Bello,Agricultural Day Labourer,1640,Tier 0 (Unverified),Male,18-24,9.825641055,FALSE,USSD
val_3755,Samuel Kamau,Delivery Rider,599,Tier 0 (Unverified),Male,45-54,64.32284671,TRUE,Web
val_3756,Akosua Sarpong,Agricultural Day Labourer,1322,Tier 0 (Unverified),Male,18-24,48.47428881,FALSE,Web
val_3757,Ama Owusu,Online Freelancer (Tech/Design),1237,Tier 1 (Phone Verified),Male,55+,29.6878635,FALSE,USSD
val_3758,Ngozi Eze,Food Delivery Courier,1772,Tier 0 (Unverified),Non-Binary,18-24,25.99070597,FALSE,Mobile App (iOS)
val_3759,Kofi Mensah,Ride-Hailing Driver,198,Tier 0 (Unverified),Non-Binary,35-44,22.46745895,FALSE,Mobile App (iOS)
val_3760,Emeka Obi,Tutor / Private Instructor,1766,Tier 3 (Address + Income Verified),Female,55+,52.54508693,TRUE,Web
val_3761,Kwame Asante,E-commerce Reseller,114,Tier 1 (Phone Verified),Non-Binary,35-44,1.747993649,FALSE,Agent
val_3762,Abena Boateng,Informal Vendor,1601,Tier 1 (Phone Verified),Prefer Not to Say,55+,73.88843765,FALSE,Agent
val_3763,Akosua Sarpong,Freelance Creative,1190,Tier 1 (Phone Verified),Prefer Not to Say,35-44,30.03880079,TRUE,USSD
val_3764,Kevin Odhiambo,Freelance Creative,879,Tier 3 (Address + Income Verified),Female,45-54,42.68314512,TRUE,WhatsApp Bot
val_3765,Kevin Odhiambo,Food Delivery Courier,726,Tier 1 (Phone Verified),Non-Binary,45-54,52.70521978,FALSE,Agent
val_3766,Efua Antwi,Food Delivery Courier,170,Tier 1 (Phone Verified),Non-Binary,35-44,21.13596027,FALSE,Web
val_3767,Adwoa Acheampong,E-commerce Reseller,1464,Tier 3 (Address + Income Verified),Prefer Not to Say,18-24,88.37026474,FALSE,Mobile App (iOS)
val_3768,Thabo Nkosi,Motorcycle Taxi Rider (Boda-Boda/Okada),1329,Tier 0 (Unverified),Prefer Not to Say,55+,68.20932552,FALSE,Mobile App (Android)
val_3769,Esther Njeri,Logistics Driver (Truck/Van),1711,Tier 1 (Phone Verified),Female,18-24,87.02963421,TRUE,Web
val_3770,Kevin Odhiambo,E-commerce Reseller,1333,Tier 2 (ID Verified),Prefer Not to Say,25-34,47.54506053,FALSE,Mobile App (Android)
val_3771,Esther Njeri,Online Freelancer (Tech/Design),1747,Tier 2 (ID Verified),Female,45-54,43.2460458,TRUE,Mobile App (Android)
val_3772,Ama Owusu,E-commerce Reseller,1619,Tier 3 (Address + Income Verified),Prefer Not to Say,45-54,23.71425685,FALSE,Agent
val_3773,Amara Nwosu,Freelance Creative,777,Tier 3 (Address + Income Verified),Prefer Not to Say,35-44,54.48403612,FALSE,Mobile App (iOS)
val_3774,Mary Wairimu,E-commerce Reseller,1284,Tier 1 (Phone Verified),Prefer Not to Say,35-44,59.31635733,FALSE,WhatsApp Bot
val_3775,Fatima Abdullahi,Delivery Rider,482,Tier 3 (Address + Income Verified),Male,35-44,41.9923377,FALSE,Agent
val_3776,Ama Owusu,Logistics Driver (Truck/Van),1452,Tier 0 (Unverified),Male,55+,14.53825603,FALSE,Mobile App (iOS)
val_3777,Lungelo Zulu,Agricultural Day Labourer,1111,Tier 0 (Unverified),Prefer Not to Say,25-34,27.31044623,TRUE,USSD
val_3778,Thandeka Mthembu,Delivery Rider,804,Tier 3 (Address + Income Verified),Male,55+,1.425150952,FALSE,Mobile App (iOS)
val_3779,Mary Wairimu,Domestic Worker,1147,Tier 0 (Unverified),Male,18-24,31.91387678,FALSE,USSD
val_3780,Tunde Adeyemi,Domestic Worker,506,Tier 1 (Phone Verified),Female,45-54,58.07589766,TRUE,Mobile App (Android)
val_3781,Chidinma Okeke,Food Delivery Courier,1136,Tier 2 (ID Verified),Female,45-54,95.57110978,TRUE,Mobile App (Android)
val_3782,Babatunde Fashola,Motorcycle Taxi Rider (Boda-Boda/Okada),867,Tier 1 (Phone Verified),Male,45-54,17.78967964,FALSE,Agent
val_3783,Sipho Dlamini,Informal Vendor,587,Tier 3 (Address + Income Verified),Male,35-44,5.546453053,FALSE,USSD
val_3784,Thandeka Mthembu,Food Delivery Courier,1781,Tier 1 (Phone Verified),Female,45-54,29.63112879,TRUE,USSD
val_3785,Kofi Mensah,E-commerce Reseller,116,Tier 2 (ID Verified),Non-Binary,35-44,15.67976982,TRUE,USSD
val_3786,Fatima Abdullahi,Food Delivery Courier,1383,Tier 0 (Unverified),Non-Binary,35-44,69.55189969,FALSE,WhatsApp Bot
val_3787,Chukwuemeka Okonkwo,On-Demand Handyman,383,Tier 0 (Unverified),Prefer Not to Say,55+,0.574916453,TRUE,WhatsApp Bot
val_3788,Thandeka Mthembu,Ride-Hailing Driver,406,Tier 0 (Unverified),Prefer Not to Say,45-54,98.08670923,FALSE,Mobile App (Android)
val_3789,Samuel Kamau,Market Trader,281,Tier 2 (ID Verified),Male,45-54,85.56666753,FALSE,Mobile App (iOS)
val_3790,Babatunde Fashola,Domestic Worker,186,Tier 0 (Unverified),Non-Binary,55+,49.06705921,TRUE,Mobile App (Android)
val_3791,Fatima Abdullahi,Mobile Money Agent,226,Tier 2 (ID Verified),Male,25-34,92.09422198,FALSE,Agent
val_3792,Brian Otieno,On-Demand Handyman,1520,Tier 1 (Phone Verified),Female,35-44,62.80593327,TRUE,Agent
val_3793,Nana Adjei,Delivery Rider,1691,Tier 2 (ID Verified),Female,45-54,99.37648767,TRUE,Mobile App (Android)
val_3794,Palesa Motsepe,Mobile Money Agent,1067,Tier 3 (Address + Income Verified),Non-Binary,45-54,27.83062014,FALSE,Agent
val_3795,Grace Wanjiku,Informal Vendor,25,Tier 3 (Address + Income Verified),Female,18-24,99.69061426,FALSE,USSD
val_3796,Efua Antwi,Market Trader,1578,Tier 0 (Unverified),Prefer Not to Say,45-54,18.02472921,FALSE,Agent
val_3797,Tunde Adeyemi,Delivery Rider,1098,Tier 3 (Address + Income Verified),Female,18-24,35.34183676,FALSE,Web
val_3798,Chukwuemeka Okonkwo,Logistics Driver (Truck/Van),951,Tier 3 (Address + Income Verified),Prefer Not to Say,35-44,93.53240803,FALSE,USSD
val_3799,Tunde Adeyemi,Informal Vendor,1730,Tier 2 (ID Verified),Prefer Not to Say,45-54,37.05422853,FALSE,Web
val_3800,Mpho Sithole,Agricultural Day Labourer,748,Tier 0 (Unverified),Non-Binary,25-34,20.98363771,TRUE,Web
val_3801,Abena Boateng,Informal Vendor,657,Tier 2 (ID Verified),Male,18-24,5.948710547,TRUE,WhatsApp Bot
val_3802,Thabo Nkosi,Informal Vendor,1423,Tier 2 (ID Verified),Non-Binary,45-54,14.89582097,FALSE,Web
val_3803,Chukwuemeka Okonkwo,Informal Vendor,962,Tier 2 (ID Verified),Female,25-34,35.52234403,TRUE,USSD
val_3804,Chukwuemeka Okonkwo,E-commerce Reseller,1309,Tier 1 (Phone Verified),Female,55+,42.12320525,FALSE,USSD
val_3805,Zanele Mokoena,Ride-Hailing Driver,1270,Tier 2 (ID Verified),Female,55+,54.24511344,FALSE,USSD
val_3806,Babatunde Fashola,Domestic Worker,1532,Tier 2 (ID Verified),Female,25-34,81.35879945,TRUE,Agent
val_3807,Emeka Obi,Freelance Creative,579,Tier 1 (Phone Verified),Female,45-54,1.341484982,FALSE,Web
val_3808,Kwame Asante,Informal Vendor,131,Tier 3 (Address + Income Verified),Prefer Not to Say,25-34,84.11161312,TRUE,Agent
val_3809,Yaw Darko,E-commerce Reseller,872,Tier 2 (ID Verified),Female,55+,57.7249343,TRUE,Mobile App (Android)
val_3810,Chidinma Okeke,Online Freelancer (Tech/Design),1182,Tier 1 (Phone Verified),Female,25-34,75.64780583,TRUE,Mobile App (Android)
val_3811,Mary Wairimu,Domestic Worker,1492,Tier 2 (ID Verified),Non-Binary,55+,75.69792207,TRUE,USSD
val_3812,Nana Adjei,Domestic Worker,487,Tier 3 (Address + Income Verified),Male,45-54,90.32026793,TRUE,Mobile App (iOS)
val_3813,Mary Wairimu,Online Freelancer (Tech/Design),1361,Tier 1 (Phone Verified),Non-Binary,25-34,9.338020883,TRUE,Mobile App (Android)
val_3814,Faith Achieng,E-commerce Reseller,1519,Tier 2 (ID Verified),Prefer Not to Say,55+,57.15152884,TRUE,Mobile App (Android)
val_3815,Tunde Adeyemi,Market Trader,1476,Tier 0 (Unverified),Prefer Not to Say,45-54,90.90295284,TRUE,USSD
val_3816,James Kipkoech,Market Trader,1475,Tier 1 (Phone Verified),Male,45-54,71.9206314,TRUE,Mobile App (Android)
val_3817,Thabo Nkosi,Online Freelancer (Tech/Design),1802,Tier 2 (ID Verified),Female,25-34,9.65849115,FALSE,WhatsApp Bot
val_3818,Akosua Sarpong,Informal Vendor,1207,Tier 3 (Address + Income Verified),Male,25-34,61.39643109,FALSE,Mobile App (Android)
val_3819,Palesa Motsepe,Delivery Rider,676,Tier 2 (ID Verified),Non-Binary,45-54,79.98809092,TRUE,WhatsApp Bot
val_3820,Amara Nwosu,E-commerce Reseller,797,Tier 2 (ID Verified),Female,18-24,27.48617863,TRUE,USSD
val_3821,Chukwuemeka Okonkwo,Market Trader,1364,Tier 1 (Phone Verified),Prefer Not to Say,25-34,63.2493235,FALSE,Agent
val_3822,Ama Owusu,On-Demand Handyman,431,Tier 2 (ID Verified),Male,18-24,84.04122214,TRUE,USSD
val_3823,Fatima Abdullahi,Ride-Hailing Driver,1100,Tier 1 (Phone Verified),Prefer Not to Say,18-24,52.38669559,FALSE,Mobile App (iOS)
val_3824,Abena Boateng,Agricultural Day Labourer,1045,Tier 0 (Unverified),Female,18-24,19.41872008,TRUE,WhatsApp Bot
val_3825,Mpho Sithole,Informal Vendor,1217,Tier 0 (Unverified),Prefer Not to Say,18-24,54.96821221,TRUE,Web
val_3826,Esther Njeri,Food Delivery Courier,769,Tier 2 (ID Verified),Male,55+,58.80039332,FALSE,Agent
val_3827,Ama Owusu,Delivery Rider,1351,Tier 3 (Address + Income Verified),Female,45-54,40.28527722,FALSE,Agent
val_3828,Efua Antwi,On-Demand Handyman,130,Tier 1 (Phone Verified),Female,55+,67.96166245,TRUE,Agent
val_3829,Emeka Obi,Food Delivery Courier,1369,Tier 3 (Address + Income Verified),Prefer Not to Say,18-24,43.33328947,TRUE,Web
val_3830,Palesa Motsepe,Tutor / Private Instructor,1482,Tier 3 (Address + Income Verified),Non-Binary,55+,87.74050877,FALSE,Agent
val_3831,Yusuf Musa,Informal Vendor,1617,Tier 2 (ID Verified),Prefer Not to Say,35-44,79.16254675,TRUE,Agent
val_3832,Thabo Nkosi,Tutor / Private Instructor,1685,Tier 3 (Address + Income Verified),Non-Binary,45-54,80.47718658,TRUE,USSD
val_3833,Nana Adjei,Domestic Worker,637,Tier 1 (Phone Verified),Prefer Not to Say,55+,52.60767053,TRUE,WhatsApp Bot
val_3834,Amara Nwosu,Tutor / Private Instructor,84,Tier 1 (Phone Verified),Non-Binary,25-34,19.63478206,TRUE,Agent
val_3835,Kojo Ofori,Ride-Hailing Driver,1193,Tier 2 (ID Verified),Non-Binary,45-54,72.44218191,FALSE,Mobile App (Android)
val_3836,Fatima Abdullahi,Freelance Creative,164,Tier 2 (ID Verified),Prefer Not to Say,45-54,6.892135158,TRUE,USSD
val_3837,Abena Boateng,Ride-Hailing Driver,511,Tier 2 (ID Verified),Prefer Not to Say,35-44,51.75749362,TRUE,Agent
val_3838,Lerato Molefe,Agricultural Day Labourer,1282,Tier 1 (Phone Verified),Non-Binary,35-44,5.297908148,TRUE,Web
val_3839,Lerato Molefe,E-commerce Reseller,1085,Tier 3 (Address + Income Verified),Female,25-34,52.84186874,FALSE,Web
val_3840,Lungelo Zulu,Freelance Creative,1107,Tier 0 (Unverified),Non-Binary,18-24,68.59221691,FALSE,WhatsApp Bot
val_3841,Lydia Chebet,Freelance Creative,1371,Tier 0 (Unverified),Non-Binary,55+,41.91982464,TRUE,WhatsApp Bot
val_3842,Kofi Mensah,On-Demand Handyman,300,Tier 1 (Phone Verified),Prefer Not to Say,45-54,41.69031666,TRUE,Agent
val_3843,Samuel Kamau,Delivery Rider,1444,Tier 0 (Unverified),Non-Binary,35-44,12.27938503,TRUE,WhatsApp Bot
val_3844,Mpho Sithole,E-commerce Reseller,1071,Tier 1 (Phone Verified),Prefer Not to Say,45-54,30.18496053,FALSE,USSD
val_3845,Lydia Chebet,On-Demand Handyman,767,Tier 2 (ID Verified),Non-Binary,35-44,44.42737206,FALSE,Mobile App (iOS)
val_3846,Sipho Dlamini,Food Delivery Courier,846,Tier 1 (Phone Verified),Prefer Not to Say,25-34,86.35621386,FALSE,Mobile App (iOS)
val_3847,David Mwangi,Food Delivery Courier,928,Tier 0 (Unverified),Prefer Not to Say,55+,89.79799023,FALSE,Web
val_3848,Adwoa Acheampong,Market Trader,1004,Tier 1 (Phone Verified),Prefer Not to Say,55+,95.3580102,TRUE,Mobile App (Android)
val_3849,Yusuf Musa,Domestic Worker,609,Tier 2 (ID Verified),Male,25-34,10.02636971,FALSE,Mobile App (Android)
val_3850,Adwoa Acheampong,Food Delivery Courier,407,Tier 3 (Address + Income Verified),Prefer Not to Say,55+,29.62108113,FALSE,WhatsApp Bot
val_3851,Aisha Bello,Market Trader,308,Tier 3 (Address + Income Verified),Female,35-44,46.29129188,TRUE,Agent
val_3852,Babatunde Fashola,Domestic Worker,622,Tier 2 (ID Verified),Prefer Not to Say,45-54,64.17438244,TRUE,Agent
val_3853,David Mwangi,Delivery Rider,475,Tier 0 (Unverified),Female,18-24,70.27984896,TRUE,Mobile App (Android)
val_3854,Lydia Chebet,Domestic Worker,942,Tier 0 (Unverified),Female,35-44,78.60162886,TRUE,Agent
val_3855,Kojo Ofori,Delivery Rider,1665,Tier 1 (Phone Verified),Non-Binary,18-24,49.58738101,TRUE,Mobile App (iOS)
val_3856,David Mwangi,Delivery Rider,197,Tier 0 (Unverified),Non-Binary,55+,55.65842666,FALSE,Agent
val_3857,Chukwuemeka Okonkwo,Food Delivery Courier,564,Tier 2 (ID Verified),Non-Binary,25-34,96.05706891,FALSE,WhatsApp Bot
val_3858,Esther Njeri,Freelance Creative,89,Tier 1 (Phone Verified),Male,25-34,24.00282798,TRUE,Mobile App (Android)
val_3859,Mary Wairimu,Ride-Hailing Driver,1779,Tier 3 (Address + Income Verified),Prefer Not to Say,45-54,80.37597429,FALSE,Web
val_3860,Ama Owusu,Tutor / Private Instructor,1279,Tier 1 (Phone Verified),Female,55+,71.18180344,FALSE,Agent
val_3861,Akosua Sarpong,Freelance Creative,440,Tier 1 (Phone Verified),Prefer Not to Say,25-34,14.00898367,TRUE,Mobile App (iOS)
val_3862,Chidinma Okeke,Logistics Driver (Truck/Van),756,Tier 2 (ID Verified),Female,45-54,92.64916927,TRUE,WhatsApp Bot
val_3863,Yaw Darko,Online Freelancer (Tech/Design),1320,Tier 0 (Unverified),Non-Binary,45-54,85.53561561,FALSE,USSD
val_3864,Akosua Sarpong,Logistics Driver (Truck/Van),1748,Tier 3 (Address + Income Verified),Non-Binary,35-44,77.95046529,FALSE,Web
val_3865,Nomvula Khumalo,Logistics Driver (Truck/Van),1047,Tier 2 (ID Verified),Male,55+,12.67735838,FALSE,Mobile App (iOS)
val_3866,Kwame Asante,Motorcycle Taxi Rider (Boda-Boda/Okada),494,Tier 2 (ID Verified),Female,18-24,13.96705311,TRUE,Web
val_3867,Thabo Nkosi,Market Trader,1272,Tier 1 (Phone Verified),Non-Binary,55+,68.31984582,TRUE,USSD
val_3868,Yusuf Musa,Informal Vendor,1252,Tier 3 (Address + Income Verified),Prefer Not to Say,35-44,10.72700152,TRUE,Web
val_3869,Kojo Ofori,Domestic Worker,1175,Tier 3 (Address + Income Verified),Prefer Not to Say,18-24,11.33156059,TRUE,USSD
val_3870,Aisha Bello,Ride-Hailing Driver,83,Tier 0 (Unverified),Female,55+,40.0279467,TRUE,Mobile App (iOS)
val_3871,Babatunde Fashola,Domestic Worker,1290,Tier 2 (ID Verified),Non-Binary,45-54,0.537788878,FALSE,WhatsApp Bot
val_3872,Lungelo Zulu,Logistics Driver (Truck/Van),35,Tier 3 (Address + Income Verified),Male,55+,72.14834028,FALSE,Agent
val_3873,Lydia Chebet,Logistics Driver (Truck/Van),1653,Tier 1 (Phone Verified),Prefer Not to Say,18-24,54.02069932,TRUE,Mobile App (iOS)
val_3874,Yaw Darko,Market Trader,1610,Tier 2 (ID Verified),Prefer Not to Say,45-54,7.817414921,FALSE,Mobile App (Android)
val_3875,Yaw Darko,Food Delivery Courier,1028,Tier 3 (Address + Income Verified),Prefer Not to Say,45-54,54.35827485,TRUE,USSD
val_3876,Efua Antwi,Freelance Creative,1179,Tier 1 (Phone Verified),Female,55+,5.408787288,FALSE,USSD
val_3877,Chidinma Okeke,Freelance Creative,123,Tier 2 (ID Verified),Female,25-34,7.0696106,TRUE,Web
val_3878,Fatima Abdullahi,Market Trader,1596,Tier 2 (ID Verified),Prefer Not to Say,55+,48.54661902,FALSE,Mobile App (Android)
val_3879,Aisha Bello,Freelance Creative,494,Tier 0 (Unverified),Non-Binary,45-54,49.98232505,FALSE,USSD
val_3880,Lungelo Zulu,Mobile Money Agent,478,Tier 0 (Unverified),Male,25-34,33.89947729,FALSE,Mobile App (iOS)
val_3881,Yusuf Musa,Ride-Hailing Driver,1293,Tier 2 (ID Verified),Non-Binary,25-34,62.17714583,FALSE,Mobile App (iOS)
val_3882,Abena Boateng,Freelance Creative,1714,Tier 0 (Unverified),Non-Binary,55+,38.73584027,TRUE,WhatsApp Bot
val_3883,James Kipkoech,Freelance Creative,902,Tier 3 (Address + Income Verified),Female,45-54,58.6960579,FALSE,Mobile App (Android)
val_3884,Emeka Obi,Delivery Rider,926,Tier 2 (ID Verified),Female,18-24,34.97849374,FALSE,Mobile App (Android)
val_3885,Kevin Odhiambo,Online Freelancer (Tech/Design),1001,Tier 2 (ID Verified),Male,18-24,71.49669647,TRUE,USSD
val_3886,Ngozi Eze,Agricultural Day Labourer,531,Tier 1 (Phone Verified),Female,55+,57.92861175,FALSE,Mobile App (Android)
val_3887,Fatima Abdullahi,Online Freelancer (Tech/Design),1089,Tier 1 (Phone Verified),Male,18-24,16.00435468,FALSE,Agent
val_3888,Amara Nwosu,Domestic Worker,1754,Tier 1 (Phone Verified),Female,25-34,68.62688552,FALSE,Mobile App (Android)
val_3889,Thabo Nkosi,Motorcycle Taxi Rider (Boda-Boda/Okada),698,Tier 2 (ID Verified),Male,45-54,78.39359225,TRUE,Web
val_3890,Kofi Mensah,Online Freelancer (Tech/Design),1411,Tier 1 (Phone Verified),Female,55+,6.587406796,FALSE,Web
val_3891,Bongani Ndlovu,Mobile Money Agent,1413,Tier 1 (Phone Verified),Non-Binary,25-34,60.99605953,FALSE,Mobile App (iOS)
val_3892,Mary Wairimu,Agricultural Day Labourer,1553,Tier 0 (Unverified),Female,45-54,79.0429656,FALSE,Mobile App (Android)
val_3893,Yusuf Musa,Market Trader,1321,Tier 2 (ID Verified),Male,45-54,11.46528978,FALSE,Web
val_3894,Yaw Darko,E-commerce Reseller,1682,Tier 2 (ID Verified),Prefer Not to Say,45-54,90.16524197,TRUE,WhatsApp Bot
val_3895,Bongani Ndlovu,E-commerce Reseller,1304,Tier 2 (ID Verified),Female,45-54,41.47987863,FALSE,WhatsApp Bot
val_3896,Ama Owusu,Freelance Creative,1782,Tier 1 (Phone Verified),Non-Binary,25-34,73.78398211,TRUE,WhatsApp Bot
val_3897,Chukwuemeka Okonkwo,Domestic Worker,1306,Tier 0 (Unverified),Non-Binary,45-54,89.90498468,TRUE,Web
val_3898,Samuel Kamau,Informal Vendor,1528,Tier 1 (Phone Verified),Non-Binary,18-24,98.96371509,TRUE,Web
val_3899,Mpho Sithole,Ride-Hailing Driver,1625,Tier 1 (Phone Verified),Female,45-54,58.3925064,FALSE,WhatsApp Bot
val_3900,Kwame Asante,Motorcycle Taxi Rider (Boda-Boda/Okada),1795,Tier 0 (Unverified),Prefer Not to Say,45-54,70.42739285,FALSE,Mobile App (iOS)
val_3901,Lerato Molefe,Logistics Driver (Truck/Van),1087,Tier 3 (Address + Income Verified),Prefer Not to Say,45-54,25.16996741,TRUE,WhatsApp Bot
val_3902,Kwame Asante,Domestic Worker,1296,Tier 1 (Phone Verified),Prefer Not to Say,18-24,29.00463722,FALSE,USSD
val_3903,Chukwuemeka Okonkwo,Tutor / Private Instructor,1765,Tier 1 (Phone Verified),Female,55+,85.07694269,TRUE,Web
val_3904,Lungelo Zulu,On-Demand Handyman,694,Tier 2 (ID Verified),Female,35-44,39.82439037,FALSE,Mobile App (iOS)
val_3905,Sipho Dlamini,On-Demand Handyman,217,Tier 3 (Address + Income Verified),Male,18-24,82.24339544,FALSE,Mobile App (Android)
val_3906,Kojo Ofori,Online Freelancer (Tech/Design),1614,Tier 1 (Phone Verified),Female,35-44,5.059681454,FALSE,Web
val_3907,Lerato Molefe,On-Demand Handyman,1153,Tier 2 (ID Verified),Prefer Not to Say,35-44,21.82534218,TRUE,Mobile App (Android)
val_3908,Fatima Abdullahi,Freelance Creative,782,Tier 0 (Unverified),Female,35-44,17.0094089,TRUE,WhatsApp Bot
val_3909,Mpho Sithole,E-commerce Reseller,1309,Tier 2 (ID Verified),Prefer Not to Say,45-54,52.70674697,TRUE,Web
val_3910,Chidinma Okeke,Food Delivery Courier,59,Tier 0 (Unverified),Prefer Not to Say,35-44,8.053054756,FALSE,USSD
val_3911,Lerato Molefe,Market Trader,871,Tier 0 (Unverified),Non-Binary,25-34,34.38704374,FALSE,WhatsApp Bot
val_3912,Fatima Abdullahi,Agricultural Day Labourer,484,Tier 2 (ID Verified),Non-Binary,45-54,98.62451099,TRUE,USSD
val_3913,Kofi Mensah,Delivery Rider,526,Tier 0 (Unverified),Prefer Not to Say,25-34,79.42171367,FALSE,Web
val_3914,Nomvula Khumalo,Agricultural Day Labourer,1769,Tier 0 (Unverified),Male,18-24,76.05914129,FALSE,Web
val_3915,Ngozi Eze,Domestic Worker,1004,Tier 0 (Unverified),Male,25-34,13.51146994,FALSE,Agent
val_3916,Tunde Adeyemi,Freelance Creative,256,Tier 3 (Address + Income Verified),Male,55+,36.45591066,FALSE,Agent
val_3917,Zanele Mokoena,Ride-Hailing Driver,666,Tier 2 (ID Verified),Prefer Not to Say,35-44,68.05879713,TRUE,Web
val_3918,Tunde Adeyemi,Agricultural Day Labourer,443,Tier 1 (Phone Verified),Female,25-34,2.162523724,TRUE,WhatsApp Bot
val_3919,Yaw Darko,Logistics Driver (Truck/Van),1660,Tier 3 (Address + Income Verified),Male,25-34,43.3976491,FALSE,Web
val_3920,Bongani Ndlovu,Agricultural Day Labourer,531,Tier 1 (Phone Verified),Male,55+,92.85897892,FALSE,Mobile App (Android)
val_3921,Yaw Darko,Mobile Money Agent,651,Tier 3 (Address + Income Verified),Female,45-54,8.23398069,TRUE,Agent
val_3922,Lydia Chebet,On-Demand Handyman,610,Tier 1 (Phone Verified),Female,45-54,90.62593387,FALSE,Mobile App (Android)
val_3923,Kevin Odhiambo,Mobile Money Agent,320,Tier 0 (Unverified),Male,45-54,19.45216245,FALSE,USSD
val_3924,Akosua Sarpong,Market Trader,1424,Tier 0 (Unverified),Male,55+,18.91072233,FALSE,USSD
val_3925,Kofi Mensah,Freelance Creative,1052,Tier 1 (Phone Verified),Prefer Not to Say,45-54,19.54359588,TRUE,Mobile App (iOS)
val_3926,Kwame Asante,Food Delivery Courier,797,Tier 0 (Unverified),Prefer Not to Say,35-44,93.12560823,FALSE,WhatsApp Bot
val_3927,Emeka Obi,Tutor / Private Instructor,723,Tier 0 (Unverified),Male,25-34,60.37449944,TRUE,USSD
val_3928,Nana Adjei,On-Demand Handyman,1217,Tier 1 (Phone Verified),Female,18-24,75.07889453,TRUE,USSD
val_3929,Adwoa Acheampong,Delivery Rider,175,Tier 3 (Address + Income Verified),Female,45-54,36.64076061,FALSE,USSD
val_3930,Kojo Ofori,Logistics Driver (Truck/Van),1701,Tier 0 (Unverified),Female,55+,87.3250936,TRUE,Mobile App (Android)
val_3931,Ngozi Eze,Delivery Rider,1031,Tier 0 (Unverified),Male,45-54,58.19371359,TRUE,Agent
val_3932,Kojo Ofori,Domestic Worker,415,Tier 3 (Address + Income Verified),Prefer Not to Say,35-44,59.98349332,FALSE,Web
val_3933,Adwoa Acheampong,Delivery Rider,982,Tier 0 (Unverified),Non-Binary,18-24,75.23210521,FALSE,USSD
val_3934,Fatima Abdullahi,Market Trader,1555,Tier 3 (Address + Income Verified),Prefer Not to Say,45-54,77.36426233,TRUE,Web
val_3935,Zanele Mokoena,On-Demand Handyman,316,Tier 2 (ID Verified),Female,25-34,68.18635716,TRUE,WhatsApp Bot
val_3936,Kwame Asante,Tutor / Private Instructor,956,Tier 3 (Address + Income Verified),Prefer Not to Say,45-54,11.89099336,TRUE,USSD
val_3937,James Kipkoech,Tutor / Private Instructor,1091,Tier 2 (ID Verified),Non-Binary,25-34,86.67265927,TRUE,Mobile App (iOS)
val_3938,Kojo Ofori,Online Freelancer (Tech/Design),1479,Tier 2 (ID Verified),Male,55+,26.08991161,FALSE,Web
val_3939,Kwame Asante,Food Delivery Courier,1035,Tier 0 (Unverified),Female,55+,99.61941583,TRUE,Web
val_3940,Ama Owusu,Motorcycle Taxi Rider (Boda-Boda/Okada),1344,Tier 2 (ID Verified),Prefer Not to Say,25-34,38.55079318,FALSE,Mobile App (Android)
val_3941,Samuel Kamau,Online Freelancer (Tech/Design),1412,Tier 2 (ID Verified),Prefer Not to Say,25-34,11.99972976,TRUE,USSD
val_3942,Bongani Ndlovu,Online Freelancer (Tech/Design),1627,Tier 3 (Address + Income Verified),Non-Binary,55+,31.60865026,TRUE,Mobile App (iOS)
val_3943,Lerato Molefe,Freelance Creative,660,Tier 0 (Unverified),Male,18-24,57.35342436,TRUE,WhatsApp Bot
val_3944,Amara Nwosu,Ride-Hailing Driver,1285,Tier 0 (Unverified),Non-Binary,35-44,39.14462382,FALSE,WhatsApp Bot
val_3945,Adwoa Acheampong,On-Demand Handyman,454,Tier 0 (Unverified),Prefer Not to Say,18-24,82.8681689,TRUE,Mobile App (iOS)
val_3946,Chukwuemeka Okonkwo,Motorcycle Taxi Rider (Boda-Boda/Okada),1541,Tier 3 (Address + Income Verified),Male,35-44,68.22062954,TRUE,Agent
val_3947,David Mwangi,Ride-Hailing Driver,1736,Tier 0 (Unverified),Female,18-24,21.34505656,TRUE,Agent
val_3948,Lerato Molefe,Tutor / Private Instructor,537,Tier 3 (Address + Income Verified),Male,18-24,53.8853305,FALSE,Mobile App (iOS)
val_3949,Emeka Obi,E-commerce Reseller,1024,Tier 1 (Phone Verified),Male,35-44,78.75320002,FALSE,Agent
val_3950,Faith Achieng,Motorcycle Taxi Rider (Boda-Boda/Okada),1501,Tier 1 (Phone Verified),Prefer Not to Say,18-24,89.12337516,TRUE,Mobile App (Android)
val_3951,Yusuf Musa,On-Demand Handyman,49,Tier 3 (Address + Income Verified),Male,45-54,39.49443349,FALSE,Agent
val_3952,Adwoa Acheampong,Market Trader,1287,Tier 2 (ID Verified),Male,35-44,92.44647202,TRUE,Agent
val_3953,James Kipkoech,Domestic Worker,1498,Tier 2 (ID Verified),Male,35-44,3.596945962,TRUE,Agent
val_3954,Abena Boateng,Online Freelancer (Tech/Design),1590,Tier 3 (Address + Income Verified),Prefer Not to Say,35-44,67.66912022,FALSE,WhatsApp Bot
val_3955,Bongani Ndlovu,Food Delivery Courier,359,Tier 3 (Address + Income Verified),Female,55+,78.19847448,TRUE,Web
val_3956,Kwame Asante,On-Demand Handyman,1382,Tier 2 (ID Verified),Prefer Not to Say,55+,42.51413806,FALSE,Web
val_3957,Adwoa Acheampong,Logistics Driver (Truck/Van),1435,Tier 1 (Phone Verified),Female,18-24,1.097447592,TRUE,Web
val_3958,Ngozi Eze,Mobile Money Agent,5,Tier 3 (Address + Income Verified),Non-Binary,45-54,68.70351603,TRUE,Agent
val_3959,Yusuf Musa,Tutor / Private Instructor,1287,Tier 2 (ID Verified),Prefer Not to Say,35-44,34.25642425,TRUE,Mobile App (Android)
val_3960,Bongani Ndlovu,Mobile Money Agent,1143,Tier 3 (Address + Income Verified),Non-Binary,45-54,15.18129547,TRUE,Agent
val_3961,Lungelo Zulu,Mobile Money Agent,1769,Tier 3 (Address + Income Verified),Non-Binary,45-54,15.71087765,TRUE,WhatsApp Bot
val_3962,Nana Adjei,Online Freelancer (Tech/Design),78,Tier 2 (ID Verified),Male,45-54,76.91640558,FALSE,WhatsApp Bot
val_3963,Faith Achieng,On-Demand Handyman,1763,Tier 1 (Phone Verified),Male,45-54,18.73894242,TRUE,Mobile App (iOS)
val_3964,Fatima Abdullahi,Online Freelancer (Tech/Design),1043,Tier 3 (Address + Income Verified),Non-Binary,25-34,48.40982981,FALSE,Mobile App (iOS)
val_3965,Lungelo Zulu,Informal Vendor,501,Tier 3 (Address + Income Verified),Female,55+,97.03893597,FALSE,Mobile App (Android)
val_3966,Nomvula Khumalo,Agricultural Day Labourer,707,Tier 0 (Unverified),Male,45-54,75.88186979,TRUE,USSD
val_3967,Chidinma Okeke,Food Delivery Courier,1399,Tier 2 (ID Verified),Male,25-34,54.71936487,FALSE,Mobile App (Android)
val_3968,Abena Boateng,Market Trader,1818,Tier 2 (ID Verified),Female,25-34,52.82753526,TRUE,USSD
val_3969,Yaw Darko,Logistics Driver (Truck/Van),578,Tier 2 (ID Verified),Male,35-44,16.73274415,TRUE,Mobile App (iOS)
val_3970,Lydia Chebet,On-Demand Handyman,1796,Tier 3 (Address + Income Verified),Non-Binary,25-34,44.6423575,TRUE,USSD
val_3971,Bongani Ndlovu,Freelance Creative,1148,Tier 1 (Phone Verified),Female,45-54,14.48996539,TRUE,Mobile App (Android)
val_3972,Babatunde Fashola,Freelance Creative,350,Tier 3 (Address + Income Verified),Female,35-44,8.358211523,FALSE,Web
val_3973,Brian Otieno,Informal Vendor,1091,Tier 2 (ID Verified),Male,18-24,10.9137236,TRUE,WhatsApp Bot
val_3974,Ngozi Eze,Delivery Rider,1464,Tier 0 (Unverified),Non-Binary,25-34,60.66111567,FALSE,WhatsApp Bot
val_3975,Efua Antwi,Motorcycle Taxi Rider (Boda-Boda/Okada),99,Tier 2 (ID Verified),Male,55+,19.35529828,TRUE,Agent
val_3976,Akosua Sarpong,Informal Vendor,144,Tier 0 (Unverified),Non-Binary,55+,14.9345515,TRUE,Agent
val_3977,Thandeka Mthembu,Freelance Creative,9,Tier 3 (Address + Income Verified),Prefer Not to Say,25-34,86.71309621,FALSE,WhatsApp Bot
val_3978,Ama Owusu,Informal Vendor,1041,Tier 3 (Address + Income Verified),Prefer Not to Say,45-54,12.20129632,TRUE,Agent
val_3979,Emeka Obi,Domestic Worker,105,Tier 3 (Address + Income Verified),Non-Binary,18-24,70.56351139,TRUE,USSD
val_3980,James Kipkoech,Tutor / Private Instructor,1702,Tier 2 (ID Verified),Prefer Not to Say,55+,41.70002621,FALSE,WhatsApp Bot
val_3981,Ngozi Eze,E-commerce Reseller,233,Tier 1 (Phone Verified),Prefer Not to Say,45-54,57.90797378,TRUE,Agent
val_3982,Nana Adjei,Online Freelancer (Tech/Design),130,Tier 1 (Phone Verified),Non-Binary,18-24,2.33554145,FALSE,Agent
val_3983,Nana Adjei,Logistics Driver (Truck/Van),470,Tier 3 (Address + Income Verified),Female,45-54,0.001923952,TRUE,USSD
val_3984,Lungelo Zulu,Food Delivery Courier,1393,Tier 0 (Unverified),Non-Binary,35-44,81.7248544,TRUE,Mobile App (iOS)
val_3985,Esther Njeri,Tutor / Private Instructor,1656,Tier 3 (Address + Income Verified),Prefer Not to Say,55+,47.54411585,FALSE,Mobile App (iOS)
val_3986,Samuel Kamau,Informal Vendor,458,Tier 1 (Phone Verified),Non-Binary,25-34,7.130693645,TRUE,Web
val_3987,Tunde Adeyemi,Motorcycle Taxi Rider (Boda-Boda/Okada),947,Tier 2 (ID Verified),Female,55+,34.34561032,TRUE,Mobile App (iOS)
val_3988,Kevin Odhiambo,Ride-Hailing Driver,1412,Tier 2 (ID Verified),Male,55+,50.63544363,FALSE,Mobile App (iOS)
val_3989,Lydia Chebet,Freelance Creative,1455,Tier 0 (Unverified),Male,25-34,13.54934768,FALSE,Web
val_3990,Sipho Dlamini,Ride-Hailing Driver,279,Tier 0 (Unverified),Female,35-44,54.63379498,FALSE,USSD
val_3991,Sipho Dlamini,Market Trader,1530,Tier 0 (Unverified),Prefer Not to Say,45-54,52.87507198,TRUE,Web
val_3992,Amara Nwosu,Tutor / Private Instructor,1583,Tier 3 (Address + Income Verified),Non-Binary,25-34,60.28351663,FALSE,USSD
val_3993,Grace Wanjiku,E-commerce Reseller,1342,Tier 0 (Unverified),Male,55+,81.02618053,TRUE,Mobile App (Android)
val_3994,Kwame Asante,Ride-Hailing Driver,962,Tier 2 (ID Verified),Prefer Not to Say,18-24,41.27788134,FALSE,Mobile App (iOS)
val_3995,Esther Njeri,E-commerce Reseller,714,Tier 0 (Unverified),Female,25-34,88.85600285,TRUE,Mobile App (Android)
val_3996,Aisha Bello,Food Delivery Courier,1624,Tier 3 (Address + Income Verified),Female,35-44,47.46737529,FALSE,USSD
val_3997,Zanele Mokoena,Logistics Driver (Truck/Van),1577,Tier 3 (Address + Income Verified),Prefer Not to Say,35-44,45.71489642,FALSE,Mobile App (iOS)
val_3998,Adwoa Acheampong,Motorcycle Taxi Rider (Boda-Boda/Okada),946,Tier 1 (Phone Verified),Female,18-24,65.56856984,TRUE,Web
val_3999,Kwame Asante,Informal Vendor,1354,Tier 0 (Unverified),Non-Binary,55+,61.75212153,TRUE,Mobile App (Android)
val_4000,Samuel Kamau,Mobile Money Agent,730,Tier 1 (Phone Verified),Prefer Not to Say,25-34,1.143493876,TRUE,Mobile App (Android)
val_4001,Zanele Mokoena,Ride-Hailing Driver,1356,Tier 2 (ID Verified),Non-Binary,18-24,98.24305902,TRUE,Web
val_4002,Aisha Bello,Agricultural Day Labourer,163,Tier 2 (ID Verified),Non-Binary,35-44,94.26935861,TRUE,WhatsApp Bot
val_4003,Mary Wairimu,Mobile Money Agent,1646,Tier 2 (ID Verified),Female,55+,28.12859425,TRUE,Agent
val_4004,Thabo Nkosi,Informal Vendor,941,Tier 2 (ID Verified),Prefer Not to Say,18-24,55.85833402,TRUE,Agent
val_4005,Lerato Molefe,On-Demand Handyman,1093,Tier 2 (ID Verified),Male,35-44,77.04851736,TRUE,Web
val_4006,Brian Otieno,Informal Vendor,345,Tier 0 (Unverified),Female,55+,92.04678241,TRUE,USSD
val_4007,Nana Adjei,Mobile Money Agent,965,Tier 0 (Unverified),Prefer Not to Say,55+,58.59066401,TRUE,WhatsApp Bot
val_4008,Fatima Abdullahi,Ride-Hailing Driver,5,Tier 3 (Address + Income Verified),Female,18-24,1.894013294,TRUE,Mobile App (iOS)
val_4009,Babatunde Fashola,Motorcycle Taxi Rider (Boda-Boda/Okada),1625,Tier 2 (ID Verified),Male,45-54,68.06779475,FALSE,Mobile App (iOS)
val_4010,David Mwangi,Mobile Money Agent,1367,Tier 3 (Address + Income Verified),Female,55+,9.30780689,FALSE,Agent
val_4011,Palesa Motsepe,Market Trader,829,Tier 2 (ID Verified),Female,45-54,67.11777735,FALSE,WhatsApp Bot
val_4012,Efua Antwi,Informal Vendor,1526,Tier 1 (Phone Verified),Non-Binary,45-54,58.7427602,FALSE,WhatsApp Bot
val_4013,Lydia Chebet,Mobile Money Agent,1481,Tier 2 (ID Verified),Male,45-54,64.06696279,FALSE,Web
val_4014,Grace Wanjiku,Logistics Driver (Truck/Van),217,Tier 2 (ID Verified),Female,35-44,18.9257699,FALSE,Mobile App (iOS)
val_4015,Amara Nwosu,Delivery Rider,98,Tier 0 (Unverified),Prefer Not to Say,18-24,49.36098628,FALSE,USSD
val_4016,Brian Otieno,Market Trader,463,Tier 1 (Phone Verified),Male,45-54,61.79567945,TRUE,Mobile App (Android)
val_4017,Emeka Obi,Informal Vendor,2,Tier 2 (ID Verified),Prefer Not to Say,45-54,30.02929114,TRUE,WhatsApp Bot
val_4018,Fatima Abdullahi,Motorcycle Taxi Rider (Boda-Boda/Okada),1046,Tier 0 (Unverified),Male,55+,18.16232614,FALSE,USSD
val_4019,Efua Antwi,Freelance Creative,964,Tier 0 (Unverified),Female,55+,22.26807389,FALSE,Mobile App (iOS)
val_4020,Amara Nwosu,Informal Vendor,982,Tier 0 (Unverified),Non-Binary,25-34,85.80166691,FALSE,Mobile App (iOS)
val_4021,Aisha Bello,Domestic Worker,134,Tier 2 (ID Verified),Prefer Not to Say,55+,46.45435203,TRUE,Web
val_4022,Ama Owusu,Informal Vendor,1676,Tier 0 (Unverified),Female,18-24,66.1073377,TRUE,Mobile App (iOS)
val_4023,Grace Wanjiku,E-commerce Reseller,1783,Tier 1 (Phone Verified),Male,55+,51.48888641,TRUE,Web
val_4024,James Kipkoech,Logistics Driver (Truck/Van),1078,Tier 0 (Unverified),Prefer Not to Say,18-24,83.41272519,FALSE,Agent
val_4025,Amara Nwosu,Online Freelancer (Tech/Design),10,Tier 1 (Phone Verified),Prefer Not to Say,45-54,50.84948671,FALSE,WhatsApp Bot
val_4026,Yusuf Musa,Tutor / Private Instructor,723,Tier 0 (Unverified),Non-Binary,45-54,9.332531292,FALSE,Mobile App (Android)
val_4027,Mary Wairimu,Motorcycle Taxi Rider (Boda-Boda/Okada),1311,Tier 3 (Address + Income Verified),Male,45-54,19.79846935,TRUE,Web
val_4028,Efua Antwi,Domestic Worker,1367,Tier 1 (Phone Verified),Non-Binary,55+,1.326541517,FALSE,Web
val_4029,Kevin Odhiambo,Motorcycle Taxi Rider (Boda-Boda/Okada),444,Tier 0 (Unverified),Female,35-44,83.15242831,TRUE,Web
val_4030,Ama Owusu,Food Delivery Courier,1502,Tier 2 (ID Verified),Female,18-24,66.32728333,TRUE,Mobile App (iOS)
val_4031,Kwame Asante,Freelance Creative,1766,Tier 3 (Address + Income Verified),Male,45-54,75.92019181,FALSE,Mobile App (Android)
val_4032,Brian Otieno,On-Demand Handyman,928,Tier 3 (Address + Income Verified),Female,25-34,71.50202347,TRUE,Agent
val_4033,Grace Wanjiku,Mobile Money Agent,696,Tier 3 (Address + Income Verified),Prefer Not to Say,45-54,82.44796887,TRUE,WhatsApp Bot
val_4034,Mary Wairimu,Logistics Driver (Truck/Van),960,Tier 1 (Phone Verified),Male,25-34,98.69695031,FALSE,Mobile App (Android)
val_4035,Aisha Bello,Freelance Creative,49,Tier 1 (Phone Verified),Prefer Not to Say,18-24,65.34713299,TRUE,Agent
val_4036,Efua Antwi,On-Demand Handyman,955,Tier 1 (Phone Verified),Non-Binary,45-54,25.2265603,FALSE,Mobile App (Android)
val_4037,Yaw Darko,Informal Vendor,49,Tier 1 (Phone Verified),Non-Binary,18-24,10.13900422,FALSE,Web
val_4038,Samuel Kamau,Tutor / Private Instructor,63,Tier 3 (Address + Income Verified),Prefer Not to Say,25-34,58.97479284,TRUE,Mobile App (iOS)
val_4039,David Mwangi,Food Delivery Courier,1010,Tier 0 (Unverified),Male,45-54,77.07570613,TRUE,WhatsApp Bot
val_4040,Esther Njeri,Informal Vendor,932,Tier 3 (Address + Income Verified),Prefer Not to Say,55+,56.15717142,FALSE,USSD
val_4041,Nana Adjei,Motorcycle Taxi Rider (Boda-Boda/Okada),1801,Tier 3 (Address + Income Verified),Female,25-34,30.35547681,TRUE,USSD
val_4042,Sipho Dlamini,Domestic Worker,927,Tier 3 (Address + Income Verified),Female,25-34,71.97348479,TRUE,WhatsApp Bot
val_4043,Babatunde Fashola,Mobile Money Agent,1789,Tier 2 (ID Verified),Female,25-34,44.79724961,TRUE,Mobile App (iOS)
val_4044,Kevin Odhiambo,Tutor / Private Instructor,1473,Tier 3 (Address + Income Verified),Non-Binary,35-44,28.65891013,TRUE,USSD
val_4045,Chukwuemeka Okonkwo,Informal Vendor,615,Tier 0 (Unverified),Female,18-24,84.1084488,FALSE,WhatsApp Bot
val_4046,James Kipkoech,Online Freelancer (Tech/Design),1691,Tier 3 (Address + Income Verified),Prefer Not to Say,35-44,57.65187811,TRUE,Mobile App (iOS)
val_4047,Chidinma Okeke,Logistics Driver (Truck/Van),881,Tier 2 (ID Verified),Male,55+,28.34479979,FALSE,WhatsApp Bot
val_4048,Esther Njeri,Mobile Money Agent,1086,Tier 3 (Address + Income Verified),Non-Binary,18-24,32.86043343,FALSE,Mobile App (iOS)
val_4049,James Kipkoech,Informal Vendor,183,Tier 0 (Unverified),Non-Binary,55+,57.16651154,FALSE,Web
val_4050,Samuel Kamau,Ride-Hailing Driver,388,Tier 3 (Address + Income Verified),Non-Binary,35-44,42.2923594,FALSE,Agent
val_4051,Faith Achieng,Domestic Worker,953,Tier 2 (ID Verified),Non-Binary,45-54,16.05191181,TRUE,Mobile App (iOS)
val_4052,Sipho Dlamini,Ride-Hailing Driver,495,Tier 0 (Unverified),Non-Binary,45-54,61.04699324,TRUE,Mobile App (iOS)
val_4053,Thabo Nkosi,Agricultural Day Labourer,1095,Tier 2 (ID Verified),Prefer Not to Say,55+,68.91100661,TRUE,Mobile App (Android)
val_4054,Chukwuemeka Okonkwo,Tutor / Private Instructor,145,Tier 0 (Unverified),Male,45-54,0.010879628,FALSE,Web
val_4055,Faith Achieng,Agricultural Day Labourer,458,Tier 0 (Unverified),Female,55+,53.68693161,TRUE,Agent
val_4056,Zanele Mokoena,Logistics Driver (Truck/Van),1214,Tier 2 (ID Verified),Non-Binary,25-34,57.71614799,TRUE,USSD
val_4057,Ama Owusu,Food Delivery Courier,1117,Tier 3 (Address + Income Verified),Female,25-34,33.20640542,FALSE,Mobile App (iOS)
val_4058,Yusuf Musa,Tutor / Private Instructor,1796,Tier 0 (Unverified),Prefer Not to Say,45-54,33.8731259,FALSE,Mobile App (iOS)
val_4059,Abena Boateng,Domestic Worker,1642,Tier 1 (Phone Verified),Non-Binary,18-24,31.76588823,FALSE,WhatsApp Bot
val_4060,Amara Nwosu,Agricultural Day Labourer,1480,Tier 1 (Phone Verified),Non-Binary,18-24,44.53280683,TRUE,Mobile App (iOS)
val_4061,Chukwuemeka Okonkwo,Informal Vendor,1,Tier 2 (ID Verified),Male,25-34,81.19398789,FALSE,Agent
val_4062,Akosua Sarpong,On-Demand Handyman,1100,Tier 0 (Unverified),Female,25-34,46.90260671,FALSE,USSD
val_4063,Kwame Asante,Freelance Creative,418,Tier 2 (ID Verified),Non-Binary,18-24,99.36487067,TRUE,Mobile App (iOS)
val_4064,Sipho Dlamini,On-Demand Handyman,487,Tier 1 (Phone Verified),Female,45-54,37.61586748,TRUE,Mobile App (Android)
val_4065,Esther Njeri,On-Demand Handyman,383,Tier 3 (Address + Income Verified),Prefer Not to Say,35-44,69.92622562,FALSE,Mobile App (iOS)
val_4066,Lungelo Zulu,Logistics Driver (Truck/Van),832,Tier 1 (Phone Verified),Male,25-34,54.89656714,TRUE,WhatsApp Bot
val_4067,Kevin Odhiambo,E-commerce Reseller,226,Tier 1 (Phone Verified),Male,25-34,76.22886211,TRUE,WhatsApp Bot
val_4068,Adwoa Acheampong,E-commerce Reseller,971,Tier 0 (Unverified),Female,55+,88.8364569,FALSE,Mobile App (Android)
val_4069,Babatunde Fashola,E-commerce Reseller,303,Tier 3 (Address + Income Verified),Female,55+,51.16832931,TRUE,Agent
val_4070,Ngozi Eze,Motorcycle Taxi Rider (Boda-Boda/Okada),913,Tier 3 (Address + Income Verified),Prefer Not to Say,18-24,49.44792092,FALSE,WhatsApp Bot
val_4071,Nomvula Khumalo,Motorcycle Taxi Rider (Boda-Boda/Okada),1142,Tier 1 (Phone Verified),Prefer Not to Say,45-54,94.27190299,TRUE,Mobile App (Android)
val_4072,Zanele Mokoena,Ride-Hailing Driver,328,Tier 1 (Phone Verified),Female,25-34,93.36595726,FALSE,Mobile App (iOS)
val_4073,Bongani Ndlovu,On-Demand Handyman,187,Tier 3 (Address + Income Verified),Non-Binary,25-34,99.69967296,FALSE,Agent
val_4074,Samuel Kamau,Mobile Money Agent,1472,Tier 1 (Phone Verified),Female,35-44,15.64759153,TRUE,USSD
val_4075,Chukwuemeka Okonkwo,Logistics Driver (Truck/Van),1348,Tier 0 (Unverified),Non-Binary,55+,0.356872364,FALSE,Mobile App (iOS)
val_4076,Thandeka Mthembu,Agricultural Day Labourer,477,Tier 0 (Unverified),Non-Binary,35-44,43.73103021,TRUE,USSD
val_4077,Yaw Darko,Delivery Rider,1619,Tier 2 (ID Verified),Non-Binary,55+,73.33401634,TRUE,Mobile App (Android)
val_4078,Chidinma Okeke,Motorcycle Taxi Rider (Boda-Boda/Okada),403,Tier 0 (Unverified),Prefer Not to Say,55+,7.285601013,FALSE,USSD
val_4079,Sipho Dlamini,Market Trader,1691,Tier 0 (Unverified),Non-Binary,45-54,37.36016322,FALSE,Web
val_4080,Mpho Sithole,Online Freelancer (Tech/Design),206,Tier 0 (Unverified),Female,45-54,58.14594768,FALSE,WhatsApp Bot
val_4081,Grace Wanjiku,Ride-Hailing Driver,1205,Tier 3 (Address + Income Verified),Male,45-54,21.25474251,TRUE,Mobile App (Android)
val_4082,Sipho Dlamini,Delivery Rider,35,Tier 3 (Address + Income Verified),Non-Binary,25-34,73.11419978,TRUE,USSD
val_4083,Nomvula Khumalo,Ride-Hailing Driver,360,Tier 3 (Address + Income Verified),Prefer Not to Say,55+,22.9537655,TRUE,Mobile App (iOS)
val_4084,Kwame Asante,Mobile Money Agent,738,Tier 1 (Phone Verified),Non-Binary,55+,84.06720152,TRUE,USSD
val_4085,Akosua Sarpong,Tutor / Private Instructor,155,Tier 1 (Phone Verified),Prefer Not to Say,45-54,34.82733377,TRUE,Mobile App (iOS)
val_4086,Brian Otieno,Agricultural Day Labourer,834,Tier 1 (Phone Verified),Female,45-54,59.86484474,TRUE,Agent
val_4087,Bongani Ndlovu,E-commerce Reseller,423,Tier 2 (ID Verified),Male,55+,54.41540071,TRUE,Mobile App (iOS)
val_4088,Thandeka Mthembu,Delivery Rider,180,Tier 0 (Unverified),Non-Binary,18-24,29.64467165,FALSE,Agent
val_4089,Thandeka Mthembu,Market Trader,1756,Tier 2 (ID Verified),Male,18-24,43.90716238,FALSE,Agent
val_4090,Adwoa Acheampong,E-commerce Reseller,1792,Tier 0 (Unverified),Male,55+,84.59730919,TRUE,USSD
val_4091,Aisha Bello,Freelance Creative,1757,Tier 1 (Phone Verified),Non-Binary,35-44,54.83442856,TRUE,Web
val_4092,David Mwangi,Agricultural Day Labourer,281,Tier 1 (Phone Verified),Female,45-54,5.558696083,TRUE,Web
val_4093,Mary Wairimu,Tutor / Private Instructor,697,Tier 2 (ID Verified),Non-Binary,35-44,71.30322909,TRUE,USSD
val_4094,Lerato Molefe,Food Delivery Courier,597,Tier 3 (Address + Income Verified),Non-Binary,35-44,18.24524978,FALSE,Mobile App (iOS)
val_4095,Ama Owusu,Food Delivery Courier,594,Tier 2 (ID Verified),Female,18-24,48.60627635,TRUE,Mobile App (Android)
val_4096,Ama Owusu,Motorcycle Taxi Rider (Boda-Boda/Okada),760,Tier 1 (Phone Verified),Non-Binary,25-34,46.85388807,TRUE,Mobile App (iOS)
val_4097,Amara Nwosu,Agricultural Day Labourer,931,Tier 2 (ID Verified),Non-Binary,18-24,48.64869286,FALSE,Web
val_4098,Nomvula Khumalo,Mobile Money Agent,885,Tier 2 (ID Verified),Non-Binary,35-44,3.101400633,TRUE,Agent
val_4099,Esther Njeri,Freelance Creative,532,Tier 0 (Unverified),Non-Binary,18-24,27.23885192,FALSE,WhatsApp Bot
val_4100,Ngozi Eze,Food Delivery Courier,1789,Tier 3 (Address + Income Verified),Female,55+,5.073547272,TRUE,Agent
val_4101,Thandeka Mthembu,Motorcycle Taxi Rider (Boda-Boda/Okada),1788,Tier 3 (Address + Income Verified),Non-Binary,25-34,41.49567026,FALSE,USSD
val_4102,Fatima Abdullahi,E-commerce Reseller,604,Tier 0 (Unverified),Non-Binary,45-54,62.13367273,TRUE,Web
val_4103,Chukwuemeka Okonkwo,Agricultural Day Labourer,403,Tier 0 (Unverified),Male,18-24,65.40741257,TRUE,USSD
val_4104,Ngozi Eze,Food Delivery Courier,972,Tier 0 (Unverified),Male,18-24,6.454800366,TRUE,Mobile App (iOS)
val_4105,James Kipkoech,Ride-Hailing Driver,674,Tier 2 (ID Verified),Male,35-44,11.8889105,TRUE,WhatsApp Bot
val_4106,Babatunde Fashola,E-commerce Reseller,1802,Tier 0 (Unverified),Male,45-54,66.15067787,TRUE,WhatsApp Bot
val_4107,Zanele Mokoena,Agricultural Day Labourer,784,Tier 0 (Unverified),Female,55+,53.11876496,TRUE,USSD
val_4108,Kwame Asante,Market Trader,72,Tier 2 (ID Verified),Prefer Not to Say,35-44,83.34120082,FALSE,WhatsApp Bot
val_4109,Samuel Kamau,Food Delivery Courier,228,Tier 0 (Unverified),Prefer Not to Say,45-54,20.51421672,FALSE,WhatsApp Bot
val_4110,Chukwuemeka Okonkwo,Delivery Rider,136,Tier 0 (Unverified),Prefer Not to Say,45-54,12.03422876,TRUE,WhatsApp Bot
val_4111,Lydia Chebet,Informal Vendor,699,Tier 0 (Unverified),Non-Binary,45-54,36.20241461,TRUE,Web
val_4112,Emeka Obi,Logistics Driver (Truck/Van),577,Tier 2 (ID Verified),Male,45-54,63.7067135,TRUE,USSD
val_4113,Thandeka Mthembu,Informal Vendor,1564,Tier 1 (Phone Verified),Female,18-24,48.59672414,FALSE,USSD
val_4114,Grace Wanjiku,E-commerce Reseller,1626,Tier 1 (Phone Verified),Prefer Not to Say,35-44,9.85932661,FALSE,Agent
val_4115,James Kipkoech,Agricultural Day Labourer,256,Tier 2 (ID Verified),Prefer Not to Say,55+,7.129208893,FALSE,USSD
val_4116,Chukwuemeka Okonkwo,Market Trader,1724,Tier 0 (Unverified),Prefer Not to Say,35-44,67.76936272,FALSE,Mobile App (Android)
val_4117,Amara Nwosu,Ride-Hailing Driver,1066,Tier 2 (ID Verified),Female,18-24,29.69682114,FALSE,WhatsApp Bot
val_4118,Yusuf Musa,Market Trader,560,Tier 1 (Phone Verified),Female,45-54,66.9482471,FALSE,WhatsApp Bot
val_4119,Tunde Adeyemi,Agricultural Day Labourer,742,Tier 2 (ID Verified),Non-Binary,25-34,29.49148831,FALSE,Mobile App (Android)
val_4120,Adwoa Acheampong,On-Demand Handyman,805,Tier 2 (ID Verified),Male,35-44,31.47942118,FALSE,Agent
val_4121,Bongani Ndlovu,Tutor / Private Instructor,311,Tier 2 (ID Verified),Male,35-44,20.98147314,TRUE,Agent
val_4122,Thandeka Mthembu,Tutor / Private Instructor,1583,Tier 0 (Unverified),Male,45-54,98.37169615,FALSE,Mobile App (Android)
val_4123,Brian Otieno,Food Delivery Courier,22,Tier 0 (Unverified),Non-Binary,55+,1.607029009,TRUE,Mobile App (Android)
val_4124,Nomvula Khumalo,Ride-Hailing Driver,127,Tier 2 (ID Verified),Male,45-54,12.72524339,FALSE,Mobile App (iOS)
val_4125,Kwame Asante,Freelance Creative,499,Tier 0 (Unverified),Non-Binary,55+,83.62901809,TRUE,Agent
val_4126,Aisha Bello,Online Freelancer (Tech/Design),262,Tier 1 (Phone Verified),Female,18-24,13.81617341,TRUE,Web
val_4127,Ngozi Eze,Logistics Driver (Truck/Van),112,Tier 2 (ID Verified),Prefer Not to Say,45-54,28.06968919,TRUE,WhatsApp Bot
val_4128,Ama Owusu,Motorcycle Taxi Rider (Boda-Boda/Okada),700,Tier 3 (Address + Income Verified),Male,35-44,26.27849683,FALSE,USSD
val_4129,Kevin Odhiambo,Delivery Rider,687,Tier 2 (ID Verified),Female,45-54,69.69855823,FALSE,Agent
val_4130,Chukwuemeka Okonkwo,Domestic Worker,229,Tier 3 (Address + Income Verified),Male,18-24,41.1201178,TRUE,Agent
val_4131,Bongani Ndlovu,On-Demand Handyman,1479,Tier 2 (ID Verified),Female,35-44,84.05878226,TRUE,USSD
val_4132,Adwoa Acheampong,Tutor / Private Instructor,1611,Tier 1 (Phone Verified),Non-Binary,18-24,74.74271957,TRUE,WhatsApp Bot
val_4133,Kwame Asante,Informal Vendor,1314,Tier 0 (Unverified),Male,45-54,53.11013312,FALSE,Agent
val_4134,Thandeka Mthembu,Food Delivery Courier,953,Tier 2 (ID Verified),Non-Binary,25-34,24.90617756,FALSE,Web
val_4135,Lerato Molefe,Ride-Hailing Driver,1729,Tier 3 (Address + Income Verified),Prefer Not to Say,18-24,79.24188095,FALSE,Agent
val_4136,Lerato Molefe,On-Demand Handyman,640,Tier 1 (Phone Verified),Male,18-24,86.59905541,TRUE,Mobile App (iOS)
val_4137,Brian Otieno,Domestic Worker,779,Tier 0 (Unverified),Male,25-34,83.62825111,TRUE,Mobile App (Android)
val_4138,Palesa Motsepe,Online Freelancer (Tech/Design),27,Tier 0 (Unverified),Prefer Not to Say,55+,5.171376761,FALSE,Mobile App (iOS)
val_4139,Kwame Asante,Domestic Worker,1292,Tier 2 (ID Verified),Non-Binary,55+,69.79586829,TRUE,Web
val_4140,Adwoa Acheampong,E-commerce Reseller,168,Tier 2 (ID Verified),Prefer Not to Say,18-24,70.39386363,FALSE,Agent
val_4141,Lungelo Zulu,Freelance Creative,1214,Tier 0 (Unverified),Non-Binary,55+,94.30755399,TRUE,Agent
val_4142,Emeka Obi,Motorcycle Taxi Rider (Boda-Boda/Okada),1428,Tier 0 (Unverified),Non-Binary,35-44,26.34783667,TRUE,USSD
val_4143,Mary Wairimu,Online Freelancer (Tech/Design),396,Tier 2 (ID Verified),Male,25-34,78.63468295,TRUE,USSD
val_4144,Amara Nwosu,Logistics Driver (Truck/Van),1117,Tier 1 (Phone Verified),Non-Binary,55+,68.90965002,FALSE,Web
val_4145,Grace Wanjiku,Delivery Rider,554,Tier 1 (Phone Verified),Female,25-34,87.87269712,FALSE,WhatsApp Bot
val_4146,Kevin Odhiambo,Agricultural Day Labourer,727,Tier 1 (Phone Verified),Prefer Not to Say,18-24,69.33080303,TRUE,Mobile App (iOS)
val_4147,Lungelo Zulu,Market Trader,967,Tier 2 (ID Verified),Male,25-34,85.24545367,FALSE,Mobile App (iOS)
val_4148,Lungelo Zulu,Mobile Money Agent,455,Tier 2 (ID Verified),Male,18-24,35.9575347,FALSE,WhatsApp Bot
val_4149,Faith Achieng,Logistics Driver (Truck/Van),1454,Tier 0 (Unverified),Non-Binary,35-44,15.76244207,FALSE,Mobile App (Android)
val_4150,Esther Njeri,Logistics Driver (Truck/Van),720,Tier 0 (Unverified),Prefer Not to Say,18-24,36.33520346,FALSE,Agent
val_4151,Ama Owusu,Delivery Rider,843,Tier 2 (ID Verified),Prefer Not to Say,25-34,81.50516888,TRUE,USSD
val_4152,Mpho Sithole,Freelance Creative,1487,Tier 2 (ID Verified),Non-Binary,25-34,13.16499777,TRUE,Mobile App (Android)
val_4153,Thandeka Mthembu,Logistics Driver (Truck/Van),415,Tier 0 (Unverified),Female,45-54,63.79451793,FALSE,Mobile App (iOS)
val_4154,Chidinma Okeke,Online Freelancer (Tech/Design),825,Tier 0 (Unverified),Female,55+,98.75560552,FALSE,Web
val_4155,Fatima Abdullahi,Motorcycle Taxi Rider (Boda-Boda/Okada),1814,Tier 2 (ID Verified),Prefer Not to Say,18-24,89.50148758,FALSE,Mobile App (Android)
val_4156,Kojo Ofori,Logistics Driver (Truck/Van),729,Tier 1 (Phone Verified),Male,45-54,67.11833283,FALSE,Mobile App (iOS)
val_4157,Samuel Kamau,E-commerce Reseller,211,Tier 0 (Unverified),Male,18-24,79.26303268,FALSE,Mobile App (Android)
val_4158,Fatima Abdullahi,Domestic Worker,519,Tier 2 (ID Verified),Non-Binary,55+,11.64764541,FALSE,USSD
val_4159,Aisha Bello,Motorcycle Taxi Rider (Boda-Boda/Okada),1745,Tier 0 (Unverified),Female,25-34,49.88337625,FALSE,Web
val_4160,Kevin Odhiambo,Agricultural Day Labourer,1386,Tier 0 (Unverified),Female,55+,53.19124233,TRUE,Web
val_4161,Faith Achieng,Agricultural Day Labourer,1477,Tier 2 (ID Verified),Prefer Not to Say,45-54,78.26957596,FALSE,Agent
val_4162,Kofi Mensah,On-Demand Handyman,463,Tier 0 (Unverified),Female,25-34,28.25933457,TRUE,Agent
val_4163,Yusuf Musa,Informal Vendor,1531,Tier 0 (Unverified),Prefer Not to Say,25-34,10.64852864,TRUE,USSD
val_4164,Kojo Ofori,Tutor / Private Instructor,718,Tier 3 (Address + Income Verified),Male,25-34,69.81138426,TRUE,Agent
val_4165,Efua Antwi,Logistics Driver (Truck/Van),1451,Tier 0 (Unverified),Female,35-44,49.25941296,FALSE,Web
val_4166,James Kipkoech,Informal Vendor,1608,Tier 2 (ID Verified),Male,35-44,84.22940597,FALSE,Mobile App (iOS)
val_4167,Fatima Abdullahi,Tutor / Private Instructor,380,Tier 3 (Address + Income Verified),Non-Binary,45-54,48.14896935,TRUE,Web
val_4168,Kwame Asante,Agricultural Day Labourer,1713,Tier 3 (Address + Income Verified),Prefer Not to Say,35-44,84.62707792,TRUE,Mobile App (Android)
val_4169,Nana Adjei,Agricultural Day Labourer,1155,Tier 3 (Address + Income Verified),Prefer Not to Say,45-54,50.78350018,TRUE,Agent
val_4170,David Mwangi,Domestic Worker,1334,Tier 1 (Phone Verified),Male,35-44,78.26985098,TRUE,Mobile App (iOS)
val_4171,Brian Otieno,Informal Vendor,1381,Tier 3 (Address + Income Verified),Prefer Not to Say,25-34,72.07451789,TRUE,WhatsApp Bot
val_4172,Kwame Asante,Motorcycle Taxi Rider (Boda-Boda/Okada),307,Tier 0 (Unverified),Male,25-34,26.60825404,FALSE,Mobile App (Android)
val_4173,David Mwangi,E-commerce Reseller,1361,Tier 1 (Phone Verified),Non-Binary,45-54,30.93983251,TRUE,Mobile App (Android)
val_4174,Kevin Odhiambo,Mobile Money Agent,388,Tier 0 (Unverified),Non-Binary,18-24,89.91955225,TRUE,Web
val_4175,Esther Njeri,Online Freelancer (Tech/Design),495,Tier 2 (ID Verified),Male,25-34,23.10071276,TRUE,USSD
val_4176,Samuel Kamau,Motorcycle Taxi Rider (Boda-Boda/Okada),212,Tier 3 (Address + Income Verified),Male,25-34,69.75005563,FALSE,Agent
val_4177,Kojo Ofori,On-Demand Handyman,330,Tier 3 (Address + Income Verified),Male,45-54,14.5120132,TRUE,USSD
val_4178,James Kipkoech,Delivery Rider,1787,Tier 3 (Address + Income Verified),Non-Binary,18-24,75.51583712,TRUE,Agent
val_4179,James Kipkoech,Online Freelancer (Tech/Design),599,Tier 0 (Unverified),Non-Binary,35-44,22.32898496,FALSE,Mobile App (Android)
val_4180,Nana Adjei,Logistics Driver (Truck/Van),706,Tier 3 (Address + Income Verified),Male,45-54,59.40653728,TRUE,Mobile App (Android)
val_4181,David Mwangi,Food Delivery Courier,876,Tier 2 (ID Verified),Non-Binary,55+,56.42434877,FALSE,Mobile App (iOS)
val_4182,Babatunde Fashola,Online Freelancer (Tech/Design),1301,Tier 1 (Phone Verified),Prefer Not to Say,35-44,20.3514253,TRUE,Mobile App (Android)
val_4183,Lungelo Zulu,E-commerce Reseller,1047,Tier 0 (Unverified),Male,55+,49.14033211,FALSE,USSD
val_4184,Tunde Adeyemi,Tutor / Private Instructor,979,Tier 0 (Unverified),Non-Binary,45-54,87.92480254,FALSE,Agent
val_4185,Kofi Mensah,Agricultural Day Labourer,1528,Tier 3 (Address + Income Verified),Female,45-54,68.05293482,FALSE,Agent
val_4186,Brian Otieno,Ride-Hailing Driver,905,Tier 1 (Phone Verified),Female,25-34,99.26543991,FALSE,Agent
val_4187,Yusuf Musa,Food Delivery Courier,1404,Tier 2 (ID Verified),Female,55+,78.4554261,TRUE,WhatsApp Bot
val_4188,Aisha Bello,Mobile Money Agent,1663,Tier 3 (Address + Income Verified),Female,25-34,64.34554343,FALSE,Web
val_4189,Mpho Sithole,Food Delivery Courier,1234,Tier 1 (Phone Verified),Female,18-24,56.32020642,FALSE,Web
val_4190,Mary Wairimu,Motorcycle Taxi Rider (Boda-Boda/Okada),64,Tier 0 (Unverified),Male,18-24,93.7428646,TRUE,Agent
val_4191,Esther Njeri,Tutor / Private Instructor,481,Tier 1 (Phone Verified),Female,45-54,52.70134374,FALSE,Web
val_4192,Adwoa Acheampong,Online Freelancer (Tech/Design),1128,Tier 0 (Unverified),Non-Binary,45-54,40.26727706,FALSE,Web
val_4193,Aisha Bello,Mobile Money Agent,874,Tier 0 (Unverified),Female,18-24,83.44935794,TRUE,Agent
val_4194,Kofi Mensah,Food Delivery Courier,519,Tier 3 (Address + Income Verified),Non-Binary,55+,94.02444189,TRUE,Agent
val_4195,Lydia Chebet,Delivery Rider,612,Tier 1 (Phone Verified),Male,25-34,47.89168919,FALSE,Web
val_4196,Kofi Mensah,Online Freelancer (Tech/Design),143,Tier 2 (ID Verified),Male,45-54,13.72385236,TRUE,WhatsApp Bot
val_4197,Babatunde Fashola,Freelance Creative,428,Tier 2 (ID Verified),Prefer Not to Say,35-44,60.83728182,FALSE,Mobile App (iOS)
val_4198,Lerato Molefe,Ride-Hailing Driver,1429,Tier 2 (ID Verified),Female,35-44,74.08822619,FALSE,Mobile App (Android)
val_4199,Chidinma Okeke,Market Trader,18,Tier 2 (ID Verified),Non-Binary,45-54,37.36360832,TRUE,Mobile App (iOS)
val_4200,Efua Antwi,Mobile Money Agent,1528,Tier 0 (Unverified),Non-Binary,55+,74.78788576,TRUE,USSD
val_4201,Adwoa Acheampong,On-Demand Handyman,619,Tier 2 (ID Verified),Male,45-54,53.10513426,FALSE,Mobile App (Android)
val_4202,Esther Njeri,Market Trader,1475,Tier 3 (Address + Income Verified),Prefer Not to Say,55+,30.13561304,FALSE,WhatsApp Bot
val_4203,Amara Nwosu,Online Freelancer (Tech/Design),467,Tier 0 (Unverified),Female,55+,62.95212284,TRUE,USSD
val_4204,Grace Wanjiku,On-Demand Handyman,1513,Tier 0 (Unverified),Prefer Not to Say,25-34,38.89475655,TRUE,WhatsApp Bot
val_4205,Thabo Nkosi,Tutor / Private Instructor,1044,Tier 2 (ID Verified),Female,35-44,78.6825504,FALSE,Agent
val_4206,Mpho Sithole,Market Trader,1554,Tier 3 (Address + Income Verified),Female,18-24,0.308002792,TRUE,Mobile App (Android)
val_4207,Bongani Ndlovu,On-Demand Handyman,113,Tier 1 (Phone Verified),Non-Binary,55+,81.8178116,FALSE,Mobile App (iOS)
val_4208,Chidinma Okeke,Market Trader,1456,Tier 3 (Address + Income Verified),Male,55+,30.65752775,FALSE,WhatsApp Bot
val_4209,Yaw Darko,Agricultural Day Labourer,493,Tier 0 (Unverified),Non-Binary,55+,95.96265635,TRUE,USSD
val_4210,Emeka Obi,Informal Vendor,655,Tier 2 (ID Verified),Prefer Not to Say,45-54,75.91648676,TRUE,Agent
val_4211,Kojo Ofori,Freelance Creative,81,Tier 3 (Address + Income Verified),Non-Binary,55+,24.10402848,FALSE,Mobile App (Android)
val_4212,Kevin Odhiambo,Tutor / Private Instructor,1742,Tier 1 (Phone Verified),Male,45-54,97.87991587,FALSE,Agent
val_4213,Kojo Ofori,Logistics Driver (Truck/Van),1171,Tier 2 (ID Verified),Non-Binary,25-34,49.9580592,FALSE,Web
val_4214,Efua Antwi,Online Freelancer (Tech/Design),1791,Tier 0 (Unverified),Male,25-34,52.29237973,TRUE,WhatsApp Bot
val_4215,Thandeka Mthembu,Food Delivery Courier,1037,Tier 2 (ID Verified),Male,35-44,90.95181341,TRUE,Mobile App (Android)
val_4216,Lydia Chebet,Agricultural Day Labourer,288,Tier 2 (ID Verified),Female,35-44,91.84030675,FALSE,Agent
val_4217,Esther Njeri,Motorcycle Taxi Rider (Boda-Boda/Okada),616,Tier 3 (Address + Income Verified),Female,45-54,69.68825042,FALSE,Mobile App (iOS)
val_4218,Ama Owusu,Motorcycle Taxi Rider (Boda-Boda/Okada),803,Tier 0 (Unverified),Male,45-54,97.84496396,FALSE,Agent
val_4219,Emeka Obi,Tutor / Private Instructor,269,Tier 1 (Phone Verified),Male,55+,32.88703096,FALSE,USSD
val_4220,Babatunde Fashola,Delivery Rider,1700,Tier 2 (ID Verified),Prefer Not to Say,45-54,23.23365844,TRUE,WhatsApp Bot
val_4221,Kwame Asante,Logistics Driver (Truck/Van),1749,Tier 3 (Address + Income Verified),Female,18-24,2.925672145,TRUE,Mobile App (Android)
val_4222,Zanele Mokoena,Mobile Money Agent,1028,Tier 0 (Unverified),Male,25-34,34.63449385,TRUE,USSD
val_4223,Ama Owusu,Freelance Creative,1067,Tier 2 (ID Verified),Female,25-34,60.26333433,FALSE,Web
val_4224,Nomvula Khumalo,Motorcycle Taxi Rider (Boda-Boda/Okada),1284,Tier 3 (Address + Income Verified),Non-Binary,45-54,30.53790499,TRUE,Mobile App (iOS)
val_4225,Fatima Abdullahi,Agricultural Day Labourer,1240,Tier 2 (ID Verified),Non-Binary,25-34,57.96202571,TRUE,USSD
val_4226,Mary Wairimu,Agricultural Day Labourer,114,Tier 1 (Phone Verified),Female,55+,4.838575216,FALSE,Web
val_4227,Yaw Darko,E-commerce Reseller,970,Tier 0 (Unverified),Male,25-34,35.40910646,TRUE,Mobile App (Android)
val_4228,Esther Njeri,Logistics Driver (Truck/Van),1419,Tier 1 (Phone Verified),Prefer Not to Say,35-44,74.80049065,TRUE,WhatsApp Bot
val_4229,Chukwuemeka Okonkwo,Freelance Creative,1472,Tier 0 (Unverified),Non-Binary,55+,10.43268602,FALSE,WhatsApp Bot
val_4230,Tunde Adeyemi,Domestic Worker,1088,Tier 0 (Unverified),Prefer Not to Say,25-34,71.48374557,TRUE,Agent
val_4231,Bongani Ndlovu,Freelance Creative,1636,Tier 1 (Phone Verified),Female,18-24,76.3311113,TRUE,Mobile App (iOS)
val_4232,Yaw Darko,Domestic Worker,1070,Tier 0 (Unverified),Male,25-34,56.87615091,TRUE,Mobile App (iOS)
val_4233,Brian Otieno,Delivery Rider,698,Tier 0 (Unverified),Female,25-34,88.60875531,TRUE,Agent
val_4234,Brian Otieno,E-commerce Reseller,808,Tier 2 (ID Verified),Female,45-54,95.45635122,FALSE,WhatsApp Bot
val_4235,Aisha Bello,Domestic Worker,1259,Tier 0 (Unverified),Non-Binary,45-54,3.467748295,FALSE,Agent
val_4236,Bongani Ndlovu,Domestic Worker,1618,Tier 0 (Unverified),Non-Binary,35-44,67.90830241,FALSE,USSD
val_4237,Babatunde Fashola,Mobile Money Agent,419,Tier 2 (ID Verified),Male,35-44,23.71745025,FALSE,Mobile App (Android)
val_4238,Sipho Dlamini,On-Demand Handyman,535,Tier 3 (Address + Income Verified),Non-Binary,35-44,40.8183309,TRUE,Agent
val_4239,Chidinma Okeke,E-commerce Reseller,1190,Tier 2 (ID Verified),Female,18-24,62.31542825,FALSE,Mobile App (iOS)
val_4240,Esther Njeri,Freelance Creative,1394,Tier 0 (Unverified),Non-Binary,18-24,71.22722703,TRUE,Mobile App (iOS)
val_4241,Brian Otieno,Food Delivery Courier,728,Tier 0 (Unverified),Female,45-54,84.01909297,FALSE,Mobile App (iOS)
val_4242,Thabo Nkosi,On-Demand Handyman,1174,Tier 2 (ID Verified),Non-Binary,55+,70.53869183,FALSE,Agent
val_4243,Aisha Bello,Tutor / Private Instructor,12,Tier 2 (ID Verified),Non-Binary,35-44,77.73989939,FALSE,Mobile App (Android)
val_4244,David Mwangi,Informal Vendor,532,Tier 1 (Phone Verified),Female,18-24,59.90711994,TRUE,USSD
val_4245,Grace Wanjiku,On-Demand Handyman,1744,Tier 3 (Address + Income Verified),Male,55+,11.70590837,FALSE,Mobile App (Android)
val_4246,Brian Otieno,Online Freelancer (Tech/Design),1052,Tier 3 (Address + Income Verified),Non-Binary,25-34,2.143031489,FALSE,Web
val_4247,Fatima Abdullahi,Online Freelancer (Tech/Design),1585,Tier 2 (ID Verified),Prefer Not to Say,45-54,52.97830489,TRUE,Agent
val_4248,Mpho Sithole,E-commerce Reseller,397,Tier 2 (ID Verified),Female,55+,71.5541048,FALSE,Web
val_4249,Faith Achieng,Motorcycle Taxi Rider (Boda-Boda/Okada),531,Tier 3 (Address + Income Verified),Prefer Not to Say,55+,10.88655884,TRUE,USSD
val_4250,Kevin Odhiambo,On-Demand Handyman,1780,Tier 0 (Unverified),Male,18-24,42.92959479,TRUE,USSD
val_4251,Faith Achieng,On-Demand Handyman,1821,Tier 2 (ID Verified),Prefer Not to Say,18-24,25.61773968,TRUE,USSD
val_4252,Thandeka Mthembu,Freelance Creative,1601,Tier 3 (Address + Income Verified),Prefer Not to Say,45-54,56.70930501,TRUE,Agent
val_4253,Esther Njeri,Logistics Driver (Truck/Van),579,Tier 0 (Unverified),Female,45-54,39.05027524,TRUE,Agent
val_4254,Esther Njeri,Online Freelancer (Tech/Design),1463,Tier 0 (Unverified),Male,55+,20.14675004,TRUE,USSD
val_4255,Esther Njeri,Freelance Creative,837,Tier 1 (Phone Verified),Non-Binary,35-44,0.439271374,TRUE,Mobile App (iOS)
val_4256,Esther Njeri,E-commerce Reseller,1541,Tier 1 (Phone Verified),Prefer Not to Say,18-24,32.15250954,TRUE,USSD
val_4257,Ngozi Eze,Delivery Rider,1554,Tier 3 (Address + Income Verified),Male,45-54,51.61621467,FALSE,Agent
val_4258,Yaw Darko,Delivery Rider,794,Tier 1 (Phone Verified),Non-Binary,45-54,92.9209083,FALSE,Agent
val_4259,Aisha Bello,Food Delivery Courier,556,Tier 2 (ID Verified),Prefer Not to Say,35-44,22.74760149,FALSE,USSD
val_4260,Chidinma Okeke,Market Trader,1780,Tier 3 (Address + Income Verified),Male,45-54,51.2255066,TRUE,USSD
val_4261,Yusuf Musa,Freelance Creative,822,Tier 3 (Address + Income Verified),Non-Binary,25-34,56.64965345,FALSE,Web
val_4262,Grace Wanjiku,Delivery Rider,788,Tier 2 (ID Verified),Male,55+,64.92276569,FALSE,WhatsApp Bot
val_4263,Sipho Dlamini,Mobile Money Agent,1215,Tier 3 (Address + Income Verified),Male,18-24,32.85663509,TRUE,WhatsApp Bot
val_4264,Abena Boateng,On-Demand Handyman,1710,Tier 2 (ID Verified),Female,55+,9.948181949,TRUE,Agent
val_4265,Thandeka Mthembu,Freelance Creative,238,Tier 0 (Unverified),Female,55+,92.13562402,TRUE,Agent
val_4266,David Mwangi,Domestic Worker,1797,Tier 2 (ID Verified),Male,45-54,95.27554289,TRUE,Web
val_4267,Bongani Ndlovu,Freelance Creative,771,Tier 1 (Phone Verified),Prefer Not to Say,55+,43.82311382,TRUE,WhatsApp Bot
val_4268,Aisha Bello,Agricultural Day Labourer,46,Tier 1 (Phone Verified),Male,55+,58.05749619,FALSE,WhatsApp Bot
val_4269,Kwame Asante,On-Demand Handyman,564,Tier 2 (ID Verified),Prefer Not to Say,18-24,2.902639328,TRUE,Mobile App (iOS)
val_4270,Nomvula Khumalo,Tutor / Private Instructor,844,Tier 1 (Phone Verified),Male,35-44,4.721564112,FALSE,Mobile App (iOS)
val_4271,Ama Owusu,Ride-Hailing Driver,1235,Tier 0 (Unverified),Non-Binary,45-54,7.666741583,TRUE,USSD
val_4272,Bongani Ndlovu,Logistics Driver (Truck/Van),1034,Tier 3 (Address + Income Verified),Non-Binary,55+,73.87463148,FALSE,Mobile App (Android)
val_4273,Samuel Kamau,Market Trader,248,Tier 2 (ID Verified),Female,45-54,22.72344911,FALSE,Mobile App (iOS)
val_4274,Aisha Bello,Ride-Hailing Driver,891,Tier 2 (ID Verified),Female,35-44,18.4447223,TRUE,Web
val_4275,Sipho Dlamini,Agricultural Day Labourer,424,Tier 3 (Address + Income Verified),Prefer Not to Say,35-44,0.833533276,TRUE,Mobile App (iOS)
val_4276,Tunde Adeyemi,Delivery Rider,492,Tier 2 (ID Verified),Male,18-24,2.289754427,TRUE,Agent
val_4277,Sipho Dlamini,Delivery Rider,1298,Tier 2 (ID Verified),Prefer Not to Say,25-34,40.53837523,FALSE,WhatsApp Bot
val_4278,Adwoa Acheampong,Tutor / Private Instructor,1466,Tier 3 (Address + Income Verified),Non-Binary,35-44,54.16779307,TRUE,Mobile App (iOS)
val_4279,Zanele Mokoena,Food Delivery Courier,285,Tier 1 (Phone Verified),Prefer Not to Say,55+,57.90591818,TRUE,Mobile App (iOS)
val_4280,Lydia Chebet,Domestic Worker,1099,Tier 3 (Address + Income Verified),Female,55+,45.79111812,FALSE,Web
val_4281,Palesa Motsepe,Food Delivery Courier,770,Tier 2 (ID Verified),Female,45-54,45.95612721,FALSE,Mobile App (Android)
val_4282,Emeka Obi,Motorcycle Taxi Rider (Boda-Boda/Okada),614,Tier 0 (Unverified),Non-Binary,18-24,75.31421853,FALSE,Mobile App (iOS)
val_4283,Mary Wairimu,Ride-Hailing Driver,1301,Tier 0 (Unverified),Non-Binary,45-54,28.95701346,FALSE,WhatsApp Bot
val_4284,Babatunde Fashola,Ride-Hailing Driver,454,Tier 3 (Address + Income Verified),Prefer Not to Say,35-44,23.7717818,FALSE,Mobile App (iOS)
val_4285,Sipho Dlamini,E-commerce Reseller,1397,Tier 3 (Address + Income Verified),Prefer Not to Say,45-54,85.4324188,FALSE,Mobile App (Android)
val_4286,Kojo Ofori,Mobile Money Agent,731,Tier 3 (Address + Income Verified),Male,35-44,68.92638077,TRUE,WhatsApp Bot
val_4287,Thabo Nkosi,Ride-Hailing Driver,173,Tier 0 (Unverified),Male,45-54,47.68664491,TRUE,Agent
val_4288,Sipho Dlamini,Market Trader,1446,Tier 3 (Address + Income Verified),Prefer Not to Say,25-34,27.54048255,TRUE,Web
val_4289,Samuel Kamau,Freelance Creative,1555,Tier 3 (Address + Income Verified),Female,18-24,13.65818196,FALSE,Mobile App (Android)
val_4290,Tunde Adeyemi,Domestic Worker,1028,Tier 3 (Address + Income Verified),Non-Binary,25-34,3.742119675,FALSE,Web
val_4291,Bongani Ndlovu,Tutor / Private Instructor,1321,Tier 1 (Phone Verified),Male,55+,85.2365358,TRUE,WhatsApp Bot
val_4292,Lydia Chebet,Agricultural Day Labourer,269,Tier 2 (ID Verified),Male,18-24,59.33855014,TRUE,USSD
val_4293,Ngozi Eze,Online Freelancer (Tech/Design),619,Tier 1 (Phone Verified),Female,25-34,4.582949291,FALSE,Mobile App (Android)
val_4294,Bongani Ndlovu,Delivery Rider,638,Tier 0 (Unverified),Non-Binary,25-34,15.85873979,FALSE,Agent
val_4295,Thandeka Mthembu,Food Delivery Courier,1394,Tier 2 (ID Verified),Prefer Not to Say,55+,27.95642682,TRUE,Web
val_4296,Mary Wairimu,Informal Vendor,642,Tier 0 (Unverified),Prefer Not to Say,25-34,26.30715877,TRUE,USSD
val_4297,Sipho Dlamini,Freelance Creative,1329,Tier 0 (Unverified),Male,55+,54.83909892,FALSE,Agent
val_4298,Aisha Bello,Logistics Driver (Truck/Van),560,Tier 0 (Unverified),Male,55+,39.94436232,TRUE,USSD
val_4299,Ngozi Eze,Mobile Money Agent,1097,Tier 1 (Phone Verified),Non-Binary,45-54,88.22166043,FALSE,WhatsApp Bot
val_4300,Grace Wanjiku,Food Delivery Courier,383,Tier 0 (Unverified),Non-Binary,25-34,71.94107006,FALSE,Web
val_4301,Nana Adjei,Logistics Driver (Truck/Van),1019,Tier 3 (Address + Income Verified),Male,35-44,91.07325693,FALSE,WhatsApp Bot
val_4302,Amara Nwosu,Domestic Worker,147,Tier 3 (Address + Income Verified),Female,45-54,86.28186252,FALSE,Mobile App (Android)
val_4303,Aisha Bello,Logistics Driver (Truck/Van),1341,Tier 3 (Address + Income Verified),Prefer Not to Say,18-24,92.13691335,FALSE,Web
val_4304,Nana Adjei,Mobile Money Agent,53,Tier 1 (Phone Verified),Male,55+,98.00114503,TRUE,Mobile App (iOS)
val_4305,Sipho Dlamini,Motorcycle Taxi Rider (Boda-Boda/Okada),1824,Tier 0 (Unverified),Prefer Not to Say,35-44,31.16964381,TRUE,USSD
val_4306,Adwoa Acheampong,Agricultural Day Labourer,1531,Tier 2 (ID Verified),Female,55+,20.96806039,TRUE,Mobile App (iOS)
val_4307,Nomvula Khumalo,Motorcycle Taxi Rider (Boda-Boda/Okada),1056,Tier 2 (ID Verified),Non-Binary,45-54,16.51523622,FALSE,Mobile App (iOS)
val_4308,Thabo Nkosi,On-Demand Handyman,1660,Tier 0 (Unverified),Non-Binary,55+,62.8088465,FALSE,Agent
val_4309,Yaw Darko,Mobile Money Agent,1476,Tier 3 (Address + Income Verified),Non-Binary,18-24,68.09666982,TRUE,WhatsApp Bot
val_4310,Kwame Asante,Informal Vendor,260,Tier 1 (Phone Verified),Non-Binary,18-24,8.783749421,FALSE,Mobile App (Android)
val_4311,Lungelo Zulu,Online Freelancer (Tech/Design),1359,Tier 3 (Address + Income Verified),Male,18-24,82.10715967,TRUE,Agent
val_4312,Esther Njeri,Mobile Money Agent,688,Tier 0 (Unverified),Female,55+,78.30665314,TRUE,Mobile App (Android)
val_4313,Ngozi Eze,Online Freelancer (Tech/Design),1562,Tier 1 (Phone Verified),Prefer Not to Say,55+,62.84739332,TRUE,WhatsApp Bot
val_4314,Sipho Dlamini,Motorcycle Taxi Rider (Boda-Boda/Okada),1577,Tier 1 (Phone Verified),Male,55+,43.56124795,FALSE,Mobile App (iOS)
val_4315,Grace Wanjiku,Motorcycle Taxi Rider (Boda-Boda/Okada),1742,Tier 0 (Unverified),Non-Binary,25-34,15.36572884,TRUE,Web
val_4316,Thandeka Mthembu,Tutor / Private Instructor,823,Tier 2 (ID Verified),Non-Binary,25-34,50.55922709,FALSE,Mobile App (Android)
val_4317,Kevin Odhiambo,Domestic Worker,352,Tier 3 (Address + Income Verified),Male,25-34,15.91692955,TRUE,Mobile App (Android)
val_4318,Lungelo Zulu,Mobile Money Agent,228,Tier 2 (ID Verified),Male,55+,60.49787851,TRUE,WhatsApp Bot
val_4319,Aisha Bello,Delivery Rider,302,Tier 1 (Phone Verified),Prefer Not to Say,25-34,30.99647303,FALSE,Mobile App (Android)
val_4320,Nana Adjei,Freelance Creative,1811,Tier 2 (ID Verified),Male,35-44,24.73062623,TRUE,Agent
val_4321,Mary Wairimu,Agricultural Day Labourer,1070,Tier 1 (Phone Verified),Male,45-54,44.105138,TRUE,Mobile App (Android)
val_4322,James Kipkoech,Logistics Driver (Truck/Van),642,Tier 1 (Phone Verified),Male,25-34,58.07128003,TRUE,Mobile App (iOS)
val_4323,Brian Otieno,Online Freelancer (Tech/Design),820,Tier 3 (Address + Income Verified),Non-Binary,35-44,36.74640656,FALSE,Web
val_4324,Lerato Molefe,Mobile Money Agent,315,Tier 2 (ID Verified),Prefer Not to Say,45-54,96.36034011,TRUE,Web
val_4325,Faith Achieng,Mobile Money Agent,1042,Tier 1 (Phone Verified),Male,45-54,0.589763593,TRUE,Mobile App (iOS)
val_4326,Lungelo Zulu,Delivery Rider,777,Tier 1 (Phone Verified),Prefer Not to Say,18-24,91.28610184,TRUE,Agent
val_4327,Mary Wairimu,Motorcycle Taxi Rider (Boda-Boda/Okada),1457,Tier 3 (Address + Income Verified),Non-Binary,35-44,0.068404948,FALSE,USSD
val_4328,Aisha Bello,Mobile Money Agent,38,Tier 2 (ID Verified),Male,18-24,21.67119387,TRUE,Mobile App (Android)
val_4329,Palesa Motsepe,Domestic Worker,1701,Tier 0 (Unverified),Male,18-24,99.63512249,TRUE,Web
val_4330,Fatima Abdullahi,Motorcycle Taxi Rider (Boda-Boda/Okada),110,Tier 3 (Address + Income Verified),Female,45-54,72.80953757,TRUE,Agent
val_4331,Brian Otieno,Mobile Money Agent,762,Tier 2 (ID Verified),Male,35-44,64.44983717,TRUE,USSD
val_4332,Lungelo Zulu,On-Demand Handyman,621,Tier 1 (Phone Verified),Male,25-34,72.60928809,TRUE,WhatsApp Bot
val_4333,Palesa Motsepe,Logistics Driver (Truck/Van),1310,Tier 3 (Address + Income Verified),Female,18-24,40.8296187,FALSE,Mobile App (iOS)
val_4334,Mpho Sithole,Tutor / Private Instructor,1201,Tier 3 (Address + Income Verified),Prefer Not to Say,55+,78.42097313,TRUE,Mobile App (Android)
val_4335,Mary Wairimu,Market Trader,359,Tier 3 (Address + Income Verified),Prefer Not to Say,55+,15.48680329,FALSE,Mobile App (iOS)
val_4336,Sipho Dlamini,Market Trader,896,Tier 1 (Phone Verified),Non-Binary,55+,79.38923874,TRUE,Mobile App (iOS)
val_4337,Esther Njeri,Online Freelancer (Tech/Design),976,Tier 3 (Address + Income Verified),Female,18-24,93.95266799,FALSE,Agent
val_4338,Adwoa Acheampong,Agricultural Day Labourer,847,Tier 3 (Address + Income Verified),Female,18-24,85.76868505,FALSE,USSD
val_4339,Kwame Asante,Freelance Creative,39,Tier 3 (Address + Income Verified),Non-Binary,25-34,73.96609533,TRUE,USSD
val_4340,Tunde Adeyemi,Agricultural Day Labourer,325,Tier 2 (ID Verified),Male,18-24,65.13773132,TRUE,WhatsApp Bot
val_4341,Kevin Odhiambo,Delivery Rider,919,Tier 1 (Phone Verified),Non-Binary,35-44,52.10921653,FALSE,Web
val_4342,James Kipkoech,Mobile Money Agent,475,Tier 0 (Unverified),Prefer Not to Say,45-54,39.52232795,FALSE,Mobile App (iOS)
val_4343,Brian Otieno,Freelance Creative,995,Tier 3 (Address + Income Verified),Prefer Not to Say,18-24,86.56535909,FALSE,WhatsApp Bot
val_4344,David Mwangi,Tutor / Private Instructor,298,Tier 2 (ID Verified),Male,25-34,64.74585746,TRUE,Web
val_4345,Kwame Asante,Ride-Hailing Driver,1342,Tier 3 (Address + Income Verified),Female,35-44,43.49003139,FALSE,Web
val_4346,Aisha Bello,Logistics Driver (Truck/Van),344,Tier 2 (ID Verified),Female,25-34,78.47917181,TRUE,Web
val_4347,Emeka Obi,Freelance Creative,1185,Tier 2 (ID Verified),Non-Binary,35-44,5.410375404,TRUE,WhatsApp Bot
val_4348,Sipho Dlamini,Ride-Hailing Driver,1527,Tier 0 (Unverified),Male,35-44,81.31192509,FALSE,WhatsApp Bot
val_4349,David Mwangi,On-Demand Handyman,654,Tier 1 (Phone Verified),Prefer Not to Say,55+,81.07021727,TRUE,Mobile App (Android)
val_4350,Yaw Darko,Agricultural Day Labourer,254,Tier 2 (ID Verified),Prefer Not to Say,25-34,22.85294133,TRUE,Web
val_4351,Kofi Mensah,Delivery Rider,10,Tier 0 (Unverified),Female,18-24,3.767158991,TRUE,USSD
val_4352,Kofi Mensah,Ride-Hailing Driver,658,Tier 0 (Unverified),Female,55+,71.37079555,TRUE,Agent
val_4353,Kevin Odhiambo,Motorcycle Taxi Rider (Boda-Boda/Okada),210,Tier 2 (ID Verified),Female,35-44,19.98716284,FALSE,USSD
val_4354,Lydia Chebet,Mobile Money Agent,1610,Tier 0 (Unverified),Male,35-44,99.60217907,TRUE,Mobile App (Android)
val_4355,Thabo Nkosi,Motorcycle Taxi Rider (Boda-Boda/Okada),1776,Tier 2 (ID Verified),Prefer Not to Say,45-54,0.918244524,TRUE,Web
val_4356,Lerato Molefe,Agricultural Day Labourer,1790,Tier 1 (Phone Verified),Prefer Not to Say,55+,22.97919812,FALSE,Mobile App (iOS)
val_4357,Brian Otieno,Motorcycle Taxi Rider (Boda-Boda/Okada),1684,Tier 1 (Phone Verified),Female,18-24,4.206239727,TRUE,USSD
val_4358,Nana Adjei,Informal Vendor,1071,Tier 0 (Unverified),Non-Binary,55+,78.26557355,TRUE,WhatsApp Bot
val_4359,Lerato Molefe,Online Freelancer (Tech/Design),593,Tier 1 (Phone Verified),Female,45-54,57.86954922,FALSE,WhatsApp Bot
val_4360,Chukwuemeka Okonkwo,Agricultural Day Labourer,815,Tier 2 (ID Verified),Male,35-44,84.84345345,TRUE,Mobile App (Android)
val_4361,Nomvula Khumalo,Tutor / Private Instructor,472,Tier 2 (ID Verified),Female,55+,96.26133707,FALSE,Agent
val_4362,Lydia Chebet,Tutor / Private Instructor,1534,Tier 1 (Phone Verified),Male,25-34,61.01148604,TRUE,Mobile App (Android)
val_4363,Lerato Molefe,Ride-Hailing Driver,796,Tier 0 (Unverified),Prefer Not to Say,45-54,23.17535036,FALSE,Web
val_4364,Abena Boateng,Market Trader,703,Tier 3 (Address + Income Verified),Non-Binary,35-44,9.26494408,FALSE,Web
val_4365,Zanele Mokoena,Informal Vendor,1259,Tier 3 (Address + Income Verified),Prefer Not to Say,55+,86.6261045,FALSE,Mobile App (iOS)
val_4366,Emeka Obi,Market Trader,682,Tier 3 (Address + Income Verified),Male,35-44,24.5113255,TRUE,WhatsApp Bot
val_4367,Amara Nwosu,Informal Vendor,651,Tier 1 (Phone Verified),Non-Binary,45-54,89.35182247,TRUE,Web
val_4368,Bongani Ndlovu,Informal Vendor,415,Tier 2 (ID Verified),Non-Binary,35-44,87.82875996,TRUE,USSD
val_4369,Ama Owusu,Tutor / Private Instructor,122,Tier 0 (Unverified),Non-Binary,25-34,62.78092123,FALSE,Mobile App (iOS)
val_4370,Kofi Mensah,Freelance Creative,69,Tier 3 (Address + Income Verified),Prefer Not to Say,25-34,60.39958206,TRUE,Web
val_4371,Emeka Obi,Market Trader,735,Tier 0 (Unverified),Female,55+,95.08264685,TRUE,Agent
val_4372,Chidinma Okeke,Ride-Hailing Driver,1817,Tier 1 (Phone Verified),Male,55+,75.60151018,TRUE,USSD
val_4373,Thabo Nkosi,Freelance Creative,475,Tier 3 (Address + Income Verified),Male,25-34,68.32817712,TRUE,Web
val_4374,Samuel Kamau,Freelance Creative,1170,Tier 2 (ID Verified),Female,55+,43.5740752,TRUE,Mobile App (iOS)
val_4375,Abena Boateng,Mobile Money Agent,593,Tier 3 (Address + Income Verified),Male,35-44,48.39984457,TRUE,Mobile App (Android)
val_4376,Samuel Kamau,Mobile Money Agent,552,Tier 1 (Phone Verified),Male,18-24,38.89210983,FALSE,Web
val_4377,Brian Otieno,Logistics Driver (Truck/Van),297,Tier 0 (Unverified),Male,45-54,94.63210204,TRUE,WhatsApp Bot
val_4378,Emeka Obi,Informal Vendor,1028,Tier 0 (Unverified),Female,18-24,63.81192132,FALSE,Agent
val_4379,Bongani Ndlovu,Agricultural Day Labourer,1203,Tier 0 (Unverified),Male,55+,78.03635877,FALSE,Web
val_4380,Bongani Ndlovu,Ride-Hailing Driver,639,Tier 0 (Unverified),Female,35-44,3.719973508,TRUE,Mobile App (Android)
val_4381,Babatunde Fashola,E-commerce Reseller,961,Tier 1 (Phone Verified),Non-Binary,55+,85.24263021,FALSE,Web
val_4382,David Mwangi,Agricultural Day Labourer,869,Tier 0 (Unverified),Female,35-44,41.76382974,TRUE,WhatsApp Bot
val_4383,Kofi Mensah,Food Delivery Courier,494,Tier 0 (Unverified),Male,18-24,73.71603748,TRUE,Mobile App (Android)
val_4384,Faith Achieng,Mobile Money Agent,1263,Tier 1 (Phone Verified),Non-Binary,45-54,4.002531482,TRUE,WhatsApp Bot
val_4385,Kojo Ofori,Agricultural Day Labourer,1011,Tier 2 (ID Verified),Male,45-54,89.38731833,TRUE,USSD
val_4386,Brian Otieno,Informal Vendor,120,Tier 2 (ID Verified),Non-Binary,25-34,65.98455896,FALSE,Mobile App (iOS)
val_4387,Tunde Adeyemi,Logistics Driver (Truck/Van),899,Tier 0 (Unverified),Female,25-34,45.75007909,TRUE,USSD
val_4388,Esther Njeri,Mobile Money Agent,711,Tier 3 (Address + Income Verified),Female,55+,30.3558099,TRUE,Mobile App (iOS)
val_4389,Abena Boateng,Market Trader,1453,Tier 2 (ID Verified),Male,45-54,31.10241424,TRUE,Agent
val_4390,Fatima Abdullahi,Market Trader,559,Tier 1 (Phone Verified),Female,25-34,30.33981245,TRUE,WhatsApp Bot
val_4391,Thabo Nkosi,Agricultural Day Labourer,1745,Tier 1 (Phone Verified),Male,45-54,13.10258527,FALSE,USSD
val_4392,Chukwuemeka Okonkwo,Mobile Money Agent,1122,Tier 3 (Address + Income Verified),Non-Binary,25-34,46.3809538,TRUE,WhatsApp Bot
val_4393,Tunde Adeyemi,Mobile Money Agent,238,Tier 1 (Phone Verified),Male,18-24,45.34863541,FALSE,WhatsApp Bot
val_4394,Kwame Asante,Delivery Rider,736,Tier 0 (Unverified),Non-Binary,45-54,41.19366593,TRUE,USSD
val_4395,Kwame Asante,E-commerce Reseller,1614,Tier 1 (Phone Verified),Female,55+,70.30942375,TRUE,WhatsApp Bot
val_4396,Grace Wanjiku,Food Delivery Courier,464,Tier 0 (Unverified),Non-Binary,55+,41.98148627,TRUE,WhatsApp Bot
val_4397,Brian Otieno,E-commerce Reseller,1286,Tier 0 (Unverified),Non-Binary,35-44,8.900371683,TRUE,USSD
val_4398,Tunde Adeyemi,Online Freelancer (Tech/Design),1430,Tier 1 (Phone Verified),Non-Binary,18-24,85.20596223,TRUE,USSD
val_4399,Nana Adjei,Informal Vendor,1264,Tier 0 (Unverified),Prefer Not to Say,35-44,42.51008651,FALSE,Web
val_4400,Faith Achieng,E-commerce Reseller,165,Tier 1 (Phone Verified),Non-Binary,45-54,65.52856543,FALSE,Mobile App (iOS)
val_4401,Babatunde Fashola,Tutor / Private Instructor,683,Tier 0 (Unverified),Prefer Not to Say,55+,92.98963547,FALSE,Mobile App (Android)
val_4402,Faith Achieng,Tutor / Private Instructor,635,Tier 2 (ID Verified),Female,18-24,76.74151029,FALSE,Mobile App (iOS)
val_4403,Bongani Ndlovu,Mobile Money Agent,627,Tier 0 (Unverified),Prefer Not to Say,45-54,53.87988712,FALSE,Mobile App (iOS)
val_4404,Brian Otieno,Informal Vendor,1605,Tier 0 (Unverified),Female,35-44,54.50222572,TRUE,WhatsApp Bot
val_4405,Palesa Motsepe,Market Trader,10,Tier 3 (Address + Income Verified),Non-Binary,35-44,84.95310371,TRUE,Mobile App (Android)
val_4406,Brian Otieno,Online Freelancer (Tech/Design),984,Tier 0 (Unverified),Female,18-24,82.36322931,TRUE,USSD
val_4407,Fatima Abdullahi,Market Trader,1793,Tier 1 (Phone Verified),Prefer Not to Say,18-24,17.86527321,FALSE,Web
val_4408,Brian Otieno,Food Delivery Courier,1598,Tier 2 (ID Verified),Female,45-54,62.65010815,FALSE,WhatsApp Bot
val_4409,Samuel Kamau,Delivery Rider,1107,Tier 1 (Phone Verified),Non-Binary,18-24,86.57156584,TRUE,WhatsApp Bot
val_4410,Babatunde Fashola,Logistics Driver (Truck/Van),1822,Tier 1 (Phone Verified),Male,45-54,80.3307427,TRUE,WhatsApp Bot
val_4411,Abena Boateng,Freelance Creative,734,Tier 0 (Unverified),Non-Binary,18-24,12.47160163,FALSE,USSD
val_4412,Esther Njeri,Logistics Driver (Truck/Van),1116,Tier 1 (Phone Verified),Male,55+,43.56928223,FALSE,Web
val_4413,Kojo Ofori,Motorcycle Taxi Rider (Boda-Boda/Okada),992,Tier 3 (Address + Income Verified),Female,25-34,51.82331046,TRUE,Mobile App (Android)
val_4414,Lydia Chebet,E-commerce Reseller,86,Tier 2 (ID Verified),Male,35-44,25.78095546,TRUE,Mobile App (iOS)
val_4415,Mary Wairimu,Mobile Money Agent,74,Tier 3 (Address + Income Verified),Female,25-34,67.94993856,FALSE,Mobile App (iOS)
val_4416,James Kipkoech,Mobile Money Agent,1637,Tier 2 (ID Verified),Female,35-44,47.62264926,FALSE,WhatsApp Bot
val_4417,Emeka Obi,Delivery Rider,317,Tier 3 (Address + Income Verified),Female,35-44,29.75087087,TRUE,Agent
val_4418,Kojo Ofori,Motorcycle Taxi Rider (Boda-Boda/Okada),647,Tier 1 (Phone Verified),Female,45-54,33.68645256,TRUE,Mobile App (Android)
val_4419,Babatunde Fashola,Market Trader,1138,Tier 2 (ID Verified),Male,45-54,85.6668355,FALSE,USSD
val_4420,Kojo Ofori,E-commerce Reseller,1050,Tier 2 (ID Verified),Non-Binary,55+,86.61998055,FALSE,Agent
val_4421,Thandeka Mthembu,Informal Vendor,939,Tier 3 (Address + Income Verified),Prefer Not to Say,18-24,81.23756574,TRUE,Web
val_4422,Sipho Dlamini,Mobile Money Agent,1787,Tier 2 (ID Verified),Female,55+,91.38688212,FALSE,Web
val_4423,James Kipkoech,Food Delivery Courier,1437,Tier 1 (Phone Verified),Male,45-54,95.23065087,FALSE,WhatsApp Bot
val_4424,Samuel Kamau,Food Delivery Courier,1719,Tier 0 (Unverified),Male,25-34,49.18279108,TRUE,USSD
val_4425,Lungelo Zulu,On-Demand Handyman,1202,Tier 3 (Address + Income Verified),Non-Binary,55+,9.670362235,TRUE,Mobile App (iOS)
val_4426,Brian Otieno,Mobile Money Agent,1787,Tier 1 (Phone Verified),Prefer Not to Say,45-54,80.00710073,TRUE,Agent
val_4427,Lydia Chebet,Online Freelancer (Tech/Design),1098,Tier 3 (Address + Income Verified),Prefer Not to Say,18-24,63.34319284,FALSE,WhatsApp Bot
val_4428,Sipho Dlamini,Mobile Money Agent,989,Tier 2 (ID Verified),Female,18-24,38.05171902,FALSE,Mobile App (Android)
val_4429,Mpho Sithole,Domestic Worker,1488,Tier 0 (Unverified),Female,45-54,97.55331526,TRUE,Web
val_4430,Mpho Sithole,Ride-Hailing Driver,1586,Tier 2 (ID Verified),Male,45-54,33.86852027,TRUE,Mobile App (Android)
val_4431,Ngozi Eze,Delivery Rider,124,Tier 1 (Phone Verified),Male,18-24,90.76339787,FALSE,Agent
val_4432,Palesa Motsepe,Logistics Driver (Truck/Van),1662,Tier 0 (Unverified),Prefer Not to Say,45-54,59.25844481,FALSE,Web
val_4433,Babatunde Fashola,Market Trader,1261,Tier 1 (Phone Verified),Female,35-44,3.664198408,FALSE,Web
val_4434,Abena Boateng,Mobile Money Agent,1639,Tier 2 (ID Verified),Female,55+,86.03351081,TRUE,Mobile App (iOS)
val_4435,Bongani Ndlovu,Domestic Worker,1306,Tier 0 (Unverified),Female,45-54,76.22119753,TRUE,Mobile App (iOS)
val_4436,Nana Adjei,Ride-Hailing Driver,1692,Tier 2 (ID Verified),Female,55+,64.24875463,TRUE,WhatsApp Bot
val_4437,Bongani Ndlovu,E-commerce Reseller,502,Tier 3 (Address + Income Verified),Prefer Not to Say,18-24,61.45871401,TRUE,Agent
val_4438,Esther Njeri,Market Trader,342,Tier 0 (Unverified),Prefer Not to Say,45-54,21.88354927,FALSE,Mobile App (iOS)
val_4439,Samuel Kamau,Delivery Rider,357,Tier 0 (Unverified),Non-Binary,25-34,21.44861292,TRUE,Mobile App (Android)
val_4440,Esther Njeri,Mobile Money Agent,460,Tier 0 (Unverified),Female,35-44,2.91724284,FALSE,Web
val_4441,David Mwangi,Mobile Money Agent,390,Tier 2 (ID Verified),Non-Binary,55+,15.41374631,TRUE,Web
val_4442,Efua Antwi,Delivery Rider,806,Tier 3 (Address + Income Verified),Female,55+,33.64812643,FALSE,Agent
val_4443,James Kipkoech,Domestic Worker,361,Tier 3 (Address + Income Verified),Non-Binary,25-34,54.07248963,FALSE,USSD
val_4444,Adwoa Acheampong,Informal Vendor,288,Tier 0 (Unverified),Male,25-34,13.08085575,TRUE,USSD
val_4445,Kevin Odhiambo,Freelance Creative,956,Tier 1 (Phone Verified),Non-Binary,45-54,55.75721803,TRUE,Mobile App (Android)
val_4446,Samuel Kamau,Tutor / Private Instructor,1448,Tier 0 (Unverified),Male,55+,26.33201212,TRUE,USSD
val_4447,Fatima Abdullahi,On-Demand Handyman,247,Tier 1 (Phone Verified),Non-Binary,45-54,25.39611249,TRUE,Mobile App (iOS)
val_4448,Kofi Mensah,Informal Vendor,933,Tier 1 (Phone Verified),Non-Binary,18-24,94.79442074,TRUE,Mobile App (iOS)
val_4449,Palesa Motsepe,Motorcycle Taxi Rider (Boda-Boda/Okada),1203,Tier 2 (ID Verified),Male,18-24,99.23445438,TRUE,Mobile App (iOS)
val_4450,Lungelo Zulu,Informal Vendor,1288,Tier 3 (Address + Income Verified),Non-Binary,45-54,81.14385966,TRUE,WhatsApp Bot
val_4451,Brian Otieno,Market Trader,191,Tier 3 (Address + Income Verified),Male,45-54,5.439198073,TRUE,Mobile App (Android)
val_4452,Lydia Chebet,Agricultural Day Labourer,1339,Tier 0 (Unverified),Female,55+,72.86317105,TRUE,Web
val_4453,Kojo Ofori,Logistics Driver (Truck/Van),49,Tier 0 (Unverified),Male,35-44,17.84257318,TRUE,Mobile App (Android)
val_4454,Yaw Darko,Food Delivery Courier,432,Tier 1 (Phone Verified),Non-Binary,35-44,56.92213137,FALSE,Agent
val_4455,Tunde Adeyemi,Food Delivery Courier,583,Tier 1 (Phone Verified),Non-Binary,18-24,89.37136292,FALSE,WhatsApp Bot
val_4456,Abena Boateng,Ride-Hailing Driver,1557,Tier 1 (Phone Verified),Female,45-54,38.01956317,TRUE,WhatsApp Bot
val_4457,Aisha Bello,On-Demand Handyman,350,Tier 2 (ID Verified),Prefer Not to Say,55+,92.88416851,TRUE,Agent
val_4458,Babatunde Fashola,Informal Vendor,1428,Tier 2 (ID Verified),Non-Binary,18-24,70.83722173,TRUE,Mobile App (Android)
val_4459,Nana Adjei,Mobile Money Agent,1805,Tier 3 (Address + Income Verified),Non-Binary,35-44,30.10118134,FALSE,Mobile App (iOS)
val_4460,Babatunde Fashola,Delivery Rider,1752,Tier 2 (ID Verified),Male,25-34,9.491719888,FALSE,Mobile App (iOS)
val_4461,Esther Njeri,Freelance Creative,553,Tier 1 (Phone Verified),Non-Binary,45-54,81.53512848,FALSE,WhatsApp Bot
val_4462,Abena Boateng,Mobile Money Agent,174,Tier 0 (Unverified),Non-Binary,45-54,45.80594085,TRUE,Mobile App (iOS)
val_4463,Nana Adjei,Online Freelancer (Tech/Design),405,Tier 1 (Phone Verified),Prefer Not to Say,25-34,7.269348816,TRUE,Web
val_4464,Mary Wairimu,Motorcycle Taxi Rider (Boda-Boda/Okada),1403,Tier 3 (Address + Income Verified),Non-Binary,55+,10.31223571,TRUE,WhatsApp Bot
val_4465,Ngozi Eze,Market Trader,359,Tier 3 (Address + Income Verified),Male,18-24,96.69613819,FALSE,USSD
val_4466,Nomvula Khumalo,On-Demand Handyman,1178,Tier 1 (Phone Verified),Non-Binary,45-54,24.30019545,TRUE,WhatsApp Bot
val_4467,Bongani Ndlovu,Food Delivery Courier,682,Tier 0 (Unverified),Male,45-54,96.65911779,FALSE,Agent
val_4468,Palesa Motsepe,Online Freelancer (Tech/Design),1400,Tier 0 (Unverified),Female,18-24,68.11595797,TRUE,Agent
val_4469,Adwoa Acheampong,Online Freelancer (Tech/Design),1106,Tier 0 (Unverified),Prefer Not to Say,45-54,30.04911018,FALSE,Mobile App (Android)
val_4470,Kevin Odhiambo,Market Trader,1069,Tier 2 (ID Verified),Prefer Not to Say,25-34,38.37278742,FALSE,Mobile App (iOS)
val_4471,Palesa Motsepe,Informal Vendor,1427,Tier 2 (ID Verified),Prefer Not to Say,25-34,77.70384441,TRUE,Agent
val_4472,Lydia Chebet,Informal Vendor,1743,Tier 2 (ID Verified),Female,18-24,43.54149789,TRUE,Mobile App (Android)
val_4473,Amara Nwosu,Agricultural Day Labourer,665,Tier 0 (Unverified),Non-Binary,45-54,7.475077766,FALSE,Web
val_4474,Lungelo Zulu,Delivery Rider,965,Tier 1 (Phone Verified),Non-Binary,55+,22.98141296,FALSE,Web
val_4475,Samuel Kamau,Ride-Hailing Driver,1143,Tier 0 (Unverified),Male,35-44,86.0344973,TRUE,USSD
val_4476,Bongani Ndlovu,Market Trader,1502,Tier 1 (Phone Verified),Prefer Not to Say,45-54,69.6174137,TRUE,Mobile App (Android)
val_4477,David Mwangi,Motorcycle Taxi Rider (Boda-Boda/Okada),880,Tier 2 (ID Verified),Prefer Not to Say,25-34,50.10161112,FALSE,Agent
val_4478,Lungelo Zulu,Freelance Creative,683,Tier 1 (Phone Verified),Male,35-44,24.54956686,FALSE,Web
val_4479,Ama Owusu,On-Demand Handyman,1545,Tier 2 (ID Verified),Prefer Not to Say,45-54,47.45906151,TRUE,Mobile App (Android)
val_4480,James Kipkoech,Domestic Worker,1740,Tier 1 (Phone Verified),Female,35-44,78.88490578,FALSE,WhatsApp Bot
val_4481,Grace Wanjiku,Food Delivery Courier,1039,Tier 2 (ID Verified),Non-Binary,45-54,8.154319714,TRUE,Agent
val_4482,Zanele Mokoena,Ride-Hailing Driver,188,Tier 1 (Phone Verified),Non-Binary,18-24,99.47678187,TRUE,Agent
val_4483,Tunde Adeyemi,Food Delivery Courier,529,Tier 1 (Phone Verified),Male,35-44,85.97625439,FALSE,USSD
val_4484,James Kipkoech,Mobile Money Agent,845,Tier 0 (Unverified),Male,55+,31.79657828,FALSE,Agent
val_4485,David Mwangi,Informal Vendor,1284,Tier 2 (ID Verified),Non-Binary,45-54,87.05767139,TRUE,Web
val_4486,Ama Owusu,Market Trader,1222,Tier 3 (Address + Income Verified),Prefer Not to Say,25-34,68.17145299,FALSE,Mobile App (Android)
val_4487,Brian Otieno,Freelance Creative,1497,Tier 2 (ID Verified),Prefer Not to Say,35-44,66.63544271,TRUE,Agent
val_4488,Nana Adjei,Domestic Worker,54,Tier 2 (ID Verified),Female,45-54,13.97097689,FALSE,USSD
val_4489,Faith Achieng,Motorcycle Taxi Rider (Boda-Boda/Okada),849,Tier 3 (Address + Income Verified),Prefer Not to Say,55+,90.58946407,FALSE,Mobile App (Android)
val_4490,Fatima Abdullahi,Food Delivery Courier,1280,Tier 0 (Unverified),Female,55+,45.03417969,FALSE,USSD
val_4491,Fatima Abdullahi,Ride-Hailing Driver,1802,Tier 3 (Address + Income Verified),Non-Binary,55+,80.32277583,TRUE,Web
val_4492,Efua Antwi,E-commerce Reseller,259,Tier 0 (Unverified),Female,45-54,29.95237904,TRUE,WhatsApp Bot
val_4493,Brian Otieno,Mobile Money Agent,1605,Tier 2 (ID Verified),Non-Binary,25-34,30.80036656,TRUE,USSD
val_4494,Samuel Kamau,Domestic Worker,14,Tier 3 (Address + Income Verified),Non-Binary,25-34,96.468918,FALSE,Web
val_4495,Akosua Sarpong,On-Demand Handyman,359,Tier 3 (Address + Income Verified),Non-Binary,35-44,49.66599247,TRUE,Agent
val_4496,Esther Njeri,Market Trader,1546,Tier 1 (Phone Verified),Female,35-44,5.989071338,FALSE,Web
val_4497,Faith Achieng,Online Freelancer (Tech/Design),1436,Tier 3 (Address + Income Verified),Non-Binary,55+,83.5706647,FALSE,Agent
val_4498,Chidinma Okeke,Online Freelancer (Tech/Design),1776,Tier 2 (ID Verified),Non-Binary,55+,22.72300223,TRUE,WhatsApp Bot
val_4499,Esther Njeri,Motorcycle Taxi Rider (Boda-Boda/Okada),1097,Tier 0 (Unverified),Female,55+,87.87537528,FALSE,USSD
val_4500,Efua Antwi,Online Freelancer (Tech/Design),1124,Tier 0 (Unverified),Non-Binary,45-54,91.6439878,TRUE,USSD
val_4501,Ama Owusu,Delivery Rider,976,Tier 3 (Address + Income Verified),Male,18-24,7.276601324,FALSE,Mobile App (Android)
val_4502,Thandeka Mthembu,Food Delivery Courier,934,Tier 3 (Address + Income Verified),Prefer Not to Say,18-24,58.24292276,TRUE,Web
val_4503,Sipho Dlamini,E-commerce Reseller,938,Tier 3 (Address + Income Verified),Male,25-34,98.15241056,FALSE,USSD
val_4504,Chukwuemeka Okonkwo,Ride-Hailing Driver,534,Tier 1 (Phone Verified),Prefer Not to Say,45-54,93.09196146,TRUE,USSD
val_4505,Faith Achieng,Market Trader,1558,Tier 1 (Phone Verified),Prefer Not to Say,25-34,52.52432861,FALSE,Web
val_4506,Grace Wanjiku,Delivery Rider,651,Tier 3 (Address + Income Verified),Prefer Not to Say,45-54,68.04931953,FALSE,Mobile App (iOS)
val_4507,Abena Boateng,E-commerce Reseller,1115,Tier 0 (Unverified),Male,55+,60.42620352,FALSE,Web
val_4508,Brian Otieno,Logistics Driver (Truck/Van),1222,Tier 3 (Address + Income Verified),Male,25-34,20.32533462,FALSE,Mobile App (iOS)
val_4509,Lerato Molefe,Online Freelancer (Tech/Design),981,Tier 2 (ID Verified),Male,55+,65.29975745,FALSE,USSD
val_4510,Grace Wanjiku,Food Delivery Courier,1116,Tier 2 (ID Verified),Female,35-44,33.31411835,FALSE,Agent
val_4511,Kwame Asante,Domestic Worker,89,Tier 1 (Phone Verified),Prefer Not to Say,55+,33.79719292,FALSE,USSD
val_4512,Babatunde Fashola,E-commerce Reseller,576,Tier 3 (Address + Income Verified),Prefer Not to Say,18-24,41.99881609,TRUE,Mobile App (iOS)
val_4513,Mpho Sithole,Mobile Money Agent,818,Tier 2 (ID Verified),Non-Binary,25-34,85.21768833,FALSE,WhatsApp Bot
val_4514,Mpho Sithole,On-Demand Handyman,719,Tier 0 (Unverified),Prefer Not to Say,55+,23.83458258,TRUE,Mobile App (Android)
val_4515,Nomvula Khumalo,Tutor / Private Instructor,1658,Tier 2 (ID Verified),Male,55+,25.07916667,TRUE,Mobile App (Android)
val_4516,David Mwangi,Mobile Money Agent,1638,Tier 3 (Address + Income Verified),Prefer Not to Say,35-44,0.733991361,FALSE,WhatsApp Bot
val_4517,Tunde Adeyemi,Ride-Hailing Driver,1299,Tier 0 (Unverified),Female,18-24,15.50068689,TRUE,Mobile App (Android)
val_4518,Kojo Ofori,Online Freelancer (Tech/Design),643,Tier 2 (ID Verified),Non-Binary,18-24,97.86792874,TRUE,Mobile App (iOS)
val_4519,Mary Wairimu,Online Freelancer (Tech/Design),93,Tier 0 (Unverified),Prefer Not to Say,35-44,43.38699455,TRUE,Web
val_4520,Thandeka Mthembu,Freelance Creative,1378,Tier 2 (ID Verified),Non-Binary,55+,19.51646923,TRUE,USSD
val_4521,Efua Antwi,E-commerce Reseller,1614,Tier 3 (Address + Income Verified),Female,25-34,96.56818108,FALSE,USSD
val_4522,Ama Owusu,Logistics Driver (Truck/Van),894,Tier 1 (Phone Verified),Non-Binary,55+,2.711786804,FALSE,WhatsApp Bot
val_4523,Thandeka Mthembu,E-commerce Reseller,1509,Tier 0 (Unverified),Female,35-44,48.41663866,FALSE,WhatsApp Bot
val_4524,Thabo Nkosi,E-commerce Reseller,1699,Tier 0 (Unverified),Non-Binary,18-24,80.46021356,FALSE,WhatsApp Bot
val_4525,James Kipkoech,Online Freelancer (Tech/Design),998,Tier 2 (ID Verified),Female,35-44,77.28252046,FALSE,USSD
val_4526,Chukwuemeka Okonkwo,Logistics Driver (Truck/Van),382,Tier 3 (Address + Income Verified),Female,25-34,18.92172655,TRUE,Agent
val_4527,Ngozi Eze,E-commerce Reseller,40,Tier 1 (Phone Verified),Male,25-34,70.77896734,FALSE,WhatsApp Bot
val_4528,Mary Wairimu,Delivery Rider,1382,Tier 3 (Address + Income Verified),Female,45-54,62.22886086,TRUE,WhatsApp Bot
val_4529,Kofi Mensah,Mobile Money Agent,1026,Tier 1 (Phone Verified),Non-Binary,25-34,67.52762161,FALSE,Mobile App (iOS)
val_4530,Aisha Bello,Agricultural Day Labourer,280,Tier 0 (Unverified),Prefer Not to Say,55+,26.61048156,TRUE,Mobile App (iOS)
val_4531,Amara Nwosu,Freelance Creative,99,Tier 2 (ID Verified),Male,55+,81.0734388,FALSE,USSD
val_4532,Kojo Ofori,Domestic Worker,1770,Tier 3 (Address + Income Verified),Male,45-54,55.92375093,FALSE,USSD
val_4533,Sipho Dlamini,On-Demand Handyman,585,Tier 1 (Phone Verified),Non-Binary,18-24,72.50780475,FALSE,Mobile App (iOS)
val_4534,Aisha Bello,Motorcycle Taxi Rider (Boda-Boda/Okada),597,Tier 3 (Address + Income Verified),Non-Binary,55+,93.95735099,TRUE,Mobile App (Android)
val_4535,Kwame Asante,Domestic Worker,1148,Tier 2 (ID Verified),Male,35-44,85.54972729,TRUE,WhatsApp Bot
val_4536,Ngozi Eze,Informal Vendor,665,Tier 1 (Phone Verified),Female,45-54,78.23374705,FALSE,USSD
val_4537,Kojo Ofori,Food Delivery Courier,1666,Tier 2 (ID Verified),Male,18-24,28.96487494,TRUE,Agent
val_4538,Zanele Mokoena,Domestic Worker,1243,Tier 1 (Phone Verified),Male,45-54,5.408311266,FALSE,Agent
val_4539,Lungelo Zulu,Agricultural Day Labourer,653,Tier 0 (Unverified),Male,25-34,57.4644463,TRUE,USSD
val_4540,Abena Boateng,Ride-Hailing Driver,486,Tier 3 (Address + Income Verified),Non-Binary,45-54,3.451305322,FALSE,Mobile App (iOS)
val_4541,Akosua Sarpong,On-Demand Handyman,1570,Tier 1 (Phone Verified),Prefer Not to Say,25-34,71.41897742,TRUE,WhatsApp Bot
val_4542,Bongani Ndlovu,Food Delivery Courier,1080,Tier 2 (ID Verified),Female,55+,73.68216713,TRUE,USSD
val_4543,Yaw Darko,Market Trader,1676,Tier 2 (ID Verified),Male,45-54,56.29112612,TRUE,USSD
val_4544,Mary Wairimu,On-Demand Handyman,630,Tier 0 (Unverified),Prefer Not to Say,35-44,16.81519125,FALSE,USSD
val_4545,Sipho Dlamini,Ride-Hailing Driver,38,Tier 2 (ID Verified),Female,35-44,87.57214346,TRUE,USSD
val_4546,Abena Boateng,Ride-Hailing Driver,1641,Tier 1 (Phone Verified),Male,18-24,59.5921232,TRUE,WhatsApp Bot
val_4547,Zanele Mokoena,Mobile Money Agent,437,Tier 2 (ID Verified),Male,25-34,51.48919501,TRUE,USSD
val_4548,Kwame Asante,Tutor / Private Instructor,1543,Tier 1 (Phone Verified),Female,45-54,56.75917595,FALSE,Mobile App (Android)
val_4549,Lungelo Zulu,Ride-Hailing Driver,1296,Tier 3 (Address + Income Verified),Non-Binary,55+,8.288708681,TRUE,Web
val_4550,Aisha Bello,Informal Vendor,423,Tier 0 (Unverified),Female,55+,74.04370547,FALSE,WhatsApp Bot
val_4551,Aisha Bello,Motorcycle Taxi Rider (Boda-Boda/Okada),1381,Tier 0 (Unverified),Female,18-24,6.077558389,FALSE,USSD
val_4552,Ngozi Eze,E-commerce Reseller,148,Tier 1 (Phone Verified),Female,25-34,57.83881585,FALSE,Mobile App (iOS)
val_4553,Kofi Mensah,Mobile Money Agent,716,Tier 0 (Unverified),Prefer Not to Say,45-54,16.92570871,TRUE,Mobile App (Android)
val_4554,Kojo Ofori,E-commerce Reseller,651,Tier 0 (Unverified),Non-Binary,25-34,20.7701939,FALSE,Mobile App (Android)
val_4555,Yusuf Musa,Motorcycle Taxi Rider (Boda-Boda/Okada),1199,Tier 2 (ID Verified),Non-Binary,25-34,23.32542507,FALSE,WhatsApp Bot
val_4556,Emeka Obi,Informal Vendor,976,Tier 3 (Address + Income Verified),Female,25-34,1.430563849,TRUE,Mobile App (iOS)
val_4557,Lungelo Zulu,Freelance Creative,1117,Tier 2 (ID Verified),Non-Binary,55+,89.18388311,TRUE,Agent
val_4558,Sipho Dlamini,Informal Vendor,869,Tier 1 (Phone Verified),Prefer Not to Say,55+,80.42352715,TRUE,USSD
val_4559,Akosua Sarpong,On-Demand Handyman,1350,Tier 3 (Address + Income Verified),Non-Binary,18-24,3.128644767,FALSE,Mobile App (Android)
val_4560,Lydia Chebet,Domestic Worker,292,Tier 1 (Phone Verified),Prefer Not to Say,55+,5.6986088,TRUE,Mobile App (iOS)
val_4561,Kevin Odhiambo,Freelance Creative,1312,Tier 0 (Unverified),Male,35-44,78.28768475,FALSE,Agent
val_4562,Chukwuemeka Okonkwo,On-Demand Handyman,91,Tier 3 (Address + Income Verified),Prefer Not to Say,55+,0.680328757,FALSE,WhatsApp Bot
val_4563,Fatima Abdullahi,Tutor / Private Instructor,156,Tier 2 (ID Verified),Prefer Not to Say,45-54,46.89989137,FALSE,Mobile App (Android)
val_4564,Palesa Motsepe,Online Freelancer (Tech/Design),1321,Tier 1 (Phone Verified),Non-Binary,45-54,10.72972543,FALSE,Agent
val_4565,Esther Njeri,Online Freelancer (Tech/Design),288,Tier 2 (ID Verified),Prefer Not to Say,35-44,59.1632227,FALSE,Mobile App (iOS)
val_4566,Kojo Ofori,Food Delivery Courier,1406,Tier 2 (ID Verified),Non-Binary,45-54,99.83404179,FALSE,Web
val_4567,Kojo Ofori,Domestic Worker,242,Tier 0 (Unverified),Female,55+,17.20215155,FALSE,Mobile App (iOS)
val_4568,Samuel Kamau,Market Trader,267,Tier 0 (Unverified),Non-Binary,35-44,95.66838474,FALSE,Mobile App (iOS)
val_4569,Yusuf Musa,Tutor / Private Instructor,1702,Tier 2 (ID Verified),Non-Binary,18-24,86.54785439,TRUE,Agent
val_4570,Efua Antwi,Tutor / Private Instructor,323,Tier 0 (Unverified),Male,18-24,98.58549681,FALSE,Mobile App (iOS)
val_4571,Ngozi Eze,Online Freelancer (Tech/Design),1668,Tier 2 (ID Verified),Male,35-44,76.61886336,TRUE,Web
val_4572,Lydia Chebet,Delivery Rider,635,Tier 1 (Phone Verified),Female,35-44,85.69942515,TRUE,USSD
val_4573,Palesa Motsepe,Freelance Creative,1456,Tier 0 (Unverified),Non-Binary,55+,59.45976396,FALSE,Mobile App (iOS)
val_4574,Kojo Ofori,Agricultural Day Labourer,1715,Tier 2 (ID Verified),Male,18-24,86.72840812,FALSE,Mobile App (Android)
val_4575,Sipho Dlamini,Informal Vendor,213,Tier 1 (Phone Verified),Prefer Not to Say,55+,11.15122559,TRUE,USSD
val_4576,Ngozi Eze,Market Trader,603,Tier 1 (Phone Verified),Male,18-24,74.16543044,TRUE,USSD
val_4577,Fatima Abdullahi,Delivery Rider,1048,Tier 0 (Unverified),Prefer Not to Say,35-44,62.8723587,TRUE,Mobile App (iOS)
val_4578,Grace Wanjiku,Delivery Rider,1580,Tier 2 (ID Verified),Non-Binary,35-44,5.984648274,FALSE,Mobile App (Android)
val_4579,Grace Wanjiku,Agricultural Day Labourer,341,Tier 3 (Address + Income Verified),Female,35-44,29.15903713,FALSE,Web
val_4580,Fatima Abdullahi,Mobile Money Agent,341,Tier 2 (ID Verified),Female,18-24,21.61068004,TRUE,Agent
val_4581,Lerato Molefe,E-commerce Reseller,672,Tier 0 (Unverified),Non-Binary,45-54,40.51754508,TRUE,Web
val_4582,Emeka Obi,Logistics Driver (Truck/Van),373,Tier 3 (Address + Income Verified),Male,18-24,19.83533415,FALSE,WhatsApp Bot
val_4583,Kojo Ofori,Ride-Hailing Driver,487,Tier 0 (Unverified),Non-Binary,45-54,27.48296442,FALSE,Web
val_4584,Abena Boateng,Informal Vendor,237,Tier 1 (Phone Verified),Non-Binary,35-44,29.60301352,FALSE,Mobile App (iOS)
val_4585,Yaw Darko,Freelance Creative,1513,Tier 0 (Unverified),Male,55+,59.98108951,TRUE,WhatsApp Bot
val_4586,Yusuf Musa,Online Freelancer (Tech/Design),1454,Tier 3 (Address + Income Verified),Prefer Not to Say,55+,13.48737601,FALSE,Mobile App (iOS)
val_4587,Samuel Kamau,Tutor / Private Instructor,263,Tier 0 (Unverified),Non-Binary,55+,24.11012347,TRUE,Web
val_4588,Yaw Darko,E-commerce Reseller,980,Tier 2 (ID Verified),Male,35-44,31.7148061,TRUE,Mobile App (Android)
val_4589,Grace Wanjiku,Freelance Creative,1179,Tier 0 (Unverified),Non-Binary,35-44,44.90679383,TRUE,WhatsApp Bot
val_4590,Efua Antwi,Food Delivery Courier,1145,Tier 0 (Unverified),Female,45-54,3.808863283,TRUE,Mobile App (Android)
val_4591,Aisha Bello,Delivery Rider,1796,Tier 2 (ID Verified),Prefer Not to Say,45-54,99.92114521,TRUE,Agent
val_4592,Tunde Adeyemi,Tutor / Private Instructor,1170,Tier 3 (Address + Income Verified),Female,45-54,30.03920026,FALSE,Mobile App (iOS)
val_4593,Adwoa Acheampong,Delivery Rider,1254,Tier 0 (Unverified),Prefer Not to Say,35-44,28.73448607,FALSE,Mobile App (Android)
val_4594,Yaw Darko,Mobile Money Agent,60,Tier 0 (Unverified),Prefer Not to Say,35-44,55.48705866,FALSE,Mobile App (Android)
val_4595,Aisha Bello,E-commerce Reseller,144,Tier 1 (Phone Verified),Male,18-24,85.40321793,FALSE,Agent
val_4596,Palesa Motsepe,Agricultural Day Labourer,1130,Tier 3 (Address + Income Verified),Female,18-24,45.68093681,FALSE,USSD
val_4597,Chukwuemeka Okonkwo,Logistics Driver (Truck/Van),1657,Tier 0 (Unverified),Male,55+,24.88392008,TRUE,Mobile App (Android)
val_4598,Lerato Molefe,Domestic Worker,728,Tier 0 (Unverified),Female,55+,56.58755032,TRUE,WhatsApp Bot
val_4599,Adwoa Acheampong,Informal Vendor,1174,Tier 1 (Phone Verified),Male,45-54,48.294255,TRUE,USSD
val_4600,Thandeka Mthembu,Domestic Worker,383,Tier 1 (Phone Verified),Non-Binary,25-34,42.3074827,FALSE,Web
val_4601,Bongani Ndlovu,Mobile Money Agent,833,Tier 0 (Unverified),Male,18-24,98.38829508,FALSE,Mobile App (Android)
val_4602,Samuel Kamau,Delivery Rider,1371,Tier 2 (ID Verified),Non-Binary,18-24,99.59502645,FALSE,Mobile App (Android)
val_4603,Sipho Dlamini,Food Delivery Courier,1204,Tier 2 (ID Verified),Female,45-54,56.19438285,TRUE,Mobile App (iOS)
val_4604,Yusuf Musa,Mobile Money Agent,208,Tier 0 (Unverified),Prefer Not to Say,45-54,6.800392707,FALSE,Mobile App (iOS)
val_4605,James Kipkoech,Ride-Hailing Driver,1605,Tier 2 (ID Verified),Prefer Not to Say,25-34,56.69175805,TRUE,Web
val_4606,Chidinma Okeke,Freelance Creative,1692,Tier 0 (Unverified),Non-Binary,18-24,95.24721484,TRUE,Web
val_4607,Lydia Chebet,Mobile Money Agent,871,Tier 2 (ID Verified),Female,18-24,92.56925307,TRUE,Mobile App (iOS)
val_4608,Lungelo Zulu,E-commerce Reseller,622,Tier 1 (Phone Verified),Non-Binary,45-54,21.55008494,FALSE,Mobile App (Android)
val_4609,Mary Wairimu,Logistics Driver (Truck/Van),970,Tier 0 (Unverified),Non-Binary,45-54,19.0119482,FALSE,USSD
val_4610,Ngozi Eze,Tutor / Private Instructor,1463,Tier 0 (Unverified),Male,25-34,15.2255855,FALSE,Web
val_4611,Samuel Kamau,Agricultural Day Labourer,826,Tier 3 (Address + Income Verified),Female,45-54,81.97843494,TRUE,WhatsApp Bot
val_4612,Nomvula Khumalo,Motorcycle Taxi Rider (Boda-Boda/Okada),55,Tier 2 (ID Verified),Prefer Not to Say,55+,49.0055057,FALSE,USSD
val_4613,Kwame Asante,Mobile Money Agent,132,Tier 2 (ID Verified),Female,35-44,33.80465707,TRUE,Agent
val_4614,Kofi Mensah,Agricultural Day Labourer,1481,Tier 0 (Unverified),Male,25-34,32.48071688,TRUE,Mobile App (Android)
val_4615,Mary Wairimu,Domestic Worker,1437,Tier 0 (Unverified),Prefer Not to Say,18-24,27.5413243,FALSE,Mobile App (Android)
val_4616,Grace Wanjiku,Mobile Money Agent,1409,Tier 0 (Unverified),Prefer Not to Say,45-54,88.26197741,FALSE,Web
val_4617,Abena Boateng,Mobile Money Agent,230,Tier 1 (Phone Verified),Non-Binary,35-44,40.96798927,FALSE,Mobile App (Android)
val_4618,Akosua Sarpong,Mobile Money Agent,311,Tier 1 (Phone Verified),Non-Binary,25-34,24.40177356,TRUE,Mobile App (Android)
val_4619,Palesa Motsepe,Domestic Worker,720,Tier 3 (Address + Income Verified),Female,18-24,71.04048061,FALSE,USSD
val_4620,Yaw Darko,Delivery Rider,421,Tier 3 (Address + Income Verified),Female,55+,63.54545569,TRUE,WhatsApp Bot
val_4621,Thandeka Mthembu,E-commerce Reseller,706,Tier 1 (Phone Verified),Prefer Not to Say,55+,71.53655546,FALSE,WhatsApp Bot
val_4622,Zanele Mokoena,Food Delivery Courier,1019,Tier 1 (Phone Verified),Prefer Not to Say,35-44,82.19561145,TRUE,WhatsApp Bot
val_4623,Ngozi Eze,Agricultural Day Labourer,511,Tier 1 (Phone Verified),Female,25-34,10.12337146,FALSE,Mobile App (Android)
val_4624,Faith Achieng,Logistics Driver (Truck/Van),225,Tier 2 (ID Verified),Female,45-54,0.198874145,TRUE,Mobile App (Android)
val_4625,Faith Achieng,E-commerce Reseller,734,Tier 2 (ID Verified),Male,55+,5.056624116,FALSE,WhatsApp Bot
val_4626,Chukwuemeka Okonkwo,Market Trader,1319,Tier 2 (ID Verified),Male,35-44,70.67932591,FALSE,Agent
val_4627,Fatima Abdullahi,Tutor / Private Instructor,1128,Tier 0 (Unverified),Female,18-24,93.44965402,FALSE,Mobile App (Android)
val_4628,Sipho Dlamini,On-Demand Handyman,586,Tier 1 (Phone Verified),Non-Binary,18-24,33.1105382,TRUE,USSD
val_4629,David Mwangi,Mobile Money Agent,568,Tier 3 (Address + Income Verified),Non-Binary,18-24,78.11941664,TRUE,Web
val_4630,Amara Nwosu,Ride-Hailing Driver,1065,Tier 1 (Phone Verified),Prefer Not to Say,35-44,72.91845109,TRUE,Web
val_4631,Grace Wanjiku,Ride-Hailing Driver,315,Tier 0 (Unverified),Female,35-44,97.80615793,TRUE,USSD
val_4632,Brian Otieno,Food Delivery Courier,1522,Tier 0 (Unverified),Male,35-44,47.07930815,FALSE,Mobile App (iOS)
val_4633,Emeka Obi,Food Delivery Courier,1587,Tier 0 (Unverified),Prefer Not to Say,45-54,16.60729673,FALSE,Mobile App (iOS)
val_4634,Babatunde Fashola,Agricultural Day Labourer,46,Tier 3 (Address + Income Verified),Prefer Not to Say,18-24,76.52314006,TRUE,Mobile App (iOS)
val_4635,Sipho Dlamini,E-commerce Reseller,1772,Tier 0 (Unverified),Non-Binary,55+,81.8818864,FALSE,Mobile App (iOS)
val_4636,Thabo Nkosi,Tutor / Private Instructor,42,Tier 2 (ID Verified),Male,25-34,70.73000757,FALSE,Mobile App (Android)
val_4637,Lydia Chebet,Domestic Worker,837,Tier 1 (Phone Verified),Female,35-44,86.31816733,TRUE,Mobile App (iOS)
val_4638,Yaw Darko,Online Freelancer (Tech/Design),1218,Tier 0 (Unverified),Non-Binary,25-34,37.11825833,FALSE,WhatsApp Bot
val_4639,Mpho Sithole,Domestic Worker,597,Tier 3 (Address + Income Verified),Prefer Not to Say,25-34,69.03150032,FALSE,WhatsApp Bot
val_4640,Zanele Mokoena,Market Trader,371,Tier 2 (ID Verified),Non-Binary,55+,26.38486392,TRUE,USSD
val_4641,Aisha Bello,Agricultural Day Labourer,86,Tier 3 (Address + Income Verified),Female,18-24,44.64401459,FALSE,Web
val_4642,Lerato Molefe,Mobile Money Agent,1328,Tier 3 (Address + Income Verified),Female,35-44,24.24921692,FALSE,Agent
val_4643,Tunde Adeyemi,Freelance Creative,67,Tier 3 (Address + Income Verified),Female,35-44,15.45336726,TRUE,Mobile App (Android)
val_4644,Aisha Bello,E-commerce Reseller,884,Tier 2 (ID Verified),Male,35-44,3.5953248,TRUE,Mobile App (Android)
val_4645,Kevin Odhiambo,On-Demand Handyman,717,Tier 2 (ID Verified),Male,25-34,67.14242582,FALSE,Web
val_4646,Adwoa Acheampong,Market Trader,1766,Tier 2 (ID Verified),Prefer Not to Say,25-34,87.52730883,FALSE,Mobile App (iOS)
val_4647,Ngozi Eze,Agricultural Day Labourer,1698,Tier 1 (Phone Verified),Female,55+,31.44194343,TRUE,USSD
val_4648,Grace Wanjiku,Tutor / Private Instructor,1492,Tier 0 (Unverified),Prefer Not to Say,25-34,42.92353834,TRUE,WhatsApp Bot
val_4649,Brian Otieno,Mobile Money Agent,1334,Tier 1 (Phone Verified),Female,35-44,0.35469483,FALSE,WhatsApp Bot
val_4650,Faith Achieng,Freelance Creative,991,Tier 1 (Phone Verified),Prefer Not to Say,25-34,41.28547725,TRUE,Mobile App (iOS)
val_4651,Thandeka Mthembu,Mobile Money Agent,637,Tier 0 (Unverified),Male,45-54,28.13221151,FALSE,Mobile App (iOS)
val_4652,Esther Njeri,Logistics Driver (Truck/Van),304,Tier 3 (Address + Income Verified),Male,55+,57.42000301,TRUE,Mobile App (iOS)
val_4653,Yusuf Musa,Delivery Rider,1767,Tier 3 (Address + Income Verified),Non-Binary,55+,90.85171829,FALSE,Mobile App (Android)
val_4654,Babatunde Fashola,Tutor / Private Instructor,702,Tier 1 (Phone Verified),Prefer Not to Say,18-24,50.61525691,TRUE,USSD
val_4655,Fatima Abdullahi,Mobile Money Agent,782,Tier 1 (Phone Verified),Male,18-24,67.55326599,FALSE,Mobile App (Android)
val_4656,Amara Nwosu,Logistics Driver (Truck/Van),257,Tier 3 (Address + Income Verified),Non-Binary,25-34,70.54828398,TRUE,Mobile App (iOS)
val_4657,Kofi Mensah,Informal Vendor,505,Tier 1 (Phone Verified),Male,35-44,15.24319122,FALSE,USSD
val_4658,Kevin Odhiambo,Informal Vendor,1158,Tier 2 (ID Verified),Non-Binary,18-24,34.65706078,TRUE,USSD
val_4659,Lydia Chebet,Online Freelancer (Tech/Design),778,Tier 2 (ID Verified),Non-Binary,55+,11.31455513,TRUE,WhatsApp Bot
val_4660,Zanele Mokoena,Delivery Rider,1069,Tier 1 (Phone Verified),Non-Binary,55+,44.07466038,TRUE,WhatsApp Bot
val_4661,Abena Boateng,Domestic Worker,386,Tier 3 (Address + Income Verified),Female,35-44,88.72856816,FALSE,Mobile App (Android)
val_4662,Emeka Obi,Motorcycle Taxi Rider (Boda-Boda/Okada),149,Tier 0 (Unverified),Female,45-54,48.09343507,FALSE,Agent
val_4663,Faith Achieng,Freelance Creative,1617,Tier 0 (Unverified),Non-Binary,35-44,45.61529832,TRUE,USSD
val_4664,Samuel Kamau,Ride-Hailing Driver,788,Tier 2 (ID Verified),Female,45-54,20.93235458,TRUE,WhatsApp Bot
val_4665,Zanele Mokoena,Agricultural Day Labourer,659,Tier 2 (ID Verified),Non-Binary,55+,31.02172801,FALSE,Web
val_4666,Samuel Kamau,On-Demand Handyman,522,Tier 3 (Address + Income Verified),Male,18-24,93.65995725,FALSE,Mobile App (Android)
val_4667,Amara Nwosu,Informal Vendor,1201,Tier 2 (ID Verified),Female,25-34,30.29953243,FALSE,Mobile App (Android)
val_4668,Adwoa Acheampong,Delivery Rider,1028,Tier 0 (Unverified),Male,35-44,73.13865856,TRUE,Mobile App (Android)
val_4669,Mary Wairimu,Freelance Creative,710,Tier 3 (Address + Income Verified),Male,55+,4.214166491,FALSE,USSD
val_4670,Ngozi Eze,Agricultural Day Labourer,1699,Tier 1 (Phone Verified),Female,35-44,12.83139601,TRUE,Mobile App (iOS)
val_4671,Efua Antwi,Logistics Driver (Truck/Van),1646,Tier 0 (Unverified),Female,25-34,31.14779163,TRUE,Web
val_4672,Yusuf Musa,Online Freelancer (Tech/Design),362,Tier 2 (ID Verified),Male,18-24,90.14208614,TRUE,Web
val_4673,Lungelo Zulu,Motorcycle Taxi Rider (Boda-Boda/Okada),1172,Tier 0 (Unverified),Male,35-44,21.92916549,TRUE,USSD
val_4674,Zanele Mokoena,Mobile Money Agent,1768,Tier 1 (Phone Verified),Prefer Not to Say,25-34,72.67446101,TRUE,Mobile App (iOS)
val_4675,David Mwangi,Ride-Hailing Driver,891,Tier 1 (Phone Verified),Non-Binary,25-34,16.75244669,TRUE,Web
val_4676,Kofi Mensah,Logistics Driver (Truck/Van),55,Tier 0 (Unverified),Non-Binary,55+,61.28420461,FALSE,WhatsApp Bot
val_4677,Kofi Mensah,Motorcycle Taxi Rider (Boda-Boda/Okada),241,Tier 3 (Address + Income Verified),Non-Binary,35-44,58.68282308,TRUE,Agent
val_4678,Nana Adjei,Logistics Driver (Truck/Van),1219,Tier 2 (ID Verified),Male,18-24,62.19479011,FALSE,Web
val_4679,Tunde Adeyemi,Delivery Rider,1646,Tier 3 (Address + Income Verified),Non-Binary,18-24,28.62765217,TRUE,Mobile App (Android)
val_4680,Samuel Kamau,Ride-Hailing Driver,234,Tier 1 (Phone Verified),Prefer Not to Say,25-34,16.2102997,FALSE,WhatsApp Bot
val_4681,Emeka Obi,Online Freelancer (Tech/Design),998,Tier 2 (ID Verified),Female,18-24,88.64857491,TRUE,Mobile App (iOS)
val_4682,Efua Antwi,Mobile Money Agent,907,Tier 3 (Address + Income Verified),Prefer Not to Say,35-44,56.94439375,TRUE,Web
val_4683,Tunde Adeyemi,Mobile Money Agent,520,Tier 0 (Unverified),Prefer Not to Say,35-44,21.20431697,FALSE,Mobile App (Android)
val_4684,Kwame Asante,On-Demand Handyman,1153,Tier 3 (Address + Income Verified),Non-Binary,55+,41.33290532,FALSE,Mobile App (Android)
val_4685,Adwoa Acheampong,Freelance Creative,1603,Tier 0 (Unverified),Male,25-34,6.709149293,TRUE,Agent
val_4686,Bongani Ndlovu,Agricultural Day Labourer,436,Tier 3 (Address + Income Verified),Non-Binary,25-34,47.53761166,FALSE,Agent
val_4687,Grace Wanjiku,Mobile Money Agent,99,Tier 2 (ID Verified),Prefer Not to Say,45-54,42.38907762,FALSE,Agent
val_4688,Chukwuemeka Okonkwo,Freelance Creative,655,Tier 2 (ID Verified),Non-Binary,45-54,13.27262374,TRUE,Web
val_4689,Kojo Ofori,Market Trader,573,Tier 0 (Unverified),Prefer Not to Say,18-24,44.43723352,TRUE,Web
val_4690,Chukwuemeka Okonkwo,Ride-Hailing Driver,1327,Tier 2 (ID Verified),Non-Binary,18-24,63.95323396,TRUE,Mobile App (Android)
val_4691,Tunde Adeyemi,Freelance Creative,980,Tier 2 (ID Verified),Female,18-24,92.84904447,FALSE,Mobile App (iOS)
val_4692,Thandeka Mthembu,Domestic Worker,32,Tier 3 (Address + Income Verified),Prefer Not to Say,45-54,70.3185194,FALSE,USSD
val_4693,Lungelo Zulu,Delivery Rider,620,Tier 3 (Address + Income Verified),Male,25-34,50.24352864,FALSE,Web
val_4694,Kojo Ofori,Motorcycle Taxi Rider (Boda-Boda/Okada),1342,Tier 1 (Phone Verified),Female,55+,77.00511179,TRUE,USSD
val_4695,Zanele Mokoena,On-Demand Handyman,870,Tier 1 (Phone Verified),Male,35-44,27.99352814,FALSE,USSD
val_4696,Ngozi Eze,Mobile Money Agent,1027,Tier 1 (Phone Verified),Non-Binary,55+,66.87815984,FALSE,Agent
val_4697,Ngozi Eze,Delivery Rider,482,Tier 1 (Phone Verified),Prefer Not to Say,25-34,0.50621668,FALSE,WhatsApp Bot
val_4698,Samuel Kamau,Informal Vendor,583,Tier 0 (Unverified),Prefer Not to Say,35-44,7.255113045,TRUE,Mobile App (iOS)
val_4699,Chukwuemeka Okonkwo,Informal Vendor,237,Tier 0 (Unverified),Male,18-24,62.42656365,FALSE,Mobile App (Android)
val_4700,Palesa Motsepe,Ride-Hailing Driver,149,Tier 3 (Address + Income Verified),Non-Binary,55+,19.25495744,FALSE,Mobile App (Android)
val_4701,Tunde Adeyemi,Food Delivery Courier,67,Tier 1 (Phone Verified),Prefer Not to Say,35-44,68.87295863,TRUE,WhatsApp Bot
val_4702,Ama Owusu,Market Trader,1140,Tier 1 (Phone Verified),Prefer Not to Say,18-24,63.67532645,FALSE,Agent
val_4703,Lungelo Zulu,Agricultural Day Labourer,287,Tier 2 (ID Verified),Non-Binary,45-54,6.366674941,FALSE,Mobile App (iOS)
val_4704,Adwoa Acheampong,Motorcycle Taxi Rider (Boda-Boda/Okada),1047,Tier 2 (ID Verified),Male,55+,39.24966666,FALSE,WhatsApp Bot
val_4705,Chidinma Okeke,Logistics Driver (Truck/Van),1740,Tier 1 (Phone Verified),Female,45-54,61.30021983,TRUE,USSD
val_4706,James Kipkoech,Freelance Creative,1273,Tier 3 (Address + Income Verified),Prefer Not to Say,55+,71.34816316,FALSE,Agent
val_4707,Ama Owusu,Motorcycle Taxi Rider (Boda-Boda/Okada),1050,Tier 0 (Unverified),Non-Binary,25-34,81.60841605,FALSE,Mobile App (iOS)
val_4708,Sipho Dlamini,Logistics Driver (Truck/Van),213,Tier 1 (Phone Verified),Female,35-44,33.04429017,FALSE,Mobile App (Android)
val_4709,Mary Wairimu,Motorcycle Taxi Rider (Boda-Boda/Okada),892,Tier 0 (Unverified),Male,55+,83.67160423,FALSE,WhatsApp Bot
val_4710,Grace Wanjiku,Motorcycle Taxi Rider (Boda-Boda/Okada),1627,Tier 2 (ID Verified),Non-Binary,45-54,35.4254426,FALSE,WhatsApp Bot
val_4711,Nomvula Khumalo,Tutor / Private Instructor,701,Tier 0 (Unverified),Female,45-54,0.69868412,TRUE,WhatsApp Bot
val_4712,Palesa Motsepe,E-commerce Reseller,1508,Tier 3 (Address + Income Verified),Female,45-54,61.00058998,FALSE,USSD
val_4713,Lydia Chebet,Mobile Money Agent,1293,Tier 2 (ID Verified),Prefer Not to Say,45-54,24.16685972,FALSE,Web
val_4714,Aisha Bello,Agricultural Day Labourer,487,Tier 0 (Unverified),Male,18-24,12.4381302,FALSE,Mobile App (iOS)
val_4715,Kwame Asante,On-Demand Handyman,257,Tier 2 (ID Verified),Male,25-34,25.835781,TRUE,Mobile App (iOS)
val_4716,Palesa Motsepe,On-Demand Handyman,31,Tier 1 (Phone Verified),Prefer Not to Say,45-54,82.79139981,TRUE,Mobile App (Android)
val_4717,Thandeka Mthembu,Ride-Hailing Driver,504,Tier 2 (ID Verified),Prefer Not to Say,25-34,91.40013083,FALSE,Agent
val_4718,Kevin Odhiambo,Domestic Worker,607,Tier 0 (Unverified),Female,45-54,96.16966239,FALSE,WhatsApp Bot
val_4719,Emeka Obi,Freelance Creative,1197,Tier 2 (ID Verified),Prefer Not to Say,35-44,30.2830363,FALSE,Mobile App (Android)
val_4720,Kofi Mensah,Logistics Driver (Truck/Van),1045,Tier 0 (Unverified),Male,45-54,45.59287082,FALSE,Agent
val_4721,Zanele Mokoena,E-commerce Reseller,874,Tier 0 (Unverified),Male,25-34,80.25261028,FALSE,Agent
val_4722,Bongani Ndlovu,Motorcycle Taxi Rider (Boda-Boda/Okada),1320,Tier 2 (ID Verified),Female,25-34,31.79026885,TRUE,Agent
val_4723,Tunde Adeyemi,Online Freelancer (Tech/Design),1406,Tier 2 (ID Verified),Non-Binary,45-54,38.51431863,FALSE,Mobile App (Android)
val_4724,Grace Wanjiku,Freelance Creative,1302,Tier 1 (Phone Verified),Male,18-24,23.72744892,TRUE,USSD
val_4725,Lydia Chebet,Freelance Creative,1638,Tier 0 (Unverified),Male,25-34,57.23673194,TRUE,Web
val_4726,Ngozi Eze,Tutor / Private Instructor,656,Tier 1 (Phone Verified),Prefer Not to Say,55+,65.92666988,FALSE,Agent
val_4727,Palesa Motsepe,Informal Vendor,1503,Tier 3 (Address + Income Verified),Non-Binary,18-24,31.84394551,FALSE,Web
val_4728,Babatunde Fashola,Logistics Driver (Truck/Van),768,Tier 2 (ID Verified),Non-Binary,35-44,2.423051651,FALSE,Agent
val_4729,Nana Adjei,On-Demand Handyman,336,Tier 0 (Unverified),Prefer Not to Say,18-24,73.59078134,FALSE,Mobile App (iOS)
val_4730,Mpho Sithole,Online Freelancer (Tech/Design),266,Tier 3 (Address + Income Verified),Male,45-54,61.65972893,TRUE,Mobile App (Android)
val_4731,Efua Antwi,Motorcycle Taxi Rider (Boda-Boda/Okada),167,Tier 1 (Phone Verified),Prefer Not to Say,18-24,21.89987856,TRUE,Agent
val_4732,Sipho Dlamini,Domestic Worker,1744,Tier 2 (ID Verified),Female,35-44,31.46476752,TRUE,Web
val_4733,Brian Otieno,Freelance Creative,309,Tier 0 (Unverified),Prefer Not to Say,35-44,95.71135893,TRUE,Mobile App (Android)
val_4734,Zanele Mokoena,Market Trader,1525,Tier 1 (Phone Verified),Prefer Not to Say,45-54,63.0203545,TRUE,USSD
val_4735,Kevin Odhiambo,Food Delivery Courier,1430,Tier 3 (Address + Income Verified),Male,18-24,59.54777564,TRUE,USSD
val_4736,Tunde Adeyemi,Food Delivery Courier,802,Tier 1 (Phone Verified),Male,35-44,63.96907375,FALSE,Agent
val_4737,David Mwangi,Mobile Money Agent,1668,Tier 0 (Unverified),Non-Binary,35-44,95.44445348,FALSE,Mobile App (Android)
val_4738,Esther Njeri,Online Freelancer (Tech/Design),1658,Tier 0 (Unverified),Non-Binary,25-34,33.98590735,TRUE,Web
val_4739,Kwame Asante,On-Demand Handyman,1689,Tier 3 (Address + Income Verified),Male,25-34,28.09159761,FALSE,Mobile App (Android)
val_4740,Brian Otieno,Market Trader,907,Tier 3 (Address + Income Verified),Female,45-54,37.67424803,TRUE,Mobile App (iOS)
val_4741,James Kipkoech,Mobile Money Agent,544,Tier 0 (Unverified),Prefer Not to Say,35-44,80.09490941,TRUE,Mobile App (Android)
val_4742,Mary Wairimu,E-commerce Reseller,79,Tier 3 (Address + Income Verified),Prefer Not to Say,35-44,12.09588744,FALSE,Mobile App (iOS)
val_4743,Esther Njeri,Food Delivery Courier,1534,Tier 3 (Address + Income Verified),Male,55+,20.6824698,TRUE,Web
val_4744,Efua Antwi,E-commerce Reseller,1594,Tier 1 (Phone Verified),Non-Binary,35-44,22.82455125,TRUE,Web
val_4745,Samuel Kamau,Agricultural Day Labourer,979,Tier 2 (ID Verified),Male,55+,63.63773912,TRUE,Web
val_4746,Sipho Dlamini,Food Delivery Courier,129,Tier 1 (Phone Verified),Female,55+,64.15830246,FALSE,Agent
val_4747,Brian Otieno,Domestic Worker,1502,Tier 0 (Unverified),Male,35-44,37.18863834,TRUE,Mobile App (iOS)
val_4748,Lungelo Zulu,Agricultural Day Labourer,544,Tier 2 (ID Verified),Non-Binary,25-34,27.61922726,FALSE,Mobile App (Android)
val_4749,David Mwangi,E-commerce Reseller,1001,Tier 0 (Unverified),Male,35-44,75.46519313,TRUE,WhatsApp Bot
val_4750,Aisha Bello,Freelance Creative,1204,Tier 1 (Phone Verified),Male,18-24,3.172656695,FALSE,Web
val_4751,Amara Nwosu,Domestic Worker,266,Tier 1 (Phone Verified),Male,45-54,73.87377107,FALSE,WhatsApp Bot
val_4752,Thabo Nkosi,Informal Vendor,114,Tier 0 (Unverified),Male,25-34,21.02739944,TRUE,Web
val_4753,Lungelo Zulu,Food Delivery Courier,144,Tier 3 (Address + Income Verified),Male,55+,90.27770569,TRUE,USSD
val_4754,Yusuf Musa,Domestic Worker,1751,Tier 2 (ID Verified),Non-Binary,45-54,41.36932457,TRUE,Mobile App (Android)
val_4755,Yaw Darko,Agricultural Day Labourer,1747,Tier 3 (Address + Income Verified),Prefer Not to Say,35-44,64.22969033,FALSE,Mobile App (iOS)
val_4756,Kofi Mensah,Freelance Creative,779,Tier 2 (ID Verified),Female,18-24,12.09693098,FALSE,Mobile App (Android)
val_4757,Amara Nwosu,Market Trader,777,Tier 0 (Unverified),Prefer Not to Say,18-24,25.38844085,TRUE,WhatsApp Bot
val_4758,James Kipkoech,Online Freelancer (Tech/Design),742,Tier 1 (Phone Verified),Non-Binary,45-54,70.06085944,FALSE,Mobile App (iOS)
val_4759,Efua Antwi,Market Trader,640,Tier 1 (Phone Verified),Female,45-54,55.03554503,FALSE,Mobile App (Android)
val_4760,Lerato Molefe,Domestic Worker,992,Tier 3 (Address + Income Verified),Male,25-34,77.0477381,FALSE,Agent
val_4761,Zanele Mokoena,Delivery Rider,650,Tier 0 (Unverified),Prefer Not to Say,18-24,56.34023398,TRUE,Mobile App (iOS)
val_4762,Ngozi Eze,Online Freelancer (Tech/Design),1125,Tier 2 (ID Verified),Male,25-34,56.93311807,TRUE,USSD
val_4763,Chidinma Okeke,Domestic Worker,691,Tier 0 (Unverified),Female,45-54,85.82589817,TRUE,WhatsApp Bot
val_4764,Mary Wairimu,Informal Vendor,1150,Tier 3 (Address + Income Verified),Male,35-44,42.46899173,FALSE,WhatsApp Bot
val_4765,Emeka Obi,On-Demand Handyman,1725,Tier 2 (ID Verified),Prefer Not to Say,18-24,89.50447197,TRUE,Web
val_4766,Kofi Mensah,Market Trader,375,Tier 1 (Phone Verified),Prefer Not to Say,18-24,37.2215248,TRUE,Mobile App (Android)
val_4767,Chukwuemeka Okonkwo,Market Trader,114,Tier 1 (Phone Verified),Female,18-24,32.85942068,FALSE,Web
val_4768,Babatunde Fashola,Agricultural Day Labourer,961,Tier 1 (Phone Verified),Female,45-54,77.94212767,FALSE,Mobile App (Android)
val_4769,Aisha Bello,Logistics Driver (Truck/Van),217,Tier 0 (Unverified),Non-Binary,45-54,1.15463995,FALSE,WhatsApp Bot
val_4770,Grace Wanjiku,Motorcycle Taxi Rider (Boda-Boda/Okada),422,Tier 2 (ID Verified),Non-Binary,35-44,17.21921198,TRUE,WhatsApp Bot
val_4771,Sipho Dlamini,Logistics Driver (Truck/Van),1441,Tier 3 (Address + Income Verified),Female,45-54,7.176573979,TRUE,Mobile App (Android)
val_4772,Fatima Abdullahi,Logistics Driver (Truck/Van),763,Tier 0 (Unverified),Female,18-24,51.2105093,TRUE,Mobile App (Android)
val_4773,Thandeka Mthembu,Motorcycle Taxi Rider (Boda-Boda/Okada),1003,Tier 2 (ID Verified),Male,35-44,62.80710013,FALSE,Web
val_4774,Brian Otieno,Motorcycle Taxi Rider (Boda-Boda/Okada),1417,Tier 2 (ID Verified),Female,25-34,1.037594586,FALSE,Mobile App (Android)
val_4775,Aisha Bello,Agricultural Day Labourer,234,Tier 3 (Address + Income Verified),Non-Binary,55+,16.14635485,FALSE,Web
val_4776,Esther Njeri,Logistics Driver (Truck/Van),873,Tier 3 (Address + Income Verified),Non-Binary,35-44,30.25413586,FALSE,Web
val_4777,Adwoa Acheampong,Market Trader,62,Tier 0 (Unverified),Prefer Not to Say,55+,29.42263352,TRUE,Mobile App (Android)
val_4778,Babatunde Fashola,On-Demand Handyman,911,Tier 0 (Unverified),Non-Binary,35-44,9.713271689,FALSE,Web
val_4779,Tunde Adeyemi,Tutor / Private Instructor,409,Tier 3 (Address + Income Verified),Prefer Not to Say,35-44,17.28474561,FALSE,USSD
val_4780,Zanele Mokoena,Freelance Creative,1663,Tier 0 (Unverified),Non-Binary,55+,84.7051761,FALSE,Mobile App (iOS)
val_4781,Abena Boateng,Food Delivery Courier,476,Tier 2 (ID Verified),Female,55+,70.05811416,TRUE,Mobile App (Android)
val_4782,Esther Njeri,Tutor / Private Instructor,365,Tier 3 (Address + Income Verified),Female,35-44,29.60943827,FALSE,USSD
val_4783,Sipho Dlamini,Freelance Creative,25,Tier 2 (ID Verified),Non-Binary,25-34,26.34074643,FALSE,Web
val_4784,Zanele Mokoena,E-commerce Reseller,243,Tier 0 (Unverified),Female,45-54,8.019920215,TRUE,USSD
val_4785,David Mwangi,Mobile Money Agent,394,Tier 0 (Unverified),Prefer Not to Say,18-24,34.89059374,FALSE,Web
val_4786,Kofi Mensah,E-commerce Reseller,416,Tier 2 (ID Verified),Male,25-34,39.80695146,FALSE,USSD
val_4787,Chukwuemeka Okonkwo,Freelance Creative,1348,Tier 3 (Address + Income Verified),Male,55+,90.41816564,TRUE,WhatsApp Bot
val_4788,Samuel Kamau,Agricultural Day Labourer,1620,Tier 1 (Phone Verified),Female,55+,74.3115714,TRUE,WhatsApp Bot
val_4789,Abena Boateng,Agricultural Day Labourer,1562,Tier 2 (ID Verified),Male,35-44,47.91537743,FALSE,Mobile App (Android)
val_4790,Fatima Abdullahi,Food Delivery Courier,1746,Tier 3 (Address + Income Verified),Male,25-34,13.48572688,FALSE,Mobile App (iOS)
val_4791,Thandeka Mthembu,E-commerce Reseller,1640,Tier 3 (Address + Income Verified),Female,55+,65.6161649,TRUE,Agent
val_4792,Lerato Molefe,Ride-Hailing Driver,831,Tier 2 (ID Verified),Male,25-34,93.60123128,FALSE,Agent
val_4793,Brian Otieno,Food Delivery Courier,711,Tier 2 (ID Verified),Male,18-24,7.804485201,FALSE,USSD
val_4794,Faith Achieng,Tutor / Private Instructor,1185,Tier 3 (Address + Income Verified),Non-Binary,18-24,84.86077679,FALSE,WhatsApp Bot
val_4795,Fatima Abdullahi,E-commerce Reseller,583,Tier 3 (Address + Income Verified),Female,18-24,18.01145552,FALSE,WhatsApp Bot
val_4796,Kwame Asante,On-Demand Handyman,1102,Tier 1 (Phone Verified),Prefer Not to Say,55+,70.12809343,TRUE,Mobile App (iOS)
val_4797,Babatunde Fashola,Online Freelancer (Tech/Design),1825,Tier 2 (ID Verified),Male,18-24,18.38560372,FALSE,Agent
val_4798,Faith Achieng,Agricultural Day Labourer,361,Tier 1 (Phone Verified),Non-Binary,25-34,60.00135549,FALSE,Mobile App (Android)
val_4799,Kofi Mensah,Informal Vendor,1404,Tier 3 (Address + Income Verified),Non-Binary,45-54,23.76245842,TRUE,Web
val_4800,Yaw Darko,Agricultural Day Labourer,1708,Tier 0 (Unverified),Non-Binary,45-54,54.16980622,TRUE,Agent
val_4801,Abena Boateng,E-commerce Reseller,981,Tier 0 (Unverified),Non-Binary,55+,60.01578691,TRUE,Mobile App (Android)
val_4802,Yusuf Musa,On-Demand Handyman,650,Tier 1 (Phone Verified),Male,55+,61.85203251,FALSE,Mobile App (Android)
val_4803,Nomvula Khumalo,Freelance Creative,465,Tier 0 (Unverified),Prefer Not to Say,35-44,68.27988778,FALSE,USSD
val_4804,Efua Antwi,Online Freelancer (Tech/Design),306,Tier 2 (ID Verified),Female,25-34,6.902957538,FALSE,Web
val_4805,Sipho Dlamini,Delivery Rider,586,Tier 2 (ID Verified),Non-Binary,18-24,70.33874038,FALSE,USSD
val_4806,James Kipkoech,Online Freelancer (Tech/Design),1363,Tier 3 (Address + Income Verified),Female,55+,15.45977242,FALSE,Agent
val_4807,Palesa Motsepe,Online Freelancer (Tech/Design),941,Tier 2 (ID Verified),Female,25-34,67.70324531,FALSE,Web
val_4808,Faith Achieng,Delivery Rider,404,Tier 2 (ID Verified),Non-Binary,55+,12.40376142,TRUE,USSD
val_4809,Thabo Nkosi,Agricultural Day Labourer,989,Tier 2 (ID Verified),Prefer Not to Say,25-34,47.94147106,TRUE,USSD
val_4810,Yusuf Musa,Tutor / Private Instructor,1477,Tier 0 (Unverified),Prefer Not to Say,45-54,38.6768426,TRUE,Web
val_4811,Chidinma Okeke,Domestic Worker,24,Tier 2 (ID Verified),Non-Binary,45-54,96.73463566,FALSE,Web
val_4812,Ama Owusu,Market Trader,37,Tier 0 (Unverified),Non-Binary,45-54,63.08091657,FALSE,USSD
val_4813,Kofi Mensah,Online Freelancer (Tech/Design),1751,Tier 2 (ID Verified),Non-Binary,45-54,8.820591325,FALSE,Mobile App (Android)
val_4814,Adwoa Acheampong,E-commerce Reseller,1366,Tier 3 (Address + Income Verified),Prefer Not to Say,25-34,70.08864614,TRUE,Agent
val_4815,Grace Wanjiku,Motorcycle Taxi Rider (Boda-Boda/Okada),1051,Tier 3 (Address + Income Verified),Male,18-24,19.41383993,FALSE,Agent
val_4816,Lungelo Zulu,Food Delivery Courier,1654,Tier 2 (ID Verified),Prefer Not to Say,18-24,28.61503627,TRUE,Agent
val_4817,Esther Njeri,Agricultural Day Labourer,1075,Tier 1 (Phone Verified),Non-Binary,35-44,37.84430404,TRUE,Mobile App (Android)
val_4818,Ama Owusu,Mobile Money Agent,950,Tier 3 (Address + Income Verified),Non-Binary,55+,77.62254403,TRUE,Agent
val_4819,Bongani Ndlovu,Food Delivery Courier,386,Tier 3 (Address + Income Verified),Non-Binary,45-54,94.40809388,TRUE,USSD
val_4820,Ama Owusu,Informal Vendor,1480,Tier 1 (Phone Verified),Prefer Not to Say,45-54,92.43351768,TRUE,WhatsApp Bot
val_4821,Efua Antwi,Motorcycle Taxi Rider (Boda-Boda/Okada),1396,Tier 0 (Unverified),Non-Binary,25-34,17.06836318,TRUE,Agent
val_4822,Mpho Sithole,Food Delivery Courier,539,Tier 2 (ID Verified),Male,35-44,6.041347739,TRUE,Mobile App (iOS)
val_4823,Lerato Molefe,Mobile Money Agent,1346,Tier 2 (ID Verified),Prefer Not to Say,35-44,82.85330193,FALSE,Mobile App (iOS)
val_4824,Lydia Chebet,Ride-Hailing Driver,1327,Tier 3 (Address + Income Verified),Non-Binary,18-24,28.82182628,TRUE,Mobile App (iOS)
val_4825,Kevin Odhiambo,Market Trader,173,Tier 3 (Address + Income Verified),Prefer Not to Say,45-54,58.28261038,FALSE,Mobile App (iOS)
val_4826,Fatima Abdullahi,Online Freelancer (Tech/Design),292,Tier 0 (Unverified),Prefer Not to Say,25-34,97.86274652,TRUE,Mobile App (Android)
val_4827,Ama Owusu,Tutor / Private Instructor,1086,Tier 1 (Phone Verified),Prefer Not to Say,35-44,18.64220054,FALSE,Agent
val_4828,Mpho Sithole,Online Freelancer (Tech/Design),1138,Tier 3 (Address + Income Verified),Male,35-44,37.48558919,FALSE,Mobile App (Android)
val_4829,Lydia Chebet,Freelance Creative,1201,Tier 1 (Phone Verified),Non-Binary,18-24,86.75989461,TRUE,Mobile App (Android)
val_4830,Esther Njeri,Ride-Hailing Driver,681,Tier 1 (Phone Verified),Prefer Not to Say,55+,64.99805471,FALSE,WhatsApp Bot
val_4831,Babatunde Fashola,Logistics Driver (Truck/Van),1525,Tier 1 (Phone Verified),Prefer Not to Say,25-34,93.75530068,FALSE,Agent
val_4832,Faith Achieng,Market Trader,813,Tier 1 (Phone Verified),Non-Binary,45-54,63.1719315,FALSE,WhatsApp Bot
val_4833,Chidinma Okeke,Informal Vendor,376,Tier 2 (ID Verified),Prefer Not to Say,45-54,30.3569968,FALSE,Agent
val_4834,Thandeka Mthembu,Motorcycle Taxi Rider (Boda-Boda/Okada),210,Tier 1 (Phone Verified),Prefer Not to Say,18-24,80.51086055,FALSE,Web
val_4835,Ama Owusu,Agricultural Day Labourer,1602,Tier 1 (Phone Verified),Male,25-34,75.92637549,TRUE,USSD
val_4836,Amara Nwosu,Domestic Worker,1291,Tier 1 (Phone Verified),Prefer Not to Say,35-44,93.36189411,TRUE,Agent
val_4837,Tunde Adeyemi,Online Freelancer (Tech/Design),842,Tier 0 (Unverified),Non-Binary,55+,47.61669322,TRUE,Mobile App (iOS)
val_4838,Lungelo Zulu,Motorcycle Taxi Rider (Boda-Boda/Okada),382,Tier 3 (Address + Income Verified),Non-Binary,45-54,50.28392871,TRUE,USSD
val_4839,Bongani Ndlovu,Mobile Money Agent,176,Tier 3 (Address + Income Verified),Male,35-44,32.38231004,TRUE,USSD
val_4840,Sipho Dlamini,Tutor / Private Instructor,278,Tier 1 (Phone Verified),Prefer Not to Say,55+,26.87583345,FALSE,Mobile App (Android)
val_4841,Babatunde Fashola,Market Trader,192,Tier 0 (Unverified),Female,35-44,99.65278191,FALSE,USSD
val_4842,Ngozi Eze,On-Demand Handyman,966,Tier 2 (ID Verified),Female,55+,97.72555162,TRUE,Mobile App (iOS)
val_4843,Fatima Abdullahi,Delivery Rider,361,Tier 2 (ID Verified),Female,45-54,52.9646463,TRUE,USSD
val_4844,Sipho Dlamini,Agricultural Day Labourer,233,Tier 2 (ID Verified),Prefer Not to Say,18-24,95.50855824,TRUE,Web
val_4845,Sipho Dlamini,Freelance Creative,516,Tier 2 (ID Verified),Female,25-34,35.61554476,TRUE,Agent
val_4846,Zanele Mokoena,Domestic Worker,1277,Tier 2 (ID Verified),Male,18-24,84.99943241,TRUE,WhatsApp Bot
val_4847,Ngozi Eze,Online Freelancer (Tech/Design),906,Tier 0 (Unverified),Male,25-34,63.48681578,FALSE,USSD
val_4848,Emeka Obi,On-Demand Handyman,280,Tier 0 (Unverified),Prefer Not to Say,18-24,71.70661141,TRUE,USSD
val_4849,Mpho Sithole,E-commerce Reseller,1367,Tier 0 (Unverified),Male,18-24,71.82029324,FALSE,WhatsApp Bot
val_4850,Bongani Ndlovu,Delivery Rider,893,Tier 0 (Unverified),Prefer Not to Say,18-24,63.582865,FALSE,Mobile App (iOS)
val_4851,Adwoa Acheampong,Market Trader,340,Tier 3 (Address + Income Verified),Male,45-54,85.23280113,FALSE,Web
val_4852,Babatunde Fashola,Logistics Driver (Truck/Van),1262,Tier 2 (ID Verified),Prefer Not to Say,35-44,39.20132507,FALSE,Mobile App (Android)
val_4853,Tunde Adeyemi,Food Delivery Courier,1812,Tier 2 (ID Verified),Non-Binary,35-44,84.9188951,FALSE,USSD
val_4854,Tunde Adeyemi,On-Demand Handyman,986,Tier 2 (ID Verified),Male,45-54,18.34151639,FALSE,Mobile App (iOS)
val_4855,Efua Antwi,E-commerce Reseller,294,Tier 0 (Unverified),Prefer Not to Say,55+,19.99594202,FALSE,Agent
val_4856,Zanele Mokoena,Freelance Creative,565,Tier 0 (Unverified),Female,35-44,71.73432204,TRUE,USSD
val_4857,Akosua Sarpong,Agricultural Day Labourer,1094,Tier 3 (Address + Income Verified),Prefer Not to Say,35-44,75.01298903,FALSE,USSD
val_4858,Brian Otieno,Market Trader,1824,Tier 1 (Phone Verified),Non-Binary,45-54,90.23010749,TRUE,Mobile App (Android)
val_4859,Sipho Dlamini,Freelance Creative,1696,Tier 2 (ID Verified),Female,35-44,27.46829048,FALSE,USSD
val_4860,Tunde Adeyemi,E-commerce Reseller,1704,Tier 3 (Address + Income Verified),Male,35-44,5.606945239,TRUE,WhatsApp Bot
val_4861,Zanele Mokoena,Informal Vendor,1520,Tier 0 (Unverified),Female,25-34,50.74717254,TRUE,WhatsApp Bot
val_4862,Palesa Motsepe,Logistics Driver (Truck/Van),1049,Tier 3 (Address + Income Verified),Male,18-24,87.53404654,TRUE,USSD
val_4863,Kojo Ofori,On-Demand Handyman,1183,Tier 2 (ID Verified),Prefer Not to Say,18-24,97.14658536,FALSE,Mobile App (iOS)
val_4864,Palesa Motsepe,On-Demand Handyman,1340,Tier 1 (Phone Verified),Male,45-54,85.78262952,TRUE,Mobile App (iOS)
val_4865,Abena Boateng,Informal Vendor,1306,Tier 1 (Phone Verified),Male,55+,48.99564497,FALSE,USSD
val_4866,James Kipkoech,Freelance Creative,1166,Tier 0 (Unverified),Male,35-44,86.33822361,TRUE,Agent
val_4867,Samuel Kamau,Food Delivery Courier,245,Tier 0 (Unverified),Prefer Not to Say,18-24,21.39709239,FALSE,WhatsApp Bot
val_4868,Mpho Sithole,E-commerce Reseller,1606,Tier 0 (Unverified),Prefer Not to Say,45-54,92.11696512,FALSE,Agent
val_4869,Efua Antwi,On-Demand Handyman,17,Tier 3 (Address + Income Verified),Non-Binary,55+,56.6845961,TRUE,WhatsApp Bot
val_4870,Fatima Abdullahi,On-Demand Handyman,777,Tier 0 (Unverified),Male,35-44,38.93635858,TRUE,Agent
val_4871,Lerato Molefe,Delivery Rider,792,Tier 1 (Phone Verified),Non-Binary,18-24,58.16411822,TRUE,Agent
val_4872,Tunde Adeyemi,Informal Vendor,1818,Tier 0 (Unverified),Prefer Not to Say,18-24,78.40082099,FALSE,WhatsApp Bot
val_4873,Abena Boateng,Market Trader,163,Tier 1 (Phone Verified),Male,35-44,24.01215128,TRUE,Web
val_4874,Fatima Abdullahi,Online Freelancer (Tech/Design),868,Tier 0 (Unverified),Prefer Not to Say,55+,10.18798028,FALSE,Web
val_4875,Nana Adjei,Agricultural Day Labourer,653,Tier 1 (Phone Verified),Male,18-24,73.31201037,TRUE,Web
val_4876,Kevin Odhiambo,Tutor / Private Instructor,178,Tier 2 (ID Verified),Prefer Not to Say,45-54,95.24689663,TRUE,USSD
val_4877,Mary Wairimu,On-Demand Handyman,408,Tier 3 (Address + Income Verified),Non-Binary,45-54,63.6978092,TRUE,Web
val_4878,Nana Adjei,E-commerce Reseller,770,Tier 1 (Phone Verified),Prefer Not to Say,18-24,14.25834541,FALSE,Web
val_4879,Sipho Dlamini,Delivery Rider,1673,Tier 2 (ID Verified),Female,25-34,64.33853695,TRUE,Mobile App (iOS)
val_4880,Faith Achieng,Market Trader,708,Tier 2 (ID Verified),Prefer Not to Say,18-24,11.66320962,TRUE,Agent
val_4881,Thandeka Mthembu,Logistics Driver (Truck/Van),1606,Tier 3 (Address + Income Verified),Prefer Not to Say,35-44,30.3524753,TRUE,Web
val_4882,Lydia Chebet,Market Trader,1339,Tier 3 (Address + Income Verified),Female,18-24,3.15977012,FALSE,USSD
val_4883,Emeka Obi,Ride-Hailing Driver,1495,Tier 0 (Unverified),Non-Binary,55+,48.75016241,FALSE,Agent
val_4884,Chukwuemeka Okonkwo,Food Delivery Courier,1558,Tier 2 (ID Verified),Female,18-24,32.13541855,TRUE,Web
val_4885,Yusuf Musa,Domestic Worker,1303,Tier 3 (Address + Income Verified),Female,45-54,9.752188985,FALSE,Mobile App (Android)
val_4886,Efua Antwi,On-Demand Handyman,1339,Tier 1 (Phone Verified),Prefer Not to Say,45-54,30.90273023,TRUE,Mobile App (Android)
val_4887,Ama Owusu,Tutor / Private Instructor,281,Tier 2 (ID Verified),Male,18-24,64.75701194,FALSE,USSD
val_4888,Esther Njeri,Tutor / Private Instructor,1309,Tier 1 (Phone Verified),Male,25-34,28.90815555,FALSE,Mobile App (Android)
val_4889,Lydia Chebet,E-commerce Reseller,88,Tier 1 (Phone Verified),Female,45-54,14.30721174,TRUE,Mobile App (iOS)
val_4890,Zanele Mokoena,Domestic Worker,1346,Tier 0 (Unverified),Prefer Not to Say,18-24,54.4797465,FALSE,WhatsApp Bot
val_4891,Kofi Mensah,Logistics Driver (Truck/Van),1193,Tier 0 (Unverified),Male,35-44,75.32272706,TRUE,USSD
val_4892,Tunde Adeyemi,Ride-Hailing Driver,1382,Tier 2 (ID Verified),Female,25-34,83.01413562,FALSE,Agent
val_4893,Aisha Bello,Domestic Worker,1172,Tier 3 (Address + Income Verified),Non-Binary,18-24,47.20971131,TRUE,USSD
val_4894,Lydia Chebet,E-commerce Reseller,673,Tier 2 (ID Verified),Female,35-44,71.10724209,FALSE,Web
val_4895,Kevin Odhiambo,Informal Vendor,674,Tier 0 (Unverified),Non-Binary,35-44,83.33277484,FALSE,Mobile App (iOS)
val_4896,Lungelo Zulu,Logistics Driver (Truck/Van),1088,Tier 0 (Unverified),Non-Binary,25-34,67.28892306,FALSE,Mobile App (iOS)
val_4897,Abena Boateng,On-Demand Handyman,863,Tier 2 (ID Verified),Prefer Not to Say,55+,52.72714051,TRUE,WhatsApp Bot
val_4898,Sipho Dlamini,On-Demand Handyman,621,Tier 0 (Unverified),Prefer Not to Say,18-24,5.993936714,FALSE,Web
val_4899,Abena Boateng,Agricultural Day Labourer,893,Tier 2 (ID Verified),Female,35-44,29.00343746,FALSE,USSD
val_4900,Esther Njeri,Domestic Worker,979,Tier 3 (Address + Income Verified),Female,18-24,31.98151574,FALSE,Mobile App (Android)
val_4901,Nana Adjei,Food Delivery Courier,438,Tier 0 (Unverified),Female,45-54,39.50112509,TRUE,Mobile App (Android)
val_4902,Yaw Darko,Freelance Creative,1165,Tier 2 (ID Verified),Female,35-44,95.08927033,TRUE,Agent
val_4903,Kojo Ofori,Informal Vendor,573,Tier 3 (Address + Income Verified),Prefer Not to Say,45-54,20.88753424,TRUE,Web
val_4904,Fatima Abdullahi,On-Demand Handyman,488,Tier 1 (Phone Verified),Non-Binary,18-24,54.1554911,TRUE,Agent
val_4905,Akosua Sarpong,Food Delivery Courier,763,Tier 3 (Address + Income Verified),Non-Binary,35-44,99.12181067,TRUE,Mobile App (iOS)
val_4906,Grace Wanjiku,Online Freelancer (Tech/Design),188,Tier 3 (Address + Income Verified),Female,18-24,61.87945608,TRUE,Web
val_4907,Nomvula Khumalo,Tutor / Private Instructor,1101,Tier 1 (Phone Verified),Non-Binary,25-34,20.89107237,TRUE,Web
val_4908,Nomvula Khumalo,On-Demand Handyman,1339,Tier 1 (Phone Verified),Non-Binary,55+,96.01909318,FALSE,USSD
val_4909,Yaw Darko,Food Delivery Courier,1745,Tier 2 (ID Verified),Non-Binary,45-54,33.62926691,TRUE,Agent
val_4910,Bongani Ndlovu,Tutor / Private Instructor,517,Tier 2 (ID Verified),Prefer Not to Say,18-24,4.78707096,TRUE,Web
val_4911,Ama Owusu,Food Delivery Courier,983,Tier 1 (Phone Verified),Prefer Not to Say,25-34,43.13617675,FALSE,Agent
val_4912,Aisha Bello,Mobile Money Agent,919,Tier 0 (Unverified),Male,55+,24.06556962,TRUE,Mobile App (Android)
val_4913,Yaw Darko,Logistics Driver (Truck/Van),1335,Tier 2 (ID Verified),Male,18-24,81.88637731,TRUE,USSD
val_4914,Nomvula Khumalo,E-commerce Reseller,1140,Tier 0 (Unverified),Prefer Not to Say,45-54,21.99558342,FALSE,Mobile App (Android)
val_4915,Babatunde Fashola,Food Delivery Courier,1473,Tier 0 (Unverified),Female,25-34,81.98540222,TRUE,Mobile App (iOS)
val_4916,Babatunde Fashola,Motorcycle Taxi Rider (Boda-Boda/Okada),1553,Tier 0 (Unverified),Female,35-44,3.617101653,TRUE,WhatsApp Bot
val_4917,Brian Otieno,Market Trader,207,Tier 1 (Phone Verified),Prefer Not to Say,55+,92.91573179,TRUE,Agent
val_4918,Zanele Mokoena,Agricultural Day Labourer,648,Tier 0 (Unverified),Non-Binary,45-54,4.219352679,TRUE,WhatsApp Bot
val_4919,Ama Owusu,Agricultural Day Labourer,1192,Tier 1 (Phone Verified),Male,25-34,93.8539844,FALSE,USSD
val_4920,Thandeka Mthembu,Food Delivery Courier,992,Tier 0 (Unverified),Male,18-24,7.369127583,FALSE,Web
val_4921,Lungelo Zulu,Delivery Rider,880,Tier 1 (Phone Verified),Prefer Not to Say,25-34,87.25836026,FALSE,Mobile App (Android)
val_4922,Kofi Mensah,Agricultural Day Labourer,316,Tier 3 (Address + Income Verified),Prefer Not to Say,35-44,83.13320376,FALSE,Agent
val_4923,Efua Antwi,Delivery Rider,1045,Tier 1 (Phone Verified),Female,18-24,59.44238376,FALSE,Mobile App (iOS)
val_4924,Esther Njeri,Ride-Hailing Driver,1352,Tier 2 (ID Verified),Prefer Not to Say,55+,3.598608407,FALSE,WhatsApp Bot
val_4925,Ngozi Eze,E-commerce Reseller,70,Tier 0 (Unverified),Male,18-24,62.11428068,FALSE,Web
val_4926,Faith Achieng,Domestic Worker,1080,Tier 0 (Unverified),Prefer Not to Say,35-44,61.78464208,TRUE,Mobile App (iOS)
val_4927,Abena Boateng,Food Delivery Courier,1654,Tier 3 (Address + Income Verified),Male,55+,55.7197475,FALSE,Agent
val_4928,Fatima Abdullahi,Food Delivery Courier,1047,Tier 2 (ID Verified),Non-Binary,25-34,63.15255714,FALSE,Web
val_4929,Yusuf Musa,Food Delivery Courier,1739,Tier 0 (Unverified),Prefer Not to Say,35-44,96.81074032,TRUE,Web
val_4930,Chukwuemeka Okonkwo,Market Trader,643,Tier 2 (ID Verified),Non-Binary,18-24,99.55072477,TRUE,Agent
val_4931,Adwoa Acheampong,Ride-Hailing Driver,6,Tier 0 (Unverified),Prefer Not to Say,45-54,52.04958066,FALSE,Web
val_4932,Palesa Motsepe,Ride-Hailing Driver,1245,Tier 0 (Unverified),Female,55+,9.180062429,TRUE,Web
val_4933,Zanele Mokoena,Market Trader,388,Tier 1 (Phone Verified),Female,45-54,13.39690436,FALSE,USSD
val_4934,Faith Achieng,Ride-Hailing Driver,17,Tier 2 (ID Verified),Female,18-24,72.03508793,FALSE,Mobile App (iOS)
val_4935,Abena Boateng,Freelance Creative,329,Tier 2 (ID Verified),Male,25-34,98.19635872,TRUE,WhatsApp Bot
val_4936,Lerato Molefe,Domestic Worker,1705,Tier 3 (Address + Income Verified),Female,45-54,43.60552237,FALSE,Mobile App (Android)
val_4937,Abena Boateng,Ride-Hailing Driver,1426,Tier 0 (Unverified),Male,45-54,9.803874591,TRUE,Web
val_4938,Grace Wanjiku,On-Demand Handyman,502,Tier 0 (Unverified),Prefer Not to Say,35-44,35.30445525,TRUE,Agent
val_4939,Esther Njeri,On-Demand Handyman,1092,Tier 2 (ID Verified),Male,55+,38.50102771,FALSE,Mobile App (Android)
val_4940,Adwoa Acheampong,Domestic Worker,619,Tier 3 (Address + Income Verified),Male,25-34,99.65953339,FALSE,Mobile App (iOS)
val_4941,Mary Wairimu,On-Demand Handyman,323,Tier 2 (ID Verified),Non-Binary,45-54,68.65833533,TRUE,Mobile App (iOS)
val_4942,Zanele Mokoena,Logistics Driver (Truck/Van),1804,Tier 2 (ID Verified),Non-Binary,35-44,11.78660861,TRUE,USSD
val_4943,Lungelo Zulu,Motorcycle Taxi Rider (Boda-Boda/Okada),1486,Tier 0 (Unverified),Male,45-54,33.70767169,TRUE,Mobile App (Android)
val_4944,Aisha Bello,Delivery Rider,663,Tier 3 (Address + Income Verified),Non-Binary,35-44,4.85587125,FALSE,Web
val_4945,Kojo Ofori,Freelance Creative,645,Tier 3 (Address + Income Verified),Male,35-44,65.30605081,TRUE,WhatsApp Bot
val_4946,David Mwangi,Agricultural Day Labourer,1489,Tier 2 (ID Verified),Prefer Not to Say,55+,67.27392689,TRUE,WhatsApp Bot
val_4947,Kwame Asante,Online Freelancer (Tech/Design),841,Tier 1 (Phone Verified),Male,55+,5.749674507,TRUE,Mobile App (iOS)
val_4948,Brian Otieno,Online Freelancer (Tech/Design),688,Tier 2 (ID Verified),Non-Binary,55+,33.55199413,FALSE,Web
val_4949,David Mwangi,Domestic Worker,707,Tier 2 (ID Verified),Non-Binary,18-24,90.28383669,FALSE,Mobile App (iOS)
val_4950,Esther Njeri,Mobile Money Agent,815,Tier 3 (Address + Income Verified),Female,35-44,82.68160301,FALSE,Web
val_4951,Tunde Adeyemi,Mobile Money Agent,952,Tier 0 (Unverified),Non-Binary,45-54,57.42125698,TRUE,WhatsApp Bot
val_4952,Nomvula Khumalo,Ride-Hailing Driver,73,Tier 2 (ID Verified),Female,55+,48.46233605,FALSE,Mobile App (iOS)
val_4953,Amara Nwosu,Mobile Money Agent,876,Tier 2 (ID Verified),Non-Binary,25-34,99.28519121,FALSE,Agent
val_4954,Faith Achieng,E-commerce Reseller,803,Tier 1 (Phone Verified),Male,45-54,72.21955595,FALSE,WhatsApp Bot
val_4955,Fatima Abdullahi,Food Delivery Courier,501,Tier 3 (Address + Income Verified),Non-Binary,35-44,95.26352112,TRUE,USSD
val_4956,Emeka Obi,Informal Vendor,648,Tier 0 (Unverified),Prefer Not to Say,25-34,7.158521435,FALSE,Mobile App (Android)
val_4957,David Mwangi,Logistics Driver (Truck/Van),775,Tier 0 (Unverified),Prefer Not to Say,55+,21.21511564,TRUE,Agent
val_4958,Mpho Sithole,Freelance Creative,668,Tier 3 (Address + Income Verified),Female,35-44,3.111103574,FALSE,Mobile App (Android)
val_4959,Bongani Ndlovu,Online Freelancer (Tech/Design),1658,Tier 0 (Unverified),Female,45-54,86.79176147,TRUE,Web
val_4960,Faith Achieng,Motorcycle Taxi Rider (Boda-Boda/Okada),965,Tier 1 (Phone Verified),Female,25-34,69.42314412,FALSE,Mobile App (Android)
val_4961,Kwame Asante,Online Freelancer (Tech/Design),918,Tier 1 (Phone Verified),Prefer Not to Say,18-24,17.76516528,FALSE,Mobile App (iOS)
val_4962,Thandeka Mthembu,Informal Vendor,480,Tier 2 (ID Verified),Prefer Not to Say,35-44,97.41906074,TRUE,Web
val_4963,Chidinma Okeke,Food Delivery Courier,1673,Tier 0 (Unverified),Non-Binary,45-54,95.57972226,TRUE,Agent
val_4964,Bongani Ndlovu,On-Demand Handyman,42,Tier 1 (Phone Verified),Prefer Not to Say,25-34,22.45978049,FALSE,Web
val_4965,Babatunde Fashola,Freelance Creative,1004,Tier 3 (Address + Income Verified),Male,55+,64.7009753,FALSE,Agent
val_4966,Chidinma Okeke,Informal Vendor,308,Tier 1 (Phone Verified),Prefer Not to Say,45-54,66.81029167,TRUE,Agent
val_4967,Esther Njeri,Delivery Rider,1403,Tier 2 (ID Verified),Prefer Not to Say,45-54,0.401675502,FALSE,Agent
val_4968,Aisha Bello,Food Delivery Courier,690,Tier 3 (Address + Income Verified),Non-Binary,55+,68.87797923,FALSE,Web
val_4969,Thabo Nkosi,Freelance Creative,536,Tier 2 (ID Verified),Non-Binary,55+,22.13401948,FALSE,WhatsApp Bot
val_4970,Lungelo Zulu,Delivery Rider,105,Tier 3 (Address + Income Verified),Prefer Not to Say,45-54,90.13187506,FALSE,USSD
val_4971,Faith Achieng,Freelance Creative,1443,Tier 3 (Address + Income Verified),Non-Binary,55+,83.85071326,TRUE,Agent
val_4972,Zanele Mokoena,On-Demand Handyman,723,Tier 2 (ID Verified),Prefer Not to Say,45-54,90.52935847,FALSE,Web
val_4973,Sipho Dlamini,On-Demand Handyman,482,Tier 3 (Address + Income Verified),Male,55+,75.75539623,TRUE,Agent
val_4974,Thabo Nkosi,Domestic Worker,1541,Tier 2 (ID Verified),Non-Binary,18-24,16.49054385,FALSE,Mobile App (iOS)
val_4975,Thabo Nkosi,Delivery Rider,35,Tier 3 (Address + Income Verified),Female,25-34,36.0554313,FALSE,Web
val_4976,Kofi Mensah,Food Delivery Courier,856,Tier 2 (ID Verified),Prefer Not to Say,55+,70.89314736,FALSE,Mobile App (iOS)
val_4977,Babatunde Fashola,Online Freelancer (Tech/Design),293,Tier 1 (Phone Verified),Prefer Not to Say,35-44,32.33250433,FALSE,USSD
val_4978,Mpho Sithole,Food Delivery Courier,231,Tier 2 (ID Verified),Prefer Not to Say,18-24,71.00329336,TRUE,Mobile App (Android)
val_4979,Yaw Darko,Motorcycle Taxi Rider (Boda-Boda/Okada),39,Tier 1 (Phone Verified),Male,55+,33.6158725,FALSE,USSD
val_4980,Mpho Sithole,Mobile Money Agent,341,Tier 1 (Phone Verified),Female,45-54,17.77294544,TRUE,Web
val_4981,Lerato Molefe,Ride-Hailing Driver,1729,Tier 1 (Phone Verified),Male,55+,51.81638184,FALSE,WhatsApp Bot
val_4982,Fatima Abdullahi,Market Trader,813,Tier 1 (Phone Verified),Prefer Not to Say,18-24,68.62277595,FALSE,Mobile App (iOS)
val_4983,Kevin Odhiambo,Logistics Driver (Truck/Van),1825,Tier 1 (Phone Verified),Female,18-24,51.71956873,TRUE,Web
val_4984,Fatima Abdullahi,Freelance Creative,488,Tier 2 (ID Verified),Non-Binary,35-44,64.18672983,FALSE,WhatsApp Bot
val_4985,Tunde Adeyemi,Agricultural Day Labourer,1391,Tier 1 (Phone Verified),Female,18-24,43.80510181,FALSE,Mobile App (iOS)
val_4986,Lerato Molefe,E-commerce Reseller,163,Tier 1 (Phone Verified),Prefer Not to Say,35-44,77.8331329,FALSE,WhatsApp Bot
val_4987,Mpho Sithole,Market Trader,197,Tier 0 (Unverified),Prefer Not to Say,25-34,64.99664226,FALSE,USSD
val_4988,Bongani Ndlovu,On-Demand Handyman,29,Tier 1 (Phone Verified),Prefer Not to Say,25-34,57.46066341,TRUE,Web
val_4989,Palesa Motsepe,Domestic Worker,1641,Tier 1 (Phone Verified),Non-Binary,45-54,43.53717155,FALSE,USSD
val_4990,Akosua Sarpong,Freelance Creative,1226,Tier 3 (Address + Income Verified),Male,18-24,53.57275561,FALSE,Web
val_4991,Kwame Asante,Food Delivery Courier,1358,Tier 1 (Phone Verified),Prefer Not to Say,55+,5.100972169,FALSE,USSD
val_4992,Thandeka Mthembu,Online Freelancer (Tech/Design),1693,Tier 0 (Unverified),Male,18-24,66.67196767,TRUE,Web
val_4993,Kofi Mensah,Delivery Rider,606,Tier 1 (Phone Verified),Female,35-44,20.44117293,TRUE,Mobile App (iOS)
val_4994,Akosua Sarpong,Tutor / Private Instructor,1319,Tier 2 (ID Verified),Female,55+,86.01489604,FALSE,Mobile App (Android)
val_4995,Yusuf Musa,E-commerce Reseller,917,Tier 0 (Unverified),Female,18-24,81.23437682,FALSE,Agent
val_4996,Adwoa Acheampong,Tutor / Private Instructor,990,Tier 0 (Unverified),Prefer Not to Say,55+,52.79546662,FALSE,WhatsApp Bot
val_4997,Thabo Nkosi,Market Trader,1208,Tier 1 (Phone Verified),Male,25-34,84.71310683,FALSE,USSD
val_4998,Efua Antwi,Domestic Worker,858,Tier 1 (Phone Verified),Non-Binary,45-54,67.08032438,FALSE,Mobile App (Android)
val_4999,Lydia Chebet,On-Demand Handyman,43,Tier 1 (Phone Verified),Male,55+,14.12600449,TRUE,Agent
